review_id,review_text,rating,date,restaurant,category,delivery_time,order_value
R01030,Rainy evening order. Ugh. My promo code didn't work even though it was valid. Expected better.,3,2025-07-31,Slice Republic,Pizza,58,109.6
R01002,"Got the burger and a drink. Great flavour, generous portions. But received the wrong burger, not what I ordered.",2,2025-07-25,Burger Barn,Burgers,21,70.16
R00786,Ordered latte for two. Second time this happened. Courier called me five times and then got angry.,3,2025-06-14,Morning Brew Café,Breakfast & Coffee,19,102.17
R00412,"Best nachos I've had in a while. Good packaging, food stayed warm. Will order again!",5,2025-03-26,Taco Fiesta,Mexican,20,58.45
R01106,"Very disappointed. Delivery took 72 minutes, way longer than promised.",2,2025-08-17,Slice Republic,Pizza,72,79.17
R00613,"Support sorted out my issue quickly. Delivery was fast, arrived in 22 minutes. Will order again!",5,2025-05-08,Golden Wok,Chinese,22,77.81
R00611,Late night order. Very disappointed. The discount wasn't applied and support couldn't fix it.,1,2025-05-08,Slice Republic,Pizza,28,106.05
R02269,Rainy evening order. Arrived earlier than expected. Thanks!,4,2026-02-23,Sweet Spot Desserts,Desserts,18,12.76
R00135,Everything was packed neatly and nothing spilled. Thanks!,5,2025-01-30,Shawarma Corner,Middle Eastern,31,25.9
R01843,Ordering through the app was easy. But the driver showed up almost an hour late.,3,2025-12-21,Spice Route,Indian,69,47.91
R01867,"Terrible experience. Waited over 49 minutes for my food, the ETA kept changing. The discount wasn't applied and support couldn't fix it. Expected better.",1,2025-12-24,Burger Barn,Burgers,49,27.99
R01375,The shawarma wrap was okay. Arrived in about 25 minutes.,2,2025-10-03,Shawarma Corner,Middle Eastern,25,58.88
R00369,Ugh. Support just sent a copy-paste message and closed the ticket. Expected better.,2,2025-03-16 23:08:00,Morning Brew Café,Breakfast & Coffee,22,43.35
R02003,Amazing!,4,2026-01-11,Morning Brew Café,Breakfast & Coffee,36,31.6
R01458,Amazing!,5,2025-10-21,Burger Barn,Burgers,47,54.82
R01162,The noodles was hot and perfectly cooked. The driver was friendly and quick. Thanks!,4,2025-08-28,Golden Wok,Chinese,51,84.9
R01424,Late night order. The hot and sour soup was delicious. Highly recommend.,5,2025-10-11,Golden Wok,Chinese,43,112.98
R02237,Ordered to the office today. Terrible experience. The service fee is ridiculous now.,3,2026-02-17 14:35:00,Sakura Sushi House,Sushi,52,202.89
R00472,First time trying Golden Wok. Tracking was accurate the whole way. Highly recommend.,5,2025-04-06,Golden Wok,Chinese,,SAR 58.22
R00757,"  Good packaging, food stayed warm.<br>  Thanks!  ",5,2025-06-08,Green Bowl,Healthy,37,72.26
R02633,love it,5,2026-04-18,Golden Wok,Chinese,36,108.45
R02692,N/A,2,2026-04-27,Spice Route,Indian,27,
R00486,Support sorted out my issue quickly. Highly recommend.,4,2025-04-09,Cedar Grill,Middle Eastern,33,48.23
R00388,"Second order this week. Delivery was fast, arrived in 21 minutes.",4,2025-03-21,Morning Brew Café,Breakfast & Coffee,21,44.19
R01747,"Got the carbonara and a drink. Great flavour, generous portions.",5,2025-12-08,Pasta Piazza,Italian,37,88.5
R00140,"Great flavour, generous portions. However, prices went up again, 81 for a small meal is too much.",4,2025-01-31,Green Bowl,Healthy,999,81.09
R00791,Late night order. The carbonara was okay. Arrived in about 40 minutes.,2,2025-06-15,Pasta Piazza,Italian,40,
R02930,First time trying Cedar Grill. The kebab plate was delicious. The only problem: courier called me five times and then got angry.,2,2026-06-04,Cedar Grill,Middle Eastern,47,116.58
R01264,Second time this happened. Customer support never replied to my complaint. Expected better.,2,2025-09-14,Golden Wok,Chinese,51,68.99
R00332,Terrible experience. Everything was lukewarm at best. My order never arrived and nobody could tell me where it was.,1,2025-03-10,Green Bowl,Healthy,26,138.2
R00806,Best biryani I've had in a while. Will order again!,4,2025-06-18,Spice Route,Indian,44,62.45
R01576,   ,3,2025-11-10,Spice Route,Indian,42,140.9
R00512,Ugh. It said 25 minutes and it took 90. Please fix this.,2,2025-04-15,Burger Barn,Burgers,90,47.56
R00325,the burrito was delicious. thanks!,4,"March 09, 2025",Taco Fiesta,Mexican,23,36.93
R02700,The brownie was hot and perfectly cooked. But my order arrived 46 minutes later than the estimate.,,2026-04-29,Sweet Spot Desserts,Desserts,,27.62
R01023,"Ordered the fries for dinner. Honestly the fries was not good, way too salty. Won't order again.",3,2025-07-30,Shawarma Corner,Middle Eastern,18,45.64
R00219,Everything was packed neatly and nothing spilled. The chicken plate was delicious.,5,2025-02-17,Shawarma Corner,Middle Eastern,33,54.99
R00195,"  Mixed feelings, the brownie was good but the sides were meh.  ",3,2025-02-12 18:13:00,Sweet Spot Desserts,Desserts,24,22.54
R01780,Late night order. Best sushi platter I've had in a while. Will order again!,4,2025-12-11,sakura sushi house,Sushi,36,249.55
R01768,first time trying slice republic. the pizza was hot and perfectly cooked. good value for money.,5,2025-12-10,SLICE REPUBLIC,Pizza,33,55.88
R02293,"Delivery was fast, arrived in 17 minutes. Thanks!",4,2026-02-26,Morning Brew Café,Breakfast & Coffee,17,26.2
R03064,Not happy with this order. Delivery was really slow again tonight. Everything was lukewarm at best. Please fix this.,2,2026-06-26 23:29:00,Sweet Spot Desserts,Desserts,79,32.26
R01690,best croissant i've had in a while. thanks!,5,2025-12-01,Morning Brew Café,Breakfast & Coffee,27,34.37
R02885,"Received the wrong wings, not what I ordered. Really frustrating.",3,2026-05-28 11:20:00,Slice Republic,Pizza,36,62.72
R00300,The nachos was hot and perfectly cooked. Will order again!,4,"March 03, 2025",Taco Fiesta,Mexican,36,46.3
R02841,Ordered for the family on the weekend. Good value for money. Thanks!,4,2026-05-20,Cedar Grill,Middle Eastern,29,106.82
R02770,Second order this week. Second time this happened. Packaging was flimsy and the tacos got squashed. Please fix this.,3,2026-05-10,Taco Fiesta,Mexican,45,49.71
R02716,"fine for a quick meal, the dumplings was average.",3,2026-05-01,Golden Wok,Chinese,39,52.24
R00677,"Ordered for the family on the weekend. Great flavour, generous portions. The only problem: delivery was really slow again tonight.",3,2025-05-20,Slice Republic,Pizza,88,52.53
R02894,Ordered to the office today. Not happy with this order. Everything was lukewarm at best. Won't order again.,3,2026-05-29,Taco Fiesta,Mexican,23,56.16
R01129,"Rainy evening order. Terrible experience. Received the wrong falafel, not what I ordered. Won't order again.",2,2025-08-21,Cedar Grill,Middle Eastern,33,70.95
R02939,"  Sauce spilled everywhere, the box was a mess.<br>  Honestly the cheesecake was not good, way too salty.<br>  Expected better.  ",1,2026-06-05,Sweet Spot Desserts,Desserts,30,29.09
R02688,Ordered ramen for two. Ugh. Delivery fee plus service fee doubled the price of my order.,2,2026-04-26,Sakura Sushi House,Sushi,57,82.84
R02863,"Late night order. The fried rice was hot and perfectly cooked. However, prices went up again, 101 for a small meal is too much.",4,"May 25, 2026",Golden Wok,Chinese,45 min,101.24
R01558,Ordering through the app was easy.,4,2025-11-08,Taco Fiesta,Mexican,31,34.92
R01994,Ordered to the office today. Terrible experience. Didn't enjoy the food at all this time.,1,2026-01-10,Spice Route,Indian,45,68.25
R00812,"Very disappointed. Delivery took 78 minutes, way longer than promised. Sauce spilled everywhere, the box was a mess. Really frustrating.",2,2025-06-19,Spice Route,Indian,78,141.16
R00424,"ordered the hummus for dinner. good packaging, food stayed warm. unfortunately the courier was rude when he handed over the bag.",3,2025-03-29,Cedar Grill,Middle Eastern,33,53.89
R02962,Second order this week. Arrived earlier than expected.,5,2026-06-08,Cedar Grill,Middle Eastern,35,67.82
R00602,"sauce spilled everywhere, the box was a mess. expected better.",2,2025-05-06,Golden Wok,Chinese,39,65.17
R00018,"Ordered for the family on the weekend. Great deal with the promo. However, the app logged me out in the middle of ordering.",4,05 Jan 2025,Green Bowl,Healthy,40,71.68
R02934,"Great flavour, generous portions. The only problem: it said 25 minutes and it took 62.",3,2026-06-04,Morning Brew Café,Breakfast & Coffee,62,19.28
R01284,Ordered to the office today. The fries was hot and perfectly cooked.,5,2025-09-17,Shawarma Corner,Middle Eastern,26,21.27
R02310,"Delivery was fast, arrived in 42 minutes. Support sorted out my issue quickly. Will order again!",4,01 Mar 2026,Golden Wok,Chinese,42,49.24
R00103,The driver was friendly and quick. Thanks!,4,25 Jan 2025,Morning Brew Café,Breakfast & Coffee,18,42.38
R01197,"Support sorted out my issue quickly. However, delivery was really slow again tonight.",-1,2025-09-03,Burger Barn,Burgers,79,38.41
R02469,The shawarma wrap was hot and perfectly cooked. Highly recommend.,5,2026-03-25,Shawarma Corner,Middle Eastern,32,30.17
R02877,Second time this happened. I got someone else's order instead of mine. New fees appeared at checkout that weren't shown before. Expected better.,1,2026-05-27,Taco Fiesta,Mexican,46,41.23
R03024,"Ugh. Half of my order was not in the bag, missing the fries. Delivery was really slow again tonight. Please fix this.",3,2026-06-19,Burger Barn,Burgers,71,75.0
R00612,Food was fresh and really tasty. Unfortunately my order arrived 47 minutes later than the estimate.,2,2025-05-08,Burger Barn,Burgers,81,45.61
R01753,"Delivery was fast, arrived in 22 minutes. Highly recommend.",5,2025-12-09,Golden Wok,Chinese,22,107.9
R01872,"Nothing wrong with it, nothing exciting either.",3,2025-12-24 22:14:00,Burger Barn,Burgers,32,39.92
R02981,Food was fresh and really tasty. Thanks!,5,2026-06-12 19:27:00,Slice Republic,Pizza,39,47.99
R00479,Ordered to the office today. Ugh. Still waiting for my refund after two weeks. Please fix this.,1,2025-04-07,Golden Wok,Chinese,65,108.25
R02916,The fried rice was delicious. The only problem: ordered three items and only got two.,4,2026-06-03,Golden Wok,Chinese,54,74.04
R00310,"Great flavour, generous portions. Thanks!",4,2025-03-06,Burger Barn,Burgers,27,61.2
R01193,"Not happy with this order. Quality has gone down, the sushi platter tasted cheap. Fries were cold and soggy. Won't order again.",2,2025-09-02,Sakura Sushi House,Sushi,54,120.27
R01341,"Great flavour, generous portions. Thanks!",5,2025-09-27,Sakura Sushi House,Sushi,,128.2
R02576,Good value for money. The dumplings was delicious.,5,"April 10, 2026",Golden Wok,Chinese,30,40.01
R02249,"Great flavour, generous portions. Thanks!",5,2026-02-19 10:28:00,Taco Fiesta,Mexican,25,78.33
R02483,The driver was friendly and quick. Thanks!,4,2026-03-27,Morning Brew Café,Breakfast & Coffee,21,36.94
R00241,The driver showed up almost an hour late.,2,2025-02-20,Shawarma Corner,Middle Eastern,67,
R01886,Good value for money. Will order again!,4,2025-12-26,Sweet Spot Desserts,Desserts,42,19.6
R02994,The driver was friendly and quick. Best shawarma wrap I've had in a while. Thanks!,4,2026-06-15 11:02:00,Shawarma Corner,Middle Eastern,32,55.79
R00290,Everything was packed neatly and nothing spilled.,5,2025-03-01 18:06:00,Sakura Sushi House,Sushi,41,87.3
R00333,very disappointed. the soup leaked all over the bag.,3,2025-03-10,Green Bowl,Healthy,24,75.87
R02407,Second order this week. Tracking was accurate the whole way. Highly recommend.,5,"March 15, 2026",Slice Republic,Pizza,33,131.52
R02051,"Second order this week. Delivery was fast, arrived in 16 minutes. Everything was packed neatly and nothing spilled. Highly recommend.",4,2026-01-20,Green Bowl,Healthy,16,81.26
R00913,arrived earlier than expected. will order again!,5,2025-07-06,Spice Route,Indian,26,85.28
R00179,Ordered to the office today. Arrived earlier than expected.,5,2025-02-09,Burger Barn,Burgers,28,27.24
R02693,The driver was friendly and quick. Highly recommend.,5,2026-04-28,Cedar Grill,Middle Eastern,30,64.26
R02374,Got the ramen and a drink. Food was fresh and really tasty.,4,2026-03-09,Sakura Sushi House,Sushi,27,127.42
R00257,Got the sushi platter and a drink. Arrived earlier than expected. The sushi platter was hot and perfectly cooked. Thanks!,4,2025-02-23,  Sakura Sushi House ,Sushi,28,106.45
R00299,"Ordered wings for two. Not happy with this order. Half of my order was not in the bag, missing the wings. The wings was bland and tasted nothing like before. Expected better.",2,2025-03-03 19:01:00,Slice Republic,Pizza,48,163.42
R01242,"got the gyoza and a drink. ugh. prices went up again, 239 for a small meal is too much. the app logged me out in the middle of ordering. please fix this.",1,2025-09-10,Sakura Sushi House,Sushi,46,239.29
R03046,Love it,5,2026-06-22 17:30:00,Pasta Piazza,Italian,32,92.85
R00045,Lunch order from Burger Barn. The milkshake was hot and perfectly cooked. Tracking was accurate the whole way. Thanks!,5,2025-01-11,Burger Barn,Burgers,40,62.8
R02438,Not happy with this order. Drink was spilled and soaked the fries. Expected better.,3,2026-03-20,Shawarma Corner,Middle Eastern,39,28.31
R01602,gyoza was as expected. Delivery took 32 minutes.,3,2025-11-15,Sakura Sushi House,Sushi,32,156.73
R03037,Got the croissant and a drink. The driver was friendly and quick. Support sorted out my issue quickly. Will order again!,5,2026-06-20,Morning Brew Café,Breakfast & Coffee,16,64.84
R02720,Tracking was accurate the whole way. Thanks!,4,2026-05-01,Cedar Grill,Middle Eastern,,124.7
R00193,10/10 would order again,5,"February 12, 2025",Burger Barn,Burgers,25,26.95
R02031,Ordered carbonara for two. Food was fresh and really tasty. Thanks!,5,2026-01-17,Pasta Piazza,Italian,31,76.25
R02851,"Ordered for the family on the weekend. Honestly the hot and sour soup was not good, way too salty. Drink was spilled and soaked the hot and sour soup. Really frustrating.",2,2026-05-22,Golden Wok,Chinese,28,29.33
R02406,Rainy evening order. Decent nachos but I've had better.,2,2026-03-15,Taco Fiesta,Mexican,36,36.57
R00533,"Late night order. Ordering through the app was easy. Delivery was fast, arrived in 27 minutes.",5,2025-04-18,Pasta Piazza,Italian,27,48.55
R00681,"Ordered to the office today. Fine for a quick meal, the tacos was average.",3,2025-05-21,Taco Fiesta,Mexican,30,54.23
R01573,Support sorted out my issue quickly. Great deal with the promo.,4,2025-11-09,Taco Fiesta,Mexican,36,120.19
R00880,"Ordered brownie for two. Delivery was fast, arrived in 24 minutes. Food was fresh and really tasty. Will order again!",5,2025-07-01,Sweet Spot Desserts,Desserts,24,27.1
R01069,Terrible experience. Packaging was flimsy and the pizza got squashed. Really frustrating.,2,2025-08-10,Slice Republic,Pizza,,76.28
R00204,First time trying Burger Barn. Best burger I've had in a while. Highly recommend.,4,2025-02-14,Burger Barn,Burgers,33,62.31
R00292,Best wings I've had in a while. But the wings was cold when it arrived.,3,2025-03-01,Slice Republic,Pizza,,103.94
R01007,Lunch order from Sweet Spot Desserts. Very disappointed. The driver showed up almost an hour late.,3,"July 26, 2025",Sweet Spot Desserts,Desserts,71,50.11
R02460,"Ordered for the family on the weekend. Food was fresh and really tasty. However, the soup leaked all over the bag.",4,"March 23, 2026",Spice Route,Indian,36,60.77
R00230,"Late night order. Delivery was fast, arrived in 57 minutes. Unfortunately waited over 57 minutes for my food, the ETA kept changing.",three,2025-02-19,Burger Barn,Burgers,57,93.12
R00323,The wrap was hot and perfectly cooked. Will order again!,2,2025-03-09,Green Bowl,Healthy,41,79.72
R01114,Love it,5,2025-08-18 19:57:00,Spice Route,Indian,44,79.53
R02645,Ordered for the family on the weekend. Second time this happened. Drink was spilled and soaked the milkshake. It said 25 minutes and it took 91. Please fix this.,3,19 Apr 2026,Burger Barn,Burgers,91,
R01308,Arrived earlier than expected. Thanks!,5,2025-09-21,Taco Fiesta,Mexican,34,31.27
R00434,Second time this happened. It said 25 minutes and it took 96. Please fix this.,3,2025-03-31,Slice Republic,Pizza,96,79.58
R01452,Food was fine. Delivery was a bit slow but acceptable.,3,2025-10-19,Shawarma Corner,Middle Eastern,27,42.28
R00599,"First time trying Morning Brew Café. Delivery was fast, arrived in 24 minutes. Thanks!",5,2025-05-05,Morning Brew Café,Breakfast & Coffee,24,29.32
R01499,Not happy with this order. Support just sent a copy-paste message and closed the ticket. Packaging was flimsy and the lasagna got squashed. Won't order again.,2,2025-10-29,Pasta Piazza,Italian,56,66.32
R02072,very disappointed. ordered three items and only got two. new fees appeared at checkout that weren't shown before.,3,2026-01-22,Sakura Sushi House,Sushi,27,177.03
R02382,"First time trying Burger Barn. Ugh. Waited over 80 minutes for my food, the ETA kept changing. Really frustrating.",2,2026-03-11,Burger Barn,Burgers,80,90.45
R00692,"good packaging, food stayed warm. will order again!",5,2025-05-23,Green Bowl,Healthy,46 min,46.38
R01704,Not happy with this order. Packaging was flimsy and the burger got squashed. The delivery guy didn't follow the drop-off instructions at all. Expected better.,5,2025-12-04,Burger Barn,Burgers,32,37.08
R02726,"Late night order. Very disappointed. Prices went up again, 70 for a small meal is too much. Won't order again.",3,2026-05-03,Shawarma Corner,Middle Eastern,35,69.9
R00643,"Great flavour, generous portions. Thanks!",4,2025-05-13,Slice Republic,Pizza,33,53.98
R02223,First time trying Shawarma Corner. The chicken plate was hot and perfectly cooked. Thanks!,4,2026-02-15,Shawarma Corner,Middle Eastern,19,50.03
R02531,Best cheesecake I've had in a while. Thanks!,4.0,2026-04-03,Sweet Spot Desserts,Desserts,31,49.9
R01656,Support sorted out my issue quickly. Thanks!,5,2025-11-25,Cedar Grill,Middle Eastern,34,81.32
R02044,Ordering through the app was easy. Support sorted out my issue quickly. Highly recommend.,5,2026-01-19,Taco Fiesta,Mexican,25,47.96
R01109,Great deal with the promo. Support sorted out my issue quickly. Will order again!,0,2025-08-18,Spice Route,Indian,35,61.56
R00777,Perfect as always,4,2025-06-12,Shawarma Corner,Middle Eastern,22,40.33
R00938,Great deal with the promo. Thanks!,5,2025-07-11,Green Bowl,Healthy,28,50.62
R01922,Perfect as always,5,2025-12-31,Spice Route,Indian,42,87.92
R02180,"Late night order. Great flavour, generous portions. Will order again!",5,2026-02-10,Sweet Spot Desserts,Desserts,40,38.16
R01981,Decent naan but I've had better.,3,2026-01-09 11:58:00,Spice Route,Indian,38,58.44
R00171,"Late night order. Standard order, no complaints but nothing memorable.",3,2025-02-07,Golden Wok,Chinese,22,33.88
R00053,Lunch order from Slice Republic. pizza was as expected. Delivery took 37 minutes.,2,2025-01-13,Slice Republic,Pizza,37,78.57
R00322,Rainy evening order. Tracking was accurate the whole way. Will order again!,4,2025-03-09,Pasta Piazza,Italian,47,88.64
R00052,Lunch order from Taco Fiesta. Best nachos I've had in a while. Unfortunately driver refused to come up to the door and left the food downstairs.,3,2025-01-12,Taco Fiesta,Mexican,28,62.03
R00719,Great deal with the promo. But the delivery guy didn't follow the drop-off instructions at all.,4,2025-05-30,Sweet Spot Desserts,Desserts,29,38.04
R00064,Ordered to the office today. Food was fresh and really tasty.,5,2025-01-16,Cedar Grill,Middle Eastern,25,83.35
R01958,Ordered burrito for two. The burrito was delicious. Will order again!,5,2026-01-06,Taco Fiesta,Mexican,26,31.7
R01362,"Lunch order from Golden Wok. My card was declined in the app but works everywhere else. Food came cold, had to reheat the fried rice myself. Won't order again.",2,2025-09-30,Golden Wok,Chinese,41,40.81
R00813,Ordered to the office today. Not happy with this order. Fries were cold and soggy. Won't order again.,3,2025-06-20,Sweet Spot Desserts,Desserts,18,28.78
R00950,Second order this week. Food was fresh and really tasty. Thanks!,4,2025-07-13 16:20:00,Cedar Grill,Middle Eastern,33,80.54
R00839,The driver was friendly and quick. The only problem: the app says delivered but I never received anything.,3,24 Jun 2025,Slice Republic,Pizza,32,84.2
R02712,Arrived earlier than expected.,5,2026-04-30,Spice Route,Indian,19,114.16
R00121,Ugh. The sushi platter was undercooked in the middle. Please fix this.,1,2025-01-28,Sakura Sushi House,Sushi,47,89.75
R01657,"Mixed feelings, the cheesecake was good but the sides were meh.",4,2025-11-25,Sweet Spot Desserts,Desserts,35,62.25
R02058,Very disappointed. App froze twice while I was placing the order. Won't order again.,2,2026-01-20,Shawarma Corner,Middle Eastern,27,36.64
R00931,Arrived earlier than expected. Highly recommend.,4,not available,Burger Barn,Burgers,33,35.4
R00440,Not happy with this order. Everything was lukewarm at best. I got someone else's order instead of mine. Won't order again.,2,2025-04-01,Spice Route,Indian,35,86.72
R00071,"Late night order. Good value for money. However, ordered three items and only got two.",3,2025-01-17,Spice Route,Indian,43,104.63
R01798,First time trying Taco Fiesta. Everything was packed neatly and nothing spilled. Unfortunately payment failed but I was still charged.,4,2025-12-14 23:23:00,Taco Fiesta,Mexican,,40.18
R01923,"Ordered salad bowl for two. Arrived earlier than expected. Great flavour, generous portions. Highly recommend.",4,2025-12-31,Green Bowl,Healthy,24,49.75
R00258,"Very disappointed. Delivery took 78 minutes, way longer than promised.",3,2025-02-23,Slice Republic,Pizza,78,42.79
R02078,Best pizza I've had in a while. Will order again!,4,2026-01-23 18:18:00,Slice Republic,Pizza,34,64.84
R00858,  Arrived earlier than expected.<br>  Thanks!  ,4,2025-06-27,Spice Route,Indian,24,64.61
R01152,"Ugh. Received the wrong pancakes, not what I ordered. Please fix this.",3,2025-08-26,Morning Brew Café,Breakfast & Coffee,20,37.85
R02749,First time trying Morning Brew Café. Arrived earlier than expected. Will order again!,4,2026-05-06,Morning Brew Café,Breakfast & Coffee,18,29.31
R01158,Not happy with this order. Way too expensive for the portion size. Expected better.,2,2025-08-27,Slice Republic,Pizza,46,51.52
R02684,Second order this week. Support sorted out my issue quickly. Thanks!,5,"April 25, 2026",Slice Republic,Pizza,37,53.06
R00882,Best burger I've had in a while. Highly recommend.,5,2025-07-01 19:07:00,Burger Barn,Burgers,32,32.69
R00271,"Ordered the risotto for dinner. The risotto was delicious. Delivery was fast, arrived in 39 minutes. Will order again!",4,25 Feb 2025,Pasta Piazza,Italian,39,80.74
R01850,First time trying Burger Barn. Ugh. The app says delivered but I never received anything. Expected better.,1,"December 22, 2025",Burger Barn,Burgers,29,
R02326,Second order this week. Payment failed but I was still charged. Everything was lukewarm at best. Please fix this.,2,2026-03-02 19:07:00,Slice Republic,Pizza,27,77.31
R01426,Late night order. Food was fresh and really tasty. Will order again!,5,13 Oct 2025,Slice Republic,Pizza,49,107.06
R00255,Ordered to the office today. Best quesadilla I've had in a while. Thanks!,4,2025-02-23,Taco Fiesta,Mexican,24,82.28
R02182,"Food was fresh and really tasty. However, delivery took 71 minutes, way longer than promised.",4,2026-02-10,Pasta Piazza,Italian,71,102.6
R00502,Rainy evening order. Great deal with the promo. Will order again!,1,2025-04-14,Green Bowl,Healthy,28,61.04
R01115,"Ordered for the family on the weekend. Quality has gone down, the shawarma wrap tasted cheap. Everything was lukewarm at best. Please fix this.",2,2025-08-18,Shawarma Corner,Middle Eastern,17,46.9
R02922,"Great flavour, generous portions. Will order again!",4,2026-06-03 18:20:00,Slice Republic,Pizza,54,
R00496,"Nothing wrong with it, nothing exciting either.",4,2025-04-11,Cedar Grill,Middle Eastern,40,80.71
R02372,Lunch order from Golden Wok. They sent a completely different noodles. Expected better.,3,2026-03-08,Golden Wok,Chinese,30,69.54
R01345,"Great flavour, generous portions. Highly recommend.",5,2025-09-28,Slice Republic,Pizza,30,49.48
R00451,"Late night order. Ugh. My butter chicken was missing from the bag. Food was marked as delivered to the wrong building, never got it. Won't order again.",1,2025-04-03,Spice Route,Indian,50,79.16
R00508,10/10 would order again,4,2025-04-14 19:14:00,burger barn,Burgers,43,51.98
R01430,Ordered for the family on the weekend. The driver was friendly and quick. Unfortunately support just sent a copy-paste message and closed the ticket.,3,2025-10-14 13:01:00,Burger Barn,Burgers,23,52.09
R01235,"Food came cold, had to reheat the chicken plate myself. Please fix this.",3,2025-09-09,Shawarma Corner,Middle Eastern,16,83.1
R00264,No sauces or cutlery even though I asked for them. Expected better.,1,2025-02-25,Golden Wok,Chinese,31,36.84
R01648,Drink was spilled and soaked the wrap. Expected better.,3,2025-11-24,Green Bowl,Healthy,24,46.45
R00077,"The chicken sandwich was hot and perfectly cooked. Unfortunately waited over 84 minutes for my food, the ETA kept changing.",2,2025-01-19 22:58:00,Burger Barn,Burgers,84,33.13
R00355,Tracking was accurate the whole way. Arrived earlier than expected.,4,2025-03-14,Green Bowl,Healthy,21,58.04
R01422,"Ordered to the office today. Terrible experience. Tried to contact support, waited 40 minutes in chat with no answer. Won't order again.",3,2025-10-11,Spice Route,Indian,52,122.36
R00655,Rainy evening order. Food was fresh and really tasty.,1,"May 15, 2025",Sweet Spot Desserts,Desserts,29,45.26
R00145,ordered to the office today. food was fresh and really tasty. will order again!,4,01 Feb 2025,Shawarma Corner,Middle Eastern,30,41.27
R03017,The driver was friendly and quick. Will order again!,5,"June 18, 2026",Golden Wok,Chinese,39,49.76
R00046,Food was fresh and really tasty.,5,2025-01-11,Burger Barn,Burgers,22,72.67
R02836,"Second time this happened. Delivery took 79 minutes, way longer than promised. Expected better.",1,"May 20, 2026",Shawarma Corner,Middle Eastern,79,49.72
R01980,"Ordered wings for two. Not happy with this order. Delivery took 64 minutes, way longer than promised. The wings was cold when it arrived.",2,2026-01-08,Slice Republic,Pizza,64,45.33
R00701,"support sorted out my issue quickly. but quality has gone down, the pasta tasted cheap.",2,2025-05-25,Slice Republic,Pizza,40,124.29
R00252,Not happy with this order. My mixed grill was missing from the bag.,1,2025-02-23,Cedar Grill,Middle Eastern,28,58.23
R00444,The kebab plate was delicious. Thanks!,5,2025-04-01,Cedar Grill,Middle Eastern,27,86.26
R00840,Lunch order from Cedar Grill. Not happy with this order. Delivery was really slow again tonight. Won't order again.,2,24 Jun 2025,  Cedar Grill ,Middle Eastern,82,114.43
R02901,First time trying Spice Route. Terrible experience. Ordered three items and only got two. Really frustrating.,10,31 May 2026,Spice Route,Indian,25,134.47
R00215,"Second order this week. Not happy with this order. Food was marked as delivered to the wrong building, never got it. Expected better.",1,2025-02-16,Sakura Sushi House,Sushi,39,59.3
R00153,"Great flavour, generous portions. The only problem: after the update the app is so buggy, couldn't even open the menu.",3,2025-02-03,Golden Wok,Chinese,30,101.25
R02713,First time trying Green Bowl. The driver was friendly and quick. Food was fresh and really tasty. Will order again!,5,2026-04-30 19:27:00,Green Bowl,Healthy,17,87.07
R02830,The mixed grill was delicious. Will order again!,5,2026-05-19,Cedar Grill,Middle Eastern,25,94.29
R02805,Ordered croissant for two. It said 25 minutes and it took 72. The container was crushed when it arrived.,4,2026-05-15,Morning Brew Café,Breakfast & Coffee,72,47.33
R01625,"great flavour, generous portions.",4,2025-11-19,Sweet Spot Desserts,Desserts,34,28.83
R01883,Love it,5,2025-12-26,Burger Barn,Burgers,44,69.48
R03068,Lunch order from Burger Barn. Second time this happened. It said 25 minutes and it took 92. Please fix this.,2,2026-06-27 13:03:00,Burger Barn,Burgers,92,54.8
R01175,Ordered to the office today. Tracking was accurate the whole way. The only problem: the soup leaked all over the bag.,3,"August 30, 2025",Burger Barn,Burgers,43,38.94
R00001,The ice cream was hot and perfectly cooked. Thanks!,5,2025-01-01,Sweet Spot Desserts,Desserts,26,31.79
R90029,Food was fine. Delivery was a bit slow but acceptable.,3,2026-05-23,Spice Route,Indian,39,94.75
R02822,"  Mixed feelings, the tiramisu was good but the sides were meh.  ",4,2026-05-18,Pasta Piazza,Italian,48,60.81
R01928,"Good packaging, food stayed warm. Food was fresh and really tasty. Will order again!",4,2025-12-31,Cedar Grill,Middle Eastern,39,59.98
R00808,Not happy with this order. The courier was rude when he handed over the bag. Really frustrating.,2,2025-06-19 13:48:00,Burger Barn,Burgers,29,60.18
R01136,"It was alright. Not bad, not great.",3,2025-08-23,Morning Brew Café,Breakfast & Coffee,26,41.46
R00512,Ugh. It said 25 minutes and it took 90. Please fix this.,2,2025-04-15,Burger Barn,Burgers,90,47.56
R01398,Second order this week. Ugh. The app keeps crashing at checkout. Expected better.,2,2025-10-06,Slice Republic,Pizza,44,81.98
R02171,  Got the fried rice and a drink.<br>  Good value for money.<br>  Thanks!  ,4,2026-02-08,Golden Wok,Chinese,35,45.59
R00332,Terrible experience. Everything was lukewarm at best. My order never arrived and nobody could tell me where it was.,1,2025-03-10,Green Bowl,Healthy,26,138.2
R00765,Decent kebab plate but I've had better.,3,2025-06-09,Cedar Grill,Middle Eastern,34,78.03
R01552,"Great flavour, generous portions. Delivery was fast, arrived in 37 minutes. Will order again!",5,2025-11-06,Golden Wok,Chinese,37 min,40.56
R00433,Arrived earlier than expected. Will order again!,5,2025-03-31,Slice Republic,Pizza,31,42.43
R00212,"Great flavour, generous portions. Will order again!",5,2025-02-16,Slice Republic,Pizza,40,48.01
R00033,Ordered the kebab plate for dinner. Good value for money. Highly recommend.,4,2025-01-08,Cedar Grill,Middle Eastern,26,28.65
R00870,Everything was packed neatly and nothing spilled. Thanks!,4,2025-06-29,Cedar Grill,Middle Eastern,25,91.53
R02582,"Late night order. Terrible experience. Tried to contact support, waited 40 minutes in chat with no answer. Please fix this.",1,2026-04-10,Golden Wok,Chinese,45,76.93
R00015,Great deal with the promo. Tracking was accurate the whole way.,5,2025-01-04,Shawarma Corner,Middle Eastern,34,46.09
R00094,Lunch order from Golden Wok. Food was fresh and really tasty. The only problem: ordered three items and only got two.,3,2025-01-23,Golden Wok,Chinese,46,57.27
R02334,"First time trying Burger Barn. Very disappointed. Waited over 75 minutes for my food, the ETA kept changing. After the update the app is so buggy, couldn't even open the menu.",3,2026-03-03,Burger Barn,Burgers,75,81.17
R02904,The burger was hot and perfectly cooked. Highly recommend.,5,2026-06-01,Burger Barn,Burgers,49,27.27
R01721,Ordering through the app was easy.,4,2025-12-06,Shawarma Corner,Middle Eastern,31,36.92
R03076,Support sorted out my issue quickly. Thanks!,5,2026-06-28,Taco Fiesta,Mexican,28,48.75
R00150,The fries was delicious. Highly recommend.,5,2025-02-02,Burger Barn,Burgers,34,41.71
R02697,Decent garlic sauce but I've had better.,4,2026-04-28,Shawarma Corner,Middle Eastern,29,40.74
R02532,Got the garlic sauce and a drink. Good value for money. Highly recommend.,4,2026-04-04,Shawarma Corner,Middle Eastern,32,62.16
R01269,10/10 would order again,3,2025-09-15 12:14:00,Shawarma Corner,Middle Eastern,26,31.59
R00185,second order this week. pasta was as expected. delivery took 37 minutes.,4,2025-02-09,Slice Republic,Pizza,37,99.32
R00706,Late night order. Second time this happened. Drink was spilled and soaked the milkshake. They refused to refund the missing items. Won't order again.,1,2025-05-26,Burger Barn,Burgers,34,84.57
R01438,Perfect as always,5,2025-10-15,Green Bowl,Healthy,33,59.6
R00409,the kebab plate was delicious. highly recommend.,5,25 Mar 2025,Cedar Grill,Middle Eastern,24,131.16
R00175,Love it,5,2025-02-08,Pasta Piazza,Italian,35,83.86
R01719,Food was fresh and really tasty. Highly recommend.,4,2025-12-05,Cedar Grill,Middle Eastern,37,81.93
R02088,Ugh. Ordered three items and only got two. Not worth the price anymore.,2,2026-01-25,Cedar Grill,Middle Eastern,38,96.38
R02005,"Ordered to the office today. It was alright. Not bad, not great.",3,"January 12, 2026",Sakura Sushi House,Sushi,59,179.57
R00965,The nachos was hot and perfectly cooked.,4,2025-07-18,Taco Fiesta,Mexican,50,51.73
R01968,"Late night order. Mixed feelings, the falafel was good but the sides were meh.",2,2026-01-07,Cedar Grill,Middle Eastern,34,45.14
R01627,Lunch order from Burger Barn. Second time this happened. Packaging was flimsy and the fries got squashed. The fries was cold when it arrived. Expected better.,2,2025-11-20,Burger Barn,Burgers,32,68.94
R01076,Late night order. The driver was friendly and quick. Thanks!,4,2025-08-11,Pasta Piazza,Italian,26,62.59
R01371,Ordered for the family on the weekend. Terrible experience. Delivery was really slow again tonight. The fries was cold when it arrived.,1,2025-10-02,Burger Barn,Burgers,64,24.65
R01460,"Food was fresh and really tasty. Good packaging, food stayed warm. Will order again!",5,2025-10-21,Shawarma Corner,Middle Eastern,24,77.04
R90019,Second order this week. Support sorted out my issue quickly. Food was fresh and really tasty. Thanks!,4,2025-05-24,Sakura Sushi House,Sushi,37,144.87
R02784,Very disappointed. My order arrived 17 minutes later than the estimate. Didn't enjoy the food at all this time.,abc,2026-05-12,Slice Republic,Pizza,53,109.01
R03067,Arrived earlier than expected. Thanks!,5,2026-06-27,Sakura Sushi House,Sushi,39,132.07
R00240,Everything was packed neatly and nothing spilled. But my promo code didn't work even though it was valid.,3,2025-02-20,Taco Fiesta,Mexican,28,26.55
R00583,Perfect as always,4,2025-05-02,Shawarma Corner,Middle Eastern,36,45.21
R01024,Ordered kebab plate for two. Everything was packed neatly and nothing spilled. Good value for money.,5,2025-07-30,Cedar Grill,Middle Eastern,30,156.7
R02899,Late night order. Not happy with this order. Packaging was flimsy and the smoothie got squashed. Won't order again.,1,"May 30, 2026",Green Bowl,Healthy,24,102.12
R01917,"Ordered to the office today. Standard order, no complaints but nothing memorable.",4,2025-12-31,Shawarma Corner,Middle Eastern,34,37.07
R01861,Ordered the salad bowl for dinner. The driver was friendly and quick. The only problem: they sent a completely different salad bowl.,3,2025-12-23,Green Bowl,Healthy,21,87.53
R02461,Ordered the hummus for dinner. Not happy with this order. Didn't enjoy the food at all this time. Expected better.,6,"March 23, 2026",Cedar Grill,Middle Eastern,35,53.25
R01672,"Ordered for the family on the weekend. Order was okay, nothing special.",3,28 Nov 2025,Slice Republic,Pizza,52,105.21
R00458,ordering through the app was easy. the driver was friendly and quick. will order again!,5,2025-04-04,Green Bowl,Healthy,27,42.03
R03016,Late night order. Ugh. My order arrived 29 minutes later than the estimate. Please fix this.,3,2026-06-18,Pasta Piazza,Italian,65,100.35
R02850,Ordered kebab plate for two. Average experience. Food was fine and arrived on time.,4,2026-05-22,Cedar Grill,Middle Eastern,29,192.14
R01433,"Standard order, no complaints but nothing memorable.",2,2025-10-14,Shawarma Corner,Middle Eastern,32,37.42
R00189,Second time this happened. They sent a completely different croissant. Really frustrating.,2,2025-02-10,Morning Brew Café,Breakfast & Coffee,23,18.98
R01090,Good value for money. Will order again!,4,2025-08-14,Sakura Sushi House,Sushi,20,92.4
R01607,not happy with this order. customer support never replied to my complaint. really frustrating.,1,2025-11-16,Cedar Grill,Middle Eastern,32,75.78
R00347,"Ordered wings for two. The wings was hot and perfectly cooked. Delivery was fast, arrived in 42 minutes.",5,2025-03-12,Slice Republic,Pizza,42,127.55
R00450,Ordered salad bowl for two. The driver was friendly and quick.,5,2025-04-03,Green Bowl,Healthy,19,64.96
R02907,"Food was fresh and really tasty. However, delivery fee plus service fee doubled the price of my order.",4,01 Jun 2026,Pasta Piazza,Italian,43,83.65
R00901,Lunch order from Shawarma Corner. The drinks were missing again.,1,04 Jul 2025,shawarma corner,Middle Eastern,24,47.23
R01033,Ordered to the office today. Very disappointed. The delivery guy didn't follow the drop-off instructions at all.,2,2025-08-01,Cedar Grill,Middle Eastern,57,110.8
R00247,Got the dumplings and a drink. The driver was friendly and quick. Will order again!,4,2025-02-22,Golden Wok,Chinese,27,53.18
R02708,Perfect as always,5,2026-04-29,Sweet Spot Desserts,Desserts,21,31.97
R02214,"Very disappointed. Food came cold, had to reheat the fries myself. Really frustrating.",1,2026-02-13,Shawarma Corner,Middle Eastern,29,
R02549,"Second order this week. Second time this happened. Quality has gone down, the burrito tasted cheap.",3,2026-04-05 23:20:00,Taco Fiesta,Mexican,45,30.78
R02448,"Fine for a quick meal, the nachos was average.",3,2026-03-21,Taco Fiesta,Mexican,38,SAR 34.48
R02430,"Ordered the milkshake for dinner. Second time this happened. I got someone else's order instead of mine. Honestly the milkshake was not good, way too salty. Expected better.",5,2026-03-18,Burger Barn,Burgers,36,32.36
R02760,Ordered wrap for two. The wrap was okay. Arrived in about 35 minutes.,3,2026-05-08,Green Bowl,Healthy,35,77.32
R01317,Got the nachos and a drink. Ordering through the app was easy. Will order again!,5,2025-09-22 14:49:00,Taco Fiesta,Mexican,44,$89.22
R01331,Very disappointed. The driver showed up almost an hour late. Expected better.,3 stars,2025-09-25,Burger Barn,Burgers,80,79.26
R00545,Decent smoothie but I've had better.,4,2025-04-20 11:44:00,Green Bowl,Healthy,30,50.54
R00830,Support sorted out my issue quickly. The chicken sandwich was delicious. Highly recommend.,4,2025-06-23,Burger Barn,Burgers,40,84.68
R00411,Arrived earlier than expected. Unfortunately tracking map showed the driver going in circles.,3,2025-03-26,Shawarma Corner,Middle Eastern,25,48.37
R01810,First time trying Cedar Grill. The mixed grill was undercooked in the middle. Expected better.,2,2025-12-17,Cedar Grill,Middle Eastern,44,100.48
R01584,everything was packed neatly and nothing spilled.,4,2025-11-11,Morning Brew Café,Breakfast & Coffee,23,26.08
R02600,"Ordered the milkshake for dinner. Great flavour, generous portions. The driver was friendly and quick. Highly recommend.",4,2026-04-13,Burger Barn,Burgers,26,34.7
R02808,"First time trying Sweet Spot Desserts. Good packaging, food stayed warm. Unfortunately no sauces or cutlery even though I asked for them.",2,2026-05-16 13:58:00,Sweet Spot Desserts,Desserts,43,29.97
R02195,The pasta was hot and perfectly cooked. Highly recommend.,4,2026-02-11,Slice Republic,Pizza,28,90.7
,"Fine for a quick meal, the cheesecake was average.",4,2026-04-08,Sweet Spot Desserts,Desserts,34,48.0
R02705,Decent cupcakes but I've had better.,4,2026-04-29,Sweet Spot Desserts,Desserts,30,32.86
R00898,Ordered the latte for dinner. Good value for money. Unfortunately my order never arrived and nobody could tell me where it was.,2,2025-07-04 11:06:00,Morning Brew Café,Breakfast & Coffee,30,51.62
R00582,Lunch order from Spice Route. The drinks were missing again. Paid more in fees than the food itself. Expected better.,1,2025-05-01,Spice Route,Indian,36,SAR 98.35
R00176,"Ordered for the family on the weekend. Delivery was fast, arrived in 19 minutes. However, driver refused to come up to the door and left the food downstairs.",3,2025-02-08,Morning Brew Café,Breakfast & Coffee,19,39.54
R01781,Best nachos I've had in a while. Highly recommend.,5,"December 11, 2025",Taco Fiesta,Mexican,24,47.23
R00315,"Ordered the quesadilla for dinner. Great flavour, generous portions. Will order again!",5,2025-03-07,Taco Fiesta,Mexican,43,63.99
R00480,Ordered the samosa for dinner. Great deal with the promo.,5,2025-04-07,Spice Route,Indian,30,77.52
R02401,"Rainy evening order. Great flavour, generous portions. Will order again!",4,2026-03-14,Sakura Sushi House,Sushi,32,143.11
R01643,Perfect as always,4,2025-11-22,Shawarma Corner,Middle Eastern,19,31.15
R01879,Second order this week. Second time this happened. New fees appeared at checkout that weren't shown before. Won't order again.,3,2025-12-25,Shawarma Corner,Middle Eastern,28,45.95
R02725,Terrible experience. The driver showed up almost an hour late. Please fix this.,3,2026-05-03 12:37:00,Cedar Grill,Middle Eastern,67,131.94
R01718,Got the ramen and a drink. Food was fresh and really tasty. Thanks!,5,2025-12-05,Sakura Sushi House,Sushi,40,158.77
R01296,"Second order this week. The acai bowl was hot and perfectly cooked. Delivery was fast, arrived in 18 minutes.",4,2025-09-20,Green Bowl,Healthy,18 min,55.11
R01413,Very disappointed. The delivery guy didn't follow the drop-off instructions at all. Really frustrating.,1/5,09 Oct 2025,Golden Wok,Chinese,42,44.88
R02733,,4,2026-05-03,Green Bowl,Healthy,25,73.9
R01557,Not happy with this order. My order arrived 60 minutes later than the estimate.,2,2025-11-07,Green Bowl,Healthy,90,114.04
R00603,Tracking was accurate the whole way. Highly recommend.,5,2025-05-06,Pasta Piazza,Italian,47,66.8
R02139,"Rainy evening order. Food was fresh and really tasty. The only problem: food came cold, had to reheat the naan myself.",3,2026-02-03 14:49:00,Spice Route,Indian,50,76.64
R01685,Arrived earlier than expected.,5,2025-11-30,Slice Republic,Pizza,26,61.83
R00555,Best brownie I've had in a while. Thanks!,5,"April 22, 2025",Sweet Spot Desserts,Desserts,32,47.12
R02518,"Delivery was fast, arrived in 49 minutes. The milkshake was delicious. Thanks!",5,2026-04-02,Burger Barn,Burgers,49,64.68
R03075,The chicken plate was okay. Arrived in about 32 minutes.,2,2026-06-28 11:03:00,Shawarma Corner,Middle Eastern,32,28.3
R01498,"Ordered burger for two. Tried to contact support, waited 40 minutes in chat with no answer. Really frustrating.",1,28 Oct 2025,Burger Barn,Burgers,26,59.61
R02149,Ordered the cupcakes for dinner. Arrived earlier than expected. Will order again!,5,2026-02-05,Sweet Spot Desserts,Desserts,17 min,30.64
R00737,"Second order this week. Tried to contact support, waited 40 minutes in chat with no answer. Please fix this.",1,2025-06-04,Spice Route,Indian,48,113.4
R00600,The mixed grill was hot and perfectly cooked. Highly recommend.,5,2025-05-05,Cedar Grill,Middle Eastern,41,28.98
R02942,N/A,5,2026-06-05,Slice Republic,Pizza,35,71.06
R00267,"Good packaging, food stayed warm. Tracking was accurate the whole way. Will order again!",5,2025-02-25,Burger Barn,Burgers,32,61.16
R01367,The shawarma wrap was delicious. Thanks!,4,2025-10-01,Shawarma Corner,Middle Eastern,23,56.07
R00197,"Ordered the fries for dinner. Waited over 78 minutes for my food, the ETA kept changing.",2,2025-02-13,Burger Barn,Burgers,78,72.5
R02881,"Delivery was fast, arrived in 19 minutes. Thanks!",4,2026-05-27 17:02:00,Sweet Spot Desserts,Desserts,19,38.05
R00089,Ordering through the app was easy. The driver was friendly and quick. Highly recommend.,4,2025-01-23,Sakura Sushi House,Sushi,34,149.08
R02757,"Second order this week. Ugh. Sauce spilled everywhere, the box was a mess. Please fix this.",3,2026-05-07,Slice Republic,Pizza,58,68.97
R01988,Ordered the quesadilla for dinner. The quesadilla was hot and perfectly cooked. Thanks!,5,10 Jan 2026,Taco Fiesta,Mexican,29,31.77
R01789,"Late night order. Nothing wrong with it, nothing exciting either.",3,2025-12-12,Sakura Sushi House,Sushi,35,139.13
R01692,Ordered to the office today. Tracking was accurate the whole way. Thanks!,4,2025-12-01,Green Bowl,Healthy,32,65.31
R00945,Ordered for the family on the weekend. Food was fresh and really tasty. Highly recommend.,4,2025-07-12,Green Bowl,Healthy,29,65.34
R02409,Rainy evening order. Terrible experience. Everything was lukewarm at best. Please fix this.,2,2026-03-15,Slice Republic,Pizza,31,87.14
R01748,Terrible experience. It said 25 minutes and it took 78. Really frustrating.,2,2025-12-08,Taco Fiesta,Mexican,78,58.1
R02074,"Lunch order from Sakura Sushi House. Great flavour, generous portions. Thanks!",5,2026-01-22 19:14:00,Sakura Sushi House,Sushi,43,134.79
R00941,"Second order this week. Food was fresh and really tasty. Good packaging, food stayed warm.",4,2025-07-11,Taco Fiesta,Mexican,25,54.52
R02231,Ordered for the family on the weekend. Decent nachos but I've had better.,3,2026-02-15,Taco Fiesta,Mexican,28,75.99
R00026,Terrible experience. The fries was cold when it arrived. Really frustrating.,1,2025-01-06,Burger Barn,Burgers,28,47.99
R02588,Perfect as always,5,2026-04-11,Slice Republic,Pizza,26,73.25
R01037,Perfect as always,5,2025-08-02,Pasta Piazza,Italian,45,85.4
R01989,"Ordered shawarma wrap for two. Terrible experience. Chicken in the shawarma wrap was still pink inside, not safe. My shawarma wrap was missing from the bag. Expected better.",1,2026-01-10,Shawarma Corner,Middle Eastern,27,29.03
R02331,First time trying Golden Wok. The noodles was delicious. Will order again!,5,2026-03-03,Golden Wok,Chinese,36,65.4
R02803,Great deal with the promo. But the soup leaked all over the bag.,3,2026-05-15,Pasta Piazza,Italian,32,56.68
R01712,Food was fresh and really tasty. Highly recommend.,4,2025-12-04,Pasta Piazza,Italian,48,104.2
R01585,The driver was friendly and quick. Highly recommend.,5,2025-11-11,Sweet Spot Desserts,Desserts,20,27.17
R00773,Second order this week. The driver showed up almost an hour late.,3,2025-06-11,Spice Route,Indian,82,80.75
R00464,"Second time this happened. Received the wrong wings, not what I ordered. Please fix this.",2 stars,2025-04-05,Slice Republic,Pizza,38,123.12
R01812,"Ordered for the family on the weekend. Fine for a quick meal, the sushi platter was average.",4,2025-12-17,Sakura Sushi House,Sushi,43,$134.94
R01085,Great deal with the promo. The driver was friendly and quick.,5,2031-01-15,Taco Fiesta,Mexican,27,60.45
R01445,The wings was hot and perfectly cooked. Highly recommend.,4,2025-10-17,Slice Republic,Pizza,30,72.24
R00068,  Not happy with this order.<br>  Not worth the price anymore.<br>  Really frustrating.  ,3,2025-01-17 17:25:00,Spice Route,Indian,26,SAR 89.47
R02814,Late night order. Good value for money. The ramen was delicious. Will order again!,5,2026-05-17,Sakura Sushi House,Sushi,24,135.19
R03071,"Late night order. Waited over 104 minutes for my food, the ETA kept changing. The soup leaked all over the bag. Expected better.",1,2026-06-27,Cedar Grill,Middle Eastern,104,118.32
R02115,Lunch order from Slice Republic. Second time this happened. Driver refused to come up to the door and left the food downstairs. Really frustrating.,2,2026-01-30,Slice Republic,Pizza,25,115.19
R00032,"Ordered garlic bread for two. Great flavour, generous portions. However, the courier was rude when he handed over the bag.",3,2025-01-08,Slice Republic,Pizza,23,68.95
R01265,First time trying Burger Barn. The fries was cold when it arrived.,1,2025-09-14,Burger Barn,Burgers,44,68.49
R00548,terrible experience. no sauces or cutlery even though i asked for them. really frustrating.,2,2025-04-20,Morning Brew Café,Breakfast & Coffee,30,40.27
R02315,Food was fresh and really tasty. Highly recommend.,4,2026-03-01,Spice Route,Indian,29,71.39
R02823,"Ugh. Prices went up again, 80 for a small meal is too much.",3,2026-05-18,Cedar Grill,Middle Eastern,28,80.44
R01611,"late night order. the driver was friendly and quick. but the live tracking was useless, it said arriving for 20 minutes.",3,2025-11-17,Shawarma Corner,Middle Eastern,,68.16
R02264,Late night order. The driver was friendly and quick. Thanks!,4,2026-02-21,Slice Republic,Pizza,28,72.38
R02043,First time trying Shawarma Corner. Everything was packed neatly and nothing spilled.,4,2026-01-19 10:13:00,Shawarma Corner,Middle Eastern,27,71.35
R02959,"Lunch order from Cedar Grill. It was alright. Not bad, not great.",5,2026-06-08,Cedar Grill,Middle Eastern,30,46.67
R00344,Ordered pasta for two. Tracking was accurate the whole way. Will order again!,5,2025-03-12,Slice Republic,Pizza,43,54.81
R02243,The cupcakes was hot and perfectly cooked. The only problem: the drinks were missing again.,4,2026-02-18,Sweet Spot Desserts,Desserts,30,18.18
R01237,Amazing!,4,2025-09-09,CEDAR GRILL,Middle Eastern,58,53.91
R00167,Not happy with this order. Drink was spilled and soaked the fried rice. Delivery fee plus service fee doubled the price of my order. Won't order again.,2,2025-02-06,Golden Wok,Chinese,38,79.46
R00125,Not happy with this order. The courier was rude when he handed over the bag. Please fix this.,2,2025-01-29,Golden Wok,Chinese,28,87.09
R02627,Average experience. Food was fine and arrived on time.,2,2026-04-16,Burger Barn,Burgers,48,58.11
R00818,Great food!,5,20 Jun 2025,Cedar Grill,Middle Eastern,35,SAR 85.10
R00679,"Rainy evening order. Sauce spilled everywhere, the box was a mess. Won't order again.",3,2025-05-20,Slice Republic,Pizza,31,111.37
R01566,Food was fresh and really tasty. Thanks!,5,2025-11-08,Cedar Grill,Middle Eastern,38,87.65
R00569,Rainy evening order. Best hummus I've had in a while. Will order again!,4,2025-04-28 14:52:00,Cedar Grill,Middle Eastern,36,126.36
R02777,Ordering through the app was easy.,3,"May 11, 2026",Slice Republic,Pizza,52,57.02
R01455,"Got the burger and a drink. The burger was hot and perfectly cooked. However, the app keeps crashing at checkout.",3,2025-10-20,Burger Barn,Burgers,35,71.56
R02955,Decent smoothie but I've had better.,3,2026-06-07,Green Bowl,Healthy,26,119.39
R00719,Great deal with the promo. But the delivery guy didn't follow the drop-off instructions at all.,4,2025-05-30,Sweet Spot Desserts,Desserts,29,38.04
R02481,"Got the breakfast sandwich and a drink. Great deal with the promo. Great flavour, generous portions. Will order again!",4,2026-03-27,Morning Brew Café,Breakfast & Coffee,23,53.45
R01895,The driver was friendly and quick. The ice cream was delicious. Thanks!,5,2025-12-27,Sweet Spot Desserts,Desserts,33,26.11
R00802,Ordered garlic sauce for two. Not happy with this order. Ordered three items and only got two. Expected better.,2,2025-06-17,Shawarma Corner,Middle Eastern,32,44.05
R02574,the pasta was hot and perfectly cooked. great deal with the promo. will order again!,4,2026-04-09,Slice Republic,Pizza,28,38.97
R01019,lunch order from slice republic. food was fresh and really tasty.,4,2025-07-29,Slice Republic,Pizza,38,51.24
R01950,Got the lasagna and a drink. Best lasagna I've had in a while.,4,2026-01-05,Pasta Piazza,Italian,,127.6
R00747,The pizza was hot and perfectly cooked. Highly recommend.,4,2025-06-06,Slice Republic,Pizza,,82.45
R00177,Lunch order from Morning Brew Café. Arrived earlier than expected.,4,2025-02-08,Morning Brew Café,Breakfast & Coffee,16,45.68
R02937,Rainy evening order. Arrived earlier than expected. Unfortunately drink was spilled and soaked the samosa.,4,2026-06-04 23:27:00,Spice Route,Indian,35 min,126.06
R01771,"Ordered salad bowl for two. Nothing wrong with it, nothing exciting either.",2,2025-12-10,Green Bowl,Healthy,31,60.21
R00845,Rainy evening order. Great deal with the promo. Thanks!,4,2025-06-25,Shawarma Corner,Middle Eastern,31,44.46
R01796,"Standard order, no complaints but nothing memorable.",3,2025-12-14,Taco Fiesta,Mexican,31,60.67
R01229,Terrible experience. New fees appeared at checkout that weren't shown before. Won't order again.,3,2025-09-08,Burger Barn,Burgers,34,63.71
R03055,Great food!,4,2026-06-24,Shawarma Corner,Middle Eastern,27,22.91
R02580,"Ordered to the office today. Good packaging, food stayed warm.",5,2026-04-10 20:36:00,Golden Wok,Chinese,42,30.61
R02997,Terrible experience. Got charged twice for the same order. Please fix this.,1,2026-06-15,Burger Barn,Burgers,39,42.44
R00081,Rainy evening order. Ugh. The delivery guy didn't follow the drop-off instructions at all. Payment failed but I was still charged.,2,2025-01-20,Spice Route,Indian,33,83.18
R01741,"Standard order, no complaints but nothing memorable.",3,2025-12-08 10:55:00,Burger Barn,Burgers,29,47.82
R02010,Ordered for the family on the weekend. Food was fine. Delivery was a bit slow but acceptable.,3,2026-01-13,Spice Route,Indian,40,145.68
R02120,"Ordered for the family on the weekend. Great flavour, generous portions. Highly recommend.",5,2026-01-31,Slice Republic,Pizza,33,106.94
R02537,"Good packaging, food stayed warm. The only problem: delivery was really slow again tonight.",2,2026-04-04,Golden Wok,Chinese,57,83.99
R00431,"First time trying Slice Republic. Very disappointed. Honestly the pizza was not good, way too salty. Won't order again.",2,2025-03-30,Slice Republic,Pizza,30,71.39
R01065,Food was fresh and really tasty. Highly recommend.,2,2025-08-09,  Golden Wok ,Chinese,34,59.71
R02130,"Sauce spilled everywhere, the box was a mess. Please fix this.",2,2026-02-01,Sakura Sushi House,Sushi,41,137.34
R00528,Ordered the pancakes for dinner. The pancakes was okay. Arrived in about 34 minutes.,2,2025-04-17,Morning Brew Café,Breakfast & Coffee,34,22.9
R02059,Not happy with this order. They sent a completely different biryani.,3,2026-01-21,Spice Route,Indian,41,53.2
R00415,The driver was friendly and quick. Highly recommend.,5,2025-03-27 14:23:00,Shawarma Corner,Middle Eastern,19,$61.31
R03001,Food was fine. Delivery was a bit slow but acceptable.,3,2026-06-16,Pasta Piazza,Italian,42,50.25
R02872,Food was fresh and really tasty. But it said 25 minutes and it took 60.,3,2026-05-25,Burger Barn,Burgers,60,24.76
R00371,ordered sushi platter for two. everything was packed neatly and nothing spilled. will order again!,5,2025-03-17 18:58:00,Sakura Sushi House,Sushi,36,107.44
R02029,"Got the wrap and a drink. Order was okay, nothing special.",2,2026-01-17,Green Bowl,Healthy,20,$42.66
R01833,ordered to the office today. the container was crushed when it arrived. really frustrating.,2,2025-12-19,Pasta Piazza,Italian,28,83.27
R01722,Rainy evening order. Very disappointed. App froze twice while I was placing the order. Really frustrating.,3,2025-12-06,Sakura Sushi House,Sushi,30,154.01
R01507,Best tiramisu I've had in a while. Will order again!,4,2025-10-30,Pasta Piazza,Italian,29,47.93
R02587,Everything was packed neatly and nothing spilled.,5,2026-04-11,Burger Barn,Burgers,36,55.93
R01386,"second time this happened. food came cold, had to reheat the tacos myself. won't order again.",1,2025-10-04,Taco Fiesta,Mexican,,26.43
R01609,Tracking was accurate the whole way. Thanks!,5,2025-11-16,Cedar Grill,Middle Eastern,42,83.78
R00539,"Great flavour, generous portions. Highly recommend.",4,2025-04-19,Burger Barn,Burgers,35,39.97
R02375,"first time trying burger barn. delivery was fast, arrived in 21 minutes. thanks!",5,2026-03-09 16:07:00,Burger Barn,Burgers,21,27.84
R01272,Very disappointed. Delivery fee plus service fee doubled the price of my order. Please fix this.,3,2025-09-15,Slice Republic,Pizza,35,81.79
R01318,Ordered burrito for two. The burrito was okay. Arrived in about 40 minutes.,3,"September 22, 2025",Taco Fiesta,Mexican,40,30.69
R00142,Good value for money.,4,2025-02-01,Taco Fiesta,Mexican,42,45.11
R01234,Food was fresh and really tasty. Highly recommend.,4,2025-09-09,Sakura Sushi House,Sushi,54,108.33
R01767,Second time this happened. Driver refused to come up to the door and left the food downstairs. Expected better.,2,"December 10, 2025",Green Bowl,Healthy,43,64.97
R01504,"The pancakes was hot and perfectly cooked. However, the drinks were missing again.",2,2025-10-30 14:12:00,Morning Brew Café,Breakfast & Coffee,30,20.34
R02990,"Got the pizza and a drink. Nothing wrong with it, nothing exciting either.",3,2026-06-13,Slice Republic,Pizza,45,55.88
R02606,"Great flavour, generous portions. Highly recommend.",4,2026-04-14,Cedar Grill,Middle Eastern,40,91.97
R02610,Late night order. My promo code didn't work even though it was valid. Expected better.,3,14 Apr 2026,Slice Republic,Pizza,29,78.84
R02289,First time trying Burger Barn. Second time this happened. Delivery was really slow again tonight. Really frustrating.,3,25 Feb 2026,Burger Barn,Burgers,74,31.28
R02846,"ordered for the family on the weekend. very disappointed. sauce spilled everywhere, the box was a mess. please fix this.",2,2026-05-21,Golden Wok,Chinese,40,134.73
R01000,lunch order from golden wok. the dumplings was hot and perfectly cooked. arrived earlier than expected. highly recommend.,5,2025-07-24,Golden Wok,Chinese,33,40.17
R03087,Lunch order from Sweet Spot Desserts. Food was fresh and really tasty.,2,2026-06-29,Sweet Spot Desserts,Desserts,41,61.51
R02384,"Order was okay, nothing special.",2,2026-03-11,Slice Republic,Pizza,37,42.23
R02172,"got the falafel and a drink. everything was packed neatly and nothing spilled. however, delivery took 69 minutes, way longer than promised.",3,2026-02-08,Cedar Grill,Middle Eastern,69,82.55
R00443,"got the fried rice and a drink. not happy with this order. prices went up again, 49 for a small meal is too much. please fix this.",2,2025-04-01,Golden Wok,Chinese,41,48.73
R00933,Amazing!,5,2025-07-09,Slice Republic,Pizza,23,92.42
R00417,"Everything was packed neatly and nothing spilled. However, sauce spilled everywhere, the box was a mess.",3,2025-03-27,Morning Brew Café,Breakfast & Coffee,41,61.89
R00178,Ordered the risotto for dinner. Not happy with this order. New fees appeared at checkout that weren't shown before. The risotto was bland and tasted nothing like before. Won't order again.,3,2025-02-08,Pasta Piazza,Italian,35,64.65
R03057,"Ordered to the office today. Order was okay, nothing special.",3,2026-06-25,Taco Fiesta,Mexican,41,40.17
R01222,The app keeps crashing at checkout. Expected better.,1,2025-09-07 20:35:00,Pasta Piazza,Italian,34,89.02
R01612,"First time trying Sakura Sushi House. Great flavour, generous portions. However, the gyoza was cold when it arrived.",3,"November 17, 2025",Sakura Sushi House,Sushi,53,128.88
R02090,"Terrible experience. Tried to contact support, waited 40 minutes in chat with no answer. Expected better.",2,2026-01-25,Slice Republic,Pizza,30,81.83
R00795,best samosa i've had in a while. the only problem: no sauces or cutlery even though i asked for them.,3,"June 15, 2025",Spice Route,Indian,45,118.81
R01512,10/10 would order again,5,2025-10-31,Golden Wok,Chinese,31,57.85
R02383,"Food was fresh and really tasty. However, support just sent a copy-paste message and closed the ticket.",3,2026-03-11,Spice Route,Indian,32,205.86
R00184,Very disappointed. Fries were cold and soggy. Expected better.,3,2025-02-09,Golden Wok,Chinese,49,78.88
R01095,Late night order. Best kebab plate I've had in a while. Highly recommend.,4,2025-08-15,Cedar Grill,Middle Eastern,47,75.42
R01327,"Second time this happened. Delivery took 78 minutes, way longer than promised. Expected better.",1,2025-09-24,Cedar Grill,Middle Eastern,78,89.49
R01628,Second time this happened. Customer support never replied to my complaint. Won't order again.,1,2025-11-20,Pasta Piazza,Italian,31,76.44
R02329,The driver was friendly and quick. Will order again!,5,"March 02, 2026",Burger Barn,Burgers,24,80.29
R00487,"Ordered the mixed grill for dinner. Terrible experience. Quality has gone down, the mixed grill tasted cheap. Please fix this.",2,2025-04-09,Cedar Grill,Middle Eastern,42,100.87
R02420,"Ordered for the family on the weekend. Nothing wrong with it, nothing exciting either.",4,2026-03-16 22:59:00,Pasta Piazza,Italian,34,95.84
R01223,Ordered the ramen for dinner. The ramen was hot and perfectly cooked. Thanks!,5,2025-09-07 22:37:00,Sakura Sushi House,Sushi,31,72.73
R01492,"Ordered the naan for dinner. Great flavour, generous portions. Highly recommend.",5,"October 28, 2025",Spice Route,Indian,35,$125.73
R01559,The driver was friendly and quick. Thanks!,4,2025-11-08,Taco Fiesta,Mexican,25,84.01
R02485,Ugh. Got charged twice for the same order. Expected better.,3,2026-03-27,Slice Republic,Pizza,39,85.0
R00556,"The cheesecake was hot and perfectly cooked. However, the drinks were missing again.",4,2025-04-22,Sweet Spot Desserts,Desserts,28,22.97
R00394,Best garlic bread I've had in a while. Unfortunately didn't enjoy the food at all this time.,3,2025-03-22,Slice Republic,Pizza,34,89.9
R00970,"The smoothie was hot and perfectly cooked. But prices went up again, 76 for a small meal is too much.",3,2025-07-20,Green Bowl,Healthy,25 min,75.64
,"Good packaging, food stayed warm. Thanks!",5,19 Sep 2025,Morning Brew Café,Breakfast & Coffee,28,57.78
R01777,Good value for money. Food was fresh and really tasty. Will order again!,5,2025-12-11,Spice Route,Indian,29,111.71
R00439,"Delivery was fast, arrived in 31 minutes. The gyoza was delicious. Will order again!",5,2025-04-01,  Sakura Sushi House ,Sushi,31,210.04
R00163,"Nothing wrong with it, nothing exciting either.",3,06 Feb 2025,Shawarma Corner,Middle Eastern,24,47.12
R02970,Arrived earlier than expected. The mixed grill was hot and perfectly cooked.,5,2026-06-10,Cedar Grill,Middle Eastern,31,80.68
R01135,"Fine for a quick meal, the fried rice was average.",3,2025-08-23,Golden Wok,Chinese,50,108.02
R00953,Food was fine. Delivery was a bit slow but acceptable.,3,2025-07-14,Cedar Grill,Middle Eastern,41,55.33
R01004,"mixed feelings, the salad bowl was good but the sides were meh.",3,2025-07-25,Green Bowl,Healthy,27,49.12
R01125,Rainy evening order. Tracking was accurate the whole way. Unfortunately it said 25 minutes and it took 85.,4,21 Aug 2025,Burger Barn,Burgers,85,40.78
R00979,"Ordered butter chicken for two. Good packaging, food stayed warm. Will order again!",5,2025-07-21,Spice Route,Indian,48,38.5
R01808,"Late night order. Good packaging, food stayed warm.",4,2025-12-16,Shawarma Corner,Middle Eastern,44,38.34
R01035,Ordered the burger for dinner. Courier called me five times and then got angry. Won't order again.,3,2025-08-01 21:12:00,Burger Barn,Burgers,37,39.29
R02758,Best chicken sandwich I've had in a while. Great deal with the promo.,5,2026-05-08,Burger Barn,Burgers,40,57.71
R01056,not happy with this order. everything was lukewarm at best. really frustrating.,2,2025-08-08,Shawarma Corner,Middle Eastern,20,32.59
R90025,"First time trying Sweet Spot Desserts. Delivery was fast, arrived in 17 minutes. But honestly the cupcakes was not good, way too salty.",4,13/45/2025,Sweet Spot Desserts,Desserts,17,43.51
R01614,Very disappointed. I got someone else's order instead of mine. Really frustrating.,2,2025-11-17 16:17:00,Shawarma Corner,Middle Eastern,41,88.41
R00031,Not happy with this order. Delivery was really slow again tonight. Really frustrating.,2,2025-01-08,Sakura Sushi House,Sushi,84,89.34
R03041,Everything was packed neatly and nothing spilled.,4,2026-06-21,Slice Republic,Pizza,42,145.92
R03087,Lunch order from Sweet Spot Desserts. Food was fresh and really tasty.,2,2026-06-29,Sweet Spot Desserts,Desserts,41,61.51
R01103,Ordered for the family on the weekend. Ordering through the app was easy. Unfortunately the driver showed up almost an hour late.,3,2025-08-16 23:41:00,Shawarma Corner,Middle Eastern,73,22.41
R01111,"Ordered biryani for two. Good packaging, food stayed warm. The biryani was hot and perfectly cooked. Will order again!",5,2025-08-18,Spice Route,Indian,31,102.32
R00174,Best salad bowl I've had in a while. Arrived earlier than expected. Thanks!,5,07 Feb 2025,Green Bowl,Healthy,23,77.94
R02079,Arrived earlier than expected.,5,2026-01-23,Slice Republic,Pizza,27,54.89
R00297,Got the chicken plate and a drink. Best chicken plate I've had in a while. Will order again!,5,2025-03-03,Shawarma Corner,Middle Eastern,30,48.97
R00326,arrived earlier than expected. highly recommend.,5,2025-03-09,Green Bowl,Healthy,23,35.41
R02935,"Great flavour, generous portions. Unfortunately new fees appeared at checkout that weren't shown before.",3,2026-06-04,Spice Route,Indian,45,131.29
R01279,"Ordered burger for two. Delivery was fast, arrived in 21 minutes. But packaging was flimsy and the burger got squashed.",4,2025-09-17,Burger Barn,Burgers,21,108.4
R00280,"Delivery was fast, arrived in 23 minutes. Great flavour, generous portions.",5,2025-02-27,Shawarma Corner,Middle Eastern,23,34.81
R01011,Rainy evening order. Good value for money. Will order again!,4,2025-07-27,Golden Wok,Chinese,33,87.85
R02335,The driver was friendly and quick. Thanks!,5,2026-03-03,Slice Republic,Pizza,21,63.48
R02437,Very disappointed. The driver showed up almost an hour late. Won't order again.,2,2026-03-20 13:27:00,Morning Brew Café,Breakfast & Coffee,95,43.88
R00595,"Ordered to the office today. Delivery took 87 minutes, way longer than promised. Won't order again.",1,2025-05-04,Burger Barn,Burgers,87,170.55
R02575,"Ordered to the office today. Good packaging, food stayed warm. Highly recommend.",5,2026-04-09 17:01:00,Burger Barn,Burgers,26,52.14
R02802,Perfect as always,5,2026-05-15,Morning Brew Café,Breakfast & Coffee,18,44.4
R02737,The chicken plate was delicious. Thanks!,4,2026-05-04,Shawarma Corner,Middle Eastern,23,53.34
R00579,Second time this happened. No sauces or cutlery even though I asked for them. Really frustrating.,2,2025-05-01,Taco Fiesta,Mexican,38,52.4
R02321,Love it,4,2026-03-02,GREEN BOWL,Healthy,29,62.91
R00606,Got the cupcakes and a drink. Very disappointed. The container was crushed when it arrived. Really frustrating.,3,2025-05-07,Sweet Spot Desserts,Desserts,33,30.62
R02285,Ordered for the family on the weekend. Everything was packed neatly and nothing spilled. Highly recommend.,5,2026-02-25,Slice Republic,Pizza,45,38.85
R00074,Ugh. My order arrived 63 minutes later than the estimate.,1,2025-01-19 16:55:00,Cedar Grill,Middle Eastern,98,62.12
R00568,Lunch order from Burger Barn. Ugh. My order arrived 41 minutes later than the estimate. Really frustrating.,2,2025-04-28,Burger Barn,Burgers,75,
R00049,"Ordered for the family on the weekend. Good packaging, food stayed warm. Food was fresh and really tasty.",4,2025-01-12,Pasta Piazza,Italian,27,45.51
R02309,"Good packaging, food stayed warm. The driver was friendly and quick. Will order again!",5,2026-02-28,Morning Brew Café,Breakfast & Coffee,19,38.53
R00868,Arrived earlier than expected. Will order again!,5,2025-06-28,Slice Republic,Pizza,32,68.38
R01675,"Ordered the garlic bread for dinner. Half of my order was not in the bag, missing the garlic bread. Expected better.",2,2025-11-28,Slice Republic,Pizza,42,56.15
R02491,Decent burger but I've had better.,3,2026-03-29,Burger Barn,Burgers,41,59.3
R02259,Not happy with this order. My promo code didn't work even though it was valid.,3,"February 20, 2026",Golden Wok,Chinese,34,57.49
R02292,"The garlic bread was hot and perfectly cooked. But delivery took 102 minutes, way longer than promised.",2,2026-02-26,Slice Republic,Pizza,102,78.28
R02596,Ordered the pasta for dinner. The pasta was undercooked in the middle. It said 25 minutes and it took 60. Really frustrating.,2 stars,2026-04-12,Slice Republic,Pizza,60,31.15
R02644,ordered the milkshake for dinner. the drinks were missing again. won't order again.,2,2026-04-19,Burger Barn,Burgers,48,52.71
R01358,Second time this happened. The driver showed up almost an hour late. My wings was missing from the bag. Won't order again.,2,2025-09-30,Slice Republic,Pizza,86,108.91
R01615,"Good packaging, food stayed warm. But the milkshake was cold when it arrived.",3,2025-11-17 23:00:00,Burger Barn,Burgers,47,35.53
R00403,"Ordered to the office today. Good packaging, food stayed warm. Highly recommend.",4,2025-03-24 23:58:00,Slice Republic,Pizza,33,82.87
R01941,"Delivery was fast, arrived in 26 minutes. Ordering through the app was easy.",5,2026-01-03,Golden Wok,Chinese,26,42.91
R01974,Ordered to the office today. Support sorted out my issue quickly. Unfortunately i got someone else's order instead of mine.,3,2026-01-08,Sweet Spot Desserts,Desserts,27,19.35
R01591,"Got the fries and a drink. Very disappointed. Half of my order was not in the bag, missing the fries. Please fix this.",5,12 Nov 2025,Shawarma Corner,Middle Eastern,24,61.88
R00507,Support sorted out my issue quickly. The tacos was hot and perfectly cooked. Highly recommend.,5,2025-04-14,Taco Fiesta,Mexican,31,49.48
R02639,Great food!,5,2026-04-18,Pasta Piazza,Italian,28,59.32
R00558,Terrible experience. My order arrived 49 minutes later than the estimate.,1,2025-04-24,Sakura Sushi House,Sushi,87,98.2
R02506,"Fine for a quick meal, the pizza was average.",4,2026-03-31,Slice Republic,Pizza,39,65.69
R00529,Late night order. Second time this happened. Not worth the price anymore. Really frustrating.,2,2025-04-17,Burger Barn,Burgers,53,41.4
R02145,Ordered for the family on the weekend. Ugh. The drinks were missing again. Drink was spilled and soaked the fries. Please fix this.,2,2026-02-04,Shawarma Corner,Middle Eastern,34,16.59
R01092,Arrived earlier than expected. The chicken plate was hot and perfectly cooked. Thanks!,4,2025-08-14,Shawarma Corner,Middle Eastern,21,37.62
R02414,Second order this week. Terrible experience. Delivery was really slow again tonight. Expected better.,2,2026-03-16,Burger Barn,Burgers,77,51.89
R02960,"Lunch order from Morning Brew Café. Delivery was fast, arrived in 23 minutes. Thanks!",4,2026-06-08,Morning Brew Café,Breakfast & Coffee,23,70.83
R00735,Ugh. The discount wasn't applied and support couldn't fix it. Really frustrating.,2,2025-06-03,Golden Wok,Chinese,47,48.28
R90010,Very disappointed. My order arrived 46 minutes later than the estimate. Really frustrating.,2,2025-06-08,Burger Barn,Burgers,80,27.85
R02551,"It was alright. Not bad, not great.",3,2026-04-06,Slice Republic,Pizza,60,50.58
R02014,Ordered to the office today. Everything was packed neatly and nothing spilled. The only problem: packaging was flimsy and the nachos got squashed.,2,2026-01-13,Taco Fiesta,Mexican,33,74.07
R02623,Not happy with this order. The drinks were missing again. Everything was thrown in one bag with no separation. Won't order again.,2,2026-04-16,Burger Barn,Burgers,36,49.81
R02239,The fries was hot and perfectly cooked. Thanks!,5,2026-02-17 14:55:00,Shawarma Corner,Middle Eastern,25,23.39
R02472,great deal with the promo. will order again!,5,2026-03-25,Burger Barn,Burgers,38,58.76
R01868,terrible experience. the app keeps crashing at checkout. won't order again.,3,2025-12-24,Sakura Sushi House,Sushi,41,200.91
R01730,"Support sorted out my issue quickly. However, tried to contact support, waited 40 minutes in chat with no answer.",2,2025-12-07,Burger Barn,Burgers,31,49.12
R02995,Ordered the sushi platter for dinner. Food was fresh and really tasty. Thanks!,5,2026-06-15,Sakura Sushi House,Sushi,40,98.5
R01443,Rainy evening order. Terrible experience. Everything was lukewarm at best.,1,2025-10-16,Slice Republic,Pizza,30,48.4
R03061,"Ordered for the family on the weekend. Great flavour, generous portions. Good value for money. Thanks!",1,,Green Bowl,Healthy,39,57.25
R02303,Rainy evening order. Second time this happened. Ordered three items and only got two. Please fix this.,2,2026-02-28,Cedar Grill,Middle Eastern,41,82.38
R02354,First time trying Cedar Grill. Good value for money. Thanks!,5,2026-03-06,Cedar Grill,Middle Eastern,35,91.18
R02484,Ordered nachos for two. The nachos was delicious. Ordering through the app was easy. Highly recommend.,4,2026-03-27,Taco Fiesta,Mexican,27,49.21
R01533,Lunch order from Pasta Piazza. Arrived earlier than expected. Will order again!,4,2025-11-03,Pasta Piazza,Italian,27,67.87
R02444,Great food!,5,2026-03-21,Burger Barn,Burgers,40,50.46
R00991,"Great flavour, generous portions. Will order again!",5,2025-07-24,Slice Republic,Pizza,26,86.16
R03020,Rainy evening order. Ordering through the app was easy. Thanks!,5,2026-06-18,Sakura Sushi House,Sushi,36,149.68
R02947,Second time this happened. It said 25 minutes and it took 63. Really frustrating.,3,2026-06-06,Cedar Grill,Middle Eastern,63,123.55
R01226,"Ordered chicken plate for two. Terrible experience. After the update the app is so buggy, couldn't even open the menu.",2,2025-09-08,Shawarma Corner,Middle Eastern,27,49.65
R02607,Rainy evening order. Ugh. Fries were cold and soggy. Won't order again.,1,2026-04-14,Golden Wok,Chinese,52,175.83
R01761,Ordered to the office today. Ugh. Delivery was really slow again tonight. Won't order again.,2,2025-12-09,Burger Barn,Burgers,88 min,99.41
R00811,The hummus was hot and perfectly cooked.,4,2025-06-19,Cedar Grill,Middle Eastern,51,128.01
R00904,Terrible experience. The driver showed up almost an hour late. Please fix this.,2,2025-07-05,Sweet Spot Desserts,Desserts,66,22.98
R01214,Everything was packed neatly and nothing spilled. The only problem: bread was stale and the garlic bread tasted old.,2,2025-09-06,Slice Republic,Pizza,35,114.75
R02282,Rainy evening order. Very disappointed. No sauces or cutlery even though I asked for them. Customer support never replied to my complaint. Really frustrating.,2,2026-02-25,Spice Route,Indian,62,70.79
R02634,   ,1,18 Apr 2026,Taco Fiesta,Mexican,50,83.1
R00109,"Very disappointed. Delivery took 91 minutes, way longer than promised. Support just sent a copy-paste message and closed the ticket.",3,"January 25, 2025",Spice Route,Indian,91,42.85
R01518,great deal with the promo. arrived earlier than expected.,4,2025-11-01,Sakura Sushi House,Sushi,39,157.07
R00927,Ordered for the family on the weekend. Very disappointed. Everything was thrown in one bag with no separation. Please fix this.,3,2025-07-08,Shawarma Corner,Middle Eastern,35,41.84
R00319,customer support never replied to my complaint. please fix this.,2,2025-03-07,Sakura Sushi House,Sushi,41,114.22
R02121,Second order this week. The falafel was hot and perfectly cooked. Highly recommend.,4,"January 31, 2026",Cedar Grill,Middle Eastern,30,103.73
R00565,Support sorted out my issue quickly. Highly recommend.,4,2025-04-26,Shawarma Corner,Middle Eastern,27,49.58
R02789,Lunch order from Pasta Piazza. Support sorted out my issue quickly. Highly recommend.,4,2026-05-13,Pasta Piazza,Italian,36,67.83
R00103,The driver was friendly and quick. Thanks!,4,25 Jan 2025,Morning Brew Café,Breakfast & Coffee,18,42.38
R00756,  Ordered the hummus for dinner.<br>  Good value for money.<br>  Arrived earlier than expected.  ,5,2025-06-08,CEDAR GRILL,Middle Eastern,22,108.46
R01252,"Terrible experience. The app logged me out in the middle of ordering. Half of my order was not in the bag, missing the biryani. Really frustrating.",1,2025-09-11,Spice Route,Indian,63,58.18
R01972,Got the carbonara and a drink. Support sorted out my issue quickly. Highly recommend.,4,2026-01-07 21:55:00,Pasta Piazza,Italian,44,57.14
R01117,Not happy with this order. My order never arrived and nobody could tell me where it was. The soup leaked all over the bag. Really frustrating.,10,2025-08-19,Golden Wok,Chinese,22,66.62
R01478,Got the milkshake and a drink. Ugh. Delivery was really slow again tonight.,3,2025-10-25,Burger Barn,Burgers,82,94.41
R02964,Ordered for the family on the weekend. Great deal with the promo. Will order again!,4,2026-06-09,Golden Wok,Chinese,30 min,106.82
R02209,Everything was packed neatly and nothing spilled. Will order again!,5,2026-02-12,Green Bowl,Healthy,25,87.67
R01346,"Quality has gone down, the chicken sandwich tasted cheap. Really frustrating.",2,28 Sep 2025,Burger Barn,Burgers,31,38.14
R00686,Very disappointed. The delivery guy didn't follow the drop-off instructions at all. Please fix this.,1,22 May 2025,Shawarma Corner,Middle Eastern,34,-20
R00671,Ordering through the app was easy.,5,2025-05-19,Shawarma Corner,Middle Eastern,31,66.93
R00573,The tacos was hot and perfectly cooked. But it said 25 minutes and it took 43.,3,"April 29, 2025",Taco Fiesta,Mexican,43,72.94
R00057,First time trying Golden Wok. Ugh. Delivery was really slow again tonight. Please fix this.,3,2025-01-14,Golden Wok,Chinese,84,44.02
R01830,First time trying Burger Barn. Arrived earlier than expected. But ordered three items and only got two.,3,"December 19, 2025",Burger Barn,Burgers,42,69.2
R01667,Got the chicken sandwich and a drink. The driver was friendly and quick. The chicken sandwich was hot and perfectly cooked. Will order again!,5,2025-11-26,Burger Barn,Burgers,23,39.28
R03077,   ,5,2026-06-28,Taco Fiesta,Mexican,32,56.66
R00597,"First time trying Green Bowl. Great flavour, generous portions. Will order again!",4,2025-05-04,Green Bowl,Healthy,27,64.63
R00469,"Late night order. Second time this happened. Received the wrong cupcakes, not what I ordered. Everything was lukewarm at best. Please fix this.",2,2025-04-06,Sweet Spot Desserts,Desserts,42,32.56
R01927,First time trying Burger Barn. Terrible experience. My card was declined in the app but works everywhere else. Expected better.,2,2025-12-31,Burger Barn,Burgers,46,34.76
R01685,Arrived earlier than expected.,5,2025-11-30,Slice Republic,Pizza,26,61.83
R00536,"good value for money. unfortunately waited over 83 minutes for my food, the eta kept changing.",4,2025-04-18,Sakura Sushi House,Sushi,83,103.03
R02595,Payment failed but I was still charged. Won't order again.,2,2026-04-12,Burger Barn,Burgers,39,30.45
R02203,Second order this week. Arrived earlier than expected. Thanks!,4,2026-02-12,Morning Brew Café,Breakfast & Coffee,17,16.73
R02785,Ordered cheesecake for two. Not happy with this order. The driver showed up almost an hour late. Please fix this.,1,2026-05-12,Sweet Spot Desserts,Desserts,76,32.42
R03009,"Great flavour, generous portions.",4,2026-06-17,Taco Fiesta,Mexican,36,37.96
R01815,"Ordered for the family on the weekend. Good packaging, food stayed warm. However, fries were cold and soggy.",4,2025-12-17,Burger Barn,Burgers,34,84.73
R01749,The driver was friendly and quick.,5,2025-12-08,Golden Wok,Chinese,36,140.03
R00070,"Second order this week. Nothing wrong with it, nothing exciting either.",4,2025-01-17,Golden Wok,Chinese,39,43.9
R02866,Ordered hot and sour soup for two. Everything was packed neatly and nothing spilled.,5,2026-05-25,Golden Wok,Chinese,52,80.42
R01779,kebab plate was as expected. Delivery took 31 minutes.,2,2025-12-11,Cedar Grill,Middle Eastern,31,77.55
R00437,Got the butter chicken and a drink. Arrived earlier than expected.,4,2025-04-01,Spice Route,Indian,36,109.91
R02148,"Very disappointed. Honestly the fries was not good, way too salty. They refused to refund the missing items.",1,2026-02-05,Burger Barn,Burgers,35,46.09
R02839,"Late night order. Order was okay, nothing special.",2,2026-05-20,Green Bowl,Healthy,24,46.27
R00209,Late night order. Ugh. The soup leaked all over the bag. Please fix this.,1,2025-02-15,Spice Route,Indian,22,78.92
R03014,"Great flavour, generous portions. Ordering through the app was easy. Thanks!",5,17 Jun 2026,Golden Wok,Chinese,31,105.41
R00566,N/A,2,2025-04-27,Spice Route,Indian,56,125.69
R00314,Rainy evening order. The wings was delicious. The only problem: the driver showed up almost an hour late.,3,2025-03-06,Slice Republic,Pizza,84,50.28
R00234,Lunch order from Sakura Sushi House. The driver was friendly and quick. Highly recommend.,4,2025-02-19,Sakura Sushi House,Sushi,30,202.03
R02647,Decent pancakes but I've had better.,2,2026-04-19,Morning Brew Café,Breakfast & Coffee,17,23.65
R00760,The driver was friendly and quick. Highly recommend.,4,2025-06-08,Cedar Grill,Middle Eastern,34,63.22
R02969,Perfect as always,5,10 Jun 2026,Morning Brew Café,Breakfast & Coffee,31,65.55
R00112,Late night order. Everything was packed neatly and nothing spilled. Good value for money. Will order again!,5,2025-01-26,Cedar Grill,Middle Eastern,35,139.25
R01805,Late night order. Best acai bowl I've had in a while. Highly recommend.,4,2025-12-16,Green Bowl,Healthy,36,71.12
R00832,Good value for money.,5,2025-06-23,Green Bowl,Healthy,17,38.81
R01784,Rainy evening order. Not happy with this order. Packaging was flimsy and the tacos got squashed. Expected better.,2,2025-12-11,Taco Fiesta,Mexican,31,49.8
R00810,Not happy with this order. Delivery was really slow again tonight. Won't order again.,1,"June 19, 2025",Burger Barn,Burgers,58,54.03
R02426,"It was alright. Not bad, not great.",4,2026-03-17,Burger Barn,Burgers,39,37.89
R00473,"Great flavour, generous portions.",5,2025-04-06,Golden Wok,Chinese,33,51.7
R03092,Good value for money. The only problem: no sauces or cutlery even though I asked for them.,3,2026-06-29,Cedar Grill,Middle Eastern,51,135.55
R01651,"Terrible experience. Prices went up again, 70 for a small meal is too much. Won't order again.",3,2025-11-24,Cedar Grill,Middle Eastern,37,69.65
R00728,My card was declined in the app but works everywhere else. Won't order again.,3,2025-06-01,Taco Fiesta,Mexican,25 min,63.08
R01147,Great deal with the promo. Ordering through the app was easy. Highly recommend.,3,2025-08-25,Morning Brew Café,Breakfast & Coffee,16,33.34
R02715,Everything was packed neatly and nothing spilled. Best smoothie I've had in a while.,4,2026-05-01,Green Bowl,Healthy,30,80.61
R00622,Ordered the butter chicken for dinner. Best butter chicken I've had in a while. Tracking was accurate the whole way.,5,2025-05-10,Spice Route,Indian,46,94.67
R02511,Ordered to the office today. The quesadilla was delicious. Good value for money.,4,2026-04-01,Taco Fiesta,Mexican,41,$61.93
R01946,the driver was friendly and quick. unfortunately the container was crushed when it arrived.,3,2026-01-04,Spice Route,Indian,34 min,132.69
R03008,"Lunch order from Golden Wok. Great flavour, generous portions. Will order again!",5,2026-06-17,Golden Wok,Chinese,41,25.07
R02442,Ordered kebab plate for two. The driver was friendly and quick. Will order again!,4,2026-03-21,Cedar Grill,Middle Eastern,33,52.86
R00362,"Late night order. Mixed feelings, the hummus was good but the sides were meh.",3,2025-03-16 15:16:00,Cedar Grill,Middle Eastern,29,72.99
R00136,"Ordered to the office today. Great flavour, generous portions.",4,2025-01-31,slice republic,Pizza,29,126.19
R01399,Very disappointed. My promo code didn't work even though it was valid. Won't order again.,2,2025-10-06,Morning Brew Café,Breakfast & Coffee,21,38.73
R02313,Ordered the naan for dinner. Best naan I've had in a while.,5,2026-03-01,Spice Route,Indian,58,104.42
R00890,Not happy with this order. Ordered three items and only got two. Please fix this.,2,2025-07-02,Sakura Sushi House,Sushi,38,161.24
R02408,Second order this week. Tracking was accurate the whole way. Highly recommend.,5,2026-03-15 20:05:00,Shawarma Corner,Middle Eastern,30,47.76
R00367,Best chicken plate I've had in a while. Highly recommend.,5,2025-03-16,Shawarma Corner,Middle Eastern,27,32.81
R01908,"Lunch order from Slice Republic. Honestly the garlic bread was not good, way too salty. Packaging was flimsy and the garlic bread got squashed. Please fix this.",2,"December 29, 2025",Slice Republic,Pizza,46,76.14
R00030,Ordering through the app was easy. The only problem: i got someone else's order instead of mine.,3,2025-01-08,Burger Barn,Burgers,32,51.57
R02664,Perfect as always,5,2026-04-22,Burger Barn,Burgers,29,79.45
R00023,Ordered the brownie for dinner. Average experience. Food was fine and arrived on time.,1,2025-01-05,Sweet Spot Desserts,Desserts,28,66.83
R01423,Got the garlic sauce and a drink. The garlic sauce was okay. Arrived in about 26 minutes.,2,2025-10-11,Shawarma Corner,Middle Eastern,26,49.51
R01012,Very disappointed. It said 25 minutes and it took 62. Won't order again.,2,2025-07-28,Slice Republic,Pizza,62,36.79
R01054,Very disappointed. The garlic sauce was cold when it arrived. Please fix this.,2,2025-08-08,Shawarma Corner,Middle Eastern,31,37.09
R00421,lunch order from slice republic. not happy with this order. bread was stale and the wings tasted old. expected better.,2,2025-03-28,  Slice Republic ,Pizza,36,69.56
R03033,"Lunch order from Shawarma Corner. Great flavour, generous portions. Highly recommend.",4,2026-06-20 11:01:00,Shawarma Corner,Middle Eastern,24,39.73
R00461,Ordered wings for two. The wings was delicious. Thanks!,4,"April 05, 2025",Slice Republic,Pizza,32,104.17
R00044,The wrap was hot and perfectly cooked. Highly recommend.,4,2025-01-11,Green Bowl,Healthy,26,78.68
R00088,"  Tracking was accurate the whole way.<br>  But sauce spilled everywhere, the box was a mess.  ",3,2025-01-22,Shawarma Corner,Middle Eastern,31 min,73.65
R00963,Late night order. Food was fresh and really tasty. Thanks!,four,2025-07-18,Green Bowl,Healthy,36,55.33
R01412,Good value for money. Will order again!,5,2025-10-09,Spice Route,Indian,44,102.79
R02941,Best hummus I've had in a while. Thanks!,5,2026-06-05,Cedar Grill,Middle Eastern,26,85.98
R00562,Best fried rice I've had in a while. Thanks!,5,2025-04-26,Golden Wok,Chinese,29,84.22
R00283,"Got the ramen and a drink. Great flavour, generous portions. Highly recommend.",5,2025-02-27,Sakura Sushi House,Sushi,45,93.85
R02630,Great deal with the promo. Highly recommend.,5,2026-04-17,Morning Brew Café,Breakfast & Coffee,19,33.83
R00694,Food was fresh and really tasty. Highly recommend.,4,2025-05-24,Sweet Spot Desserts,Desserts,38,53.89
R01262,Ugh. No sauces or cutlery even though I asked for them. Expected better.,1,2025-09-13,Spice Route,Indian,31,110.69
R03030,10/10 would order again,5,2026-06-19,Sweet Spot Desserts,Desserts,22,28.31
R01360,"Great flavour, generous portions.",4,2025-09-30,Pasta Piazza,Italian,39,229.88
R00534,"Rainy evening order. Terrible experience. Refund was only a voucher, not my money back.",2,2025-04-18,Sakura Sushi House,Sushi,25,128.16
R01938,Lunch order from Taco Fiesta. The quesadilla was hot and perfectly cooked. Thanks!,,2026-01-02,Taco Fiesta,Mexican,44,68.46
R02612,decent milkshake but i've had better.,3,2026-04-15,Burger Barn,Burgers,26,47.31
R02308,New fees appeared at checkout that weren't shown before. The drinks were missing again. Really frustrating.,2,28 Feb 2026,Sakura Sushi House,Sushi,,191.42
R02949,Got the chicken plate and a drink. Arrived earlier than expected. Thanks!,5,2026-06-06,Shawarma Corner,Middle Eastern,17,32.8
R02677,Good value for money. Thanks!,5,2026-04-24,Slice Republic,Pizza,42,76.17
R02255,First time trying Morning Brew Café. Great deal with the promo. Will order again!,5,2026-02-19,Morning Brew Café,Breakfast & Coffee,25,24.99
R02745,Very disappointed. My order arrived 16 minutes later than the estimate. Really frustrating.,1,06 May 2026,Slice Republic,Pizza,52,43.51
R00696,Tracking was accurate the whole way. Arrived earlier than expected.,5,2025-05-24,Spice Route,Indian,32,89.4
R02840,Second order this week. The kebab plate was delicious. Highly recommend.,5,2026-05-20,Cedar Grill,Middle Eastern,,67.13
R00638,"Got the brownie and a drink. Terrible experience. Half of my order was not in the bag, missing the brownie. Really frustrating.",2,2025-05-13,Sweet Spot Desserts,Desserts,29,20.33
R00766,Very disappointed. The driver showed up almost an hour late. Expected better.,1,2025-06-10,Cedar Grill,Middle Eastern,51,114.99
R00683,Ordered croissant for two. Arrived earlier than expected. Will order again!,4,22 May 2025,Morning Brew Café,Breakfast & Coffee,14,40.14
R01376,Ordering through the app was easy. The fried rice was hot and perfectly cooked.,5,2025-10-03,Golden Wok,Chinese,30,117.67
R02338,Not happy with this order. Got charged twice for the same order.,1,2026-03-04,Shawarma Corner,Middle Eastern,45,34.29
R00790,"Great deal with the promo. The only problem: prices went up again, 40 for a small meal is too much.",4,2025-06-15,Taco Fiesta,Mexican,30,39.97
R02878,Rainy evening order. The noodles was hot and perfectly cooked. Highly recommend.,4,2026-05-27,Golden Wok,Chinese,42,81.08
R01079,Perfect as always,5,12 Aug 2025,Cedar Grill,Middle Eastern,37,74.09
R00222,Ordered the wings for dinner. The wings was cold when it arrived. Really frustrating.,3,2025-02-17 20:22:00,Slice Republic,Pizza,37,49.57
R00544,Ugh. I got someone else's order instead of mine. Won't order again.,2,2025-04-19,Burger Barn,Burgers,32,100.55
R01374,"Delivery was fast, arrived in 31 minutes. Will order again!",4,2025-10-03,Spice Route,Indian,31,70.73
R02286,Best pizza I've had in a while. Thanks!,4,25 Feb 2026,Slice Republic,Pizza,27,114.79
R00730,"lunch order from slice republic. good packaging, food stayed warm. the pasta was delicious. highly recommend.",4,2025-06-02,Slice Republic,Pizza,26,85.54
R00928,Second order this week. Ugh. Way too expensive for the portion size. Please fix this.,3/5,2025-07-08,Spice Route,Indian,33,88.08
R02355,"First time trying Taco Fiesta. Ugh. Food was marked as delivered to the wrong building, never got it. Expected better.",1,06 Mar 2026,Taco Fiesta,Mexican,38,19.06
R02722,"Ordered to the office today. Good packaging, food stayed warm. Thanks!",4,2026-05-02,Sakura Sushi House,Sushi,35,158.23
R02817,Lunch order from Shawarma Corner. Second time this happened. My garlic sauce was missing from the bag. Expected better.,2,2026-05-17,Shawarma Corner,Middle Eastern,,50.99
R02788,Ordered for the family on the weekend. Terrible experience. Order status never updated after it was picked up. Expected better.,3,2026-05-13,Spice Route,Indian,45,89.47
R00680,"Good packaging, food stayed warm. Will order again!",5,2025-05-21,Sweet Spot Desserts,Desserts,28,47.56
R01160,Best gyoza I've had in a while. Unfortunately the drinks were missing again.,3,2025-08-28,Sakura Sushi House,Sushi,46,$92.63
R02094,Good value for money. Thanks!,5,2026-01-25,Sakura Sushi House,Sushi,48,153.58
R01840,"Order was okay, nothing special.",3,2025-12-21 10:09:00,Green Bowl,Healthy,44,60.78
R00273,Not happy with this order. The garlic sauce was cold when it arrived. Expected better.,2,2025-02-26,Shawarma Corner,Middle Eastern,33,66.12
R00522,"Ordered the fried rice for dinner. The fried rice was delicious. Good packaging, food stayed warm. Highly recommend.",4,2025-04-16 20:27:00,Golden Wok,Chinese,65,80.82
R00523,"Delivery was fast, arrived in 35 minutes. Unfortunately didn't enjoy the food at all this time.",4,2025-04-16,Burger Barn,Burgers,35,39.34
R01724,"Order was okay, nothing special.",2,2025-12-06,Spice Route,Indian,49,105.51
R01098,The latte was delicious. Will order again!,5,"August 16, 2025",Morning Brew Café,Breakfast & Coffee,24,33.8
R02024,First time trying Taco Fiesta. Support sorted out my issue quickly.,4,2026-01-16,Taco Fiesta,Mexican,28,153.37
R00351,Got the cupcakes and a drink. Food was fine. Delivery was a bit slow but acceptable.,3,2025-03-13,Sweet Spot Desserts,Desserts,23,40.28
R01043,The driver was friendly and quick.,4,2025-08-04,Shawarma Corner,Middle Eastern,28,102.19
R90017,"mixed feelings, the butter chicken was good but the sides were meh.",0,2025-11-08,Spice Route,Indian,48,47.16
R02468,"Late night order. Mixed feelings, the pizza was good but the sides were meh.",3,2026-03-25,Slice Republic,Pizza,39,60.69
R00652,Food was fresh and really tasty. The driver was friendly and quick.,5,2025-05-14,Cedar Grill,Middle Eastern,23,74.81
R01957,"Ugh. Waited over 52 minutes for my food, the ETA kept changing. Drink was spilled and soaked the chicken plate. Really frustrating.",3,2026-01-06,Shawarma Corner,Middle Eastern,52,22.72
R01645,Lunch order from Sakura Sushi House. Decent salmon roll but I've had better.,3,2025-11-23,Sakura Sushi House,Sushi,44,213.67
R02759,"Standard order, no complaints but nothing memorable.",3,2026-05-08,Sakura Sushi House,Sushi,41,125.42
R02495,Ugh. It said 25 minutes and it took 79. Won't order again.,2,2026-03-29,Slice Republic,Pizza,79 min,70.83
R01473,"lunch order from cedar grill. the kebab plate was hot and perfectly cooked. good packaging, food stayed warm. will order again!",5,2025-10-24,Cedar Grill,Middle Eastern,51,91.04
R03082,"Lunch order from Spice Route. Delivery was fast, arrived in 39 minutes.",5,2026-06-28,Spice Route,Indian,39,81.85
R01243,The driver was friendly and quick. Best milkshake I've had in a while. Highly recommend.,5,2025-09-10,Burger Barn,Burgers,21,SAR 68.89
R00169,arrived earlier than expected.,5,2025-02-06,Burger Barn,Burgers,30,47.92
R02668,Arrived earlier than expected. But delivery was really slow again tonight.,3,2026-04-22,Cedar Grill,Middle Eastern,81,63.75
R01715,Ordered for the family on the weekend. Best wrap I've had in a while.,4,2025-12-05,Green Bowl,Healthy,22,55.85
R00865,First time trying Sakura Sushi House. Good value for money. Thanks!,5,2025-06-28,Sakura Sushi House,Sushi,26,144.12
R00946,Lunch order from Pasta Piazza. The lasagna was hot and perfectly cooked.,5,2025-07-13,Pasta Piazza,Italian,38,64.49
R00860,Best pasta I've had in a while. Thanks!,5,2025-06-27,Slice Republic,Pizza,33,66.26
R02976,Best falafel I've had in a while.,5,2026-06-12,Cedar Grill,Middle Eastern,27,71.31
R03015,Great deal with the promo. The only problem: the soup leaked all over the bag.,3,2026-06-18,Burger Barn,Burgers,38,69.37
R03045,Ugh. It said 25 minutes and it took 48. Really frustrating.,2,2026-06-22,Golden Wok,Chinese,48,52.58
R01407,ordered smoothie for two. food was fine. delivery was a bit slow but acceptable.,3,"October 07, 2025",Green Bowl,Healthy,24,49.06
R02381,Tracking was accurate the whole way.,5,2026-03-10,Cedar Grill,Middle Eastern,34 min,91.79
R00220,Ordered milkshake for two. The milkshake was delicious. Unfortunately not worth the price anymore.,3,2025-02-17,Burger Barn,Burgers,45,85.81
R00368,Ordered tacos for two. Great deal with the promo. Highly recommend.,4,"March 16, 2025",Taco Fiesta,Mexican,38,54.66
R01948,The driver was friendly and quick. Will order again!,5,2026-01-04 22:27:00,Pasta Piazza,Italian,42,111.65
R02045,Ordered to the office today. Food was fresh and really tasty. Thanks!,5,"January 19, 2026",Green Bowl,Healthy,25,61.08
R02427,10/10 would order again,4,2026-03-18,Pasta Piazza,Italian,39,60.12
R02280,First time trying Pasta Piazza. The driver was friendly and quick. Will order again!,4,2026-02-24,Pasta Piazza,Italian,26,79.51
R02400,Rainy evening order. Arrived earlier than expected. The only problem: payment failed but I was still charged.,4,2026-03-14,Spice Route,Indian,37,40.13
R00352,Food was fresh and really tasty.,5,2025-03-14,Sakura Sushi House,Sushi,26,166.07
R02257,Got the shawarma wrap and a drink. Great deal with the promo. Thanks!,5,2026-02-20 13:04:00,Shawarma Corner,Middle Eastern,29,46.07
R01555,   ,5,"November 07, 2025",Shawarma Corner,Middle Eastern,16 min,44.13
R02020,"Late night order. Arrived earlier than expected. Good packaging, food stayed warm. Highly recommend.",4,2026-01-14,Taco Fiesta,Mexican,29,35.4
R00491,Late night order. Ugh. Not worth the price anymore. My order arrived 22 minutes later than the estimate. Expected better.,2,2025-04-10,Shawarma Corner,Middle Eastern,50,48.22
R02862,The garlic bread was delicious. Will order again!,5,2026-05-25 14:07:00,Slice Republic,Pizza,26,86.93
R02845,"Mixed feelings, the pasta was good but the sides were meh.",3,2026-05-21,Slice Republic,Pizza,,61.98
R00499,Arrived earlier than expected. Good value for money. Highly recommend.,4,2025-04-12,Spice Route,Indian,30,188.32
R02463,Ordered ice cream for two. Best ice cream I've had in a while.,5,2026-03-23,Sweet Spot Desserts,Desserts,36,44.34
R00211,Not happy with this order. App froze twice while I was placing the order. Expected better.,2,2025-02-15,Cedar Grill,Middle Eastern,28,70.42
R00930,"Rainy evening order. Terrible experience. Honestly the biryani was not good, way too salty. Expected better.",2,2025-07-09,Spice Route,Indian,38,97.98
R02458,"Second order this week. Second time this happened. Food came cold, had to reheat the garlic sauce myself. Expected better.",1,2026-03-23,Shawarma Corner,Middle Eastern,43,23.95
R00651,N/A,4,2025-05-14,Pasta Piazza,Italian,32,45.02
R00228,Lunch order from Golden Wok. Arrived earlier than expected.,5,2025-02-18,Golden Wok,Chinese,26,37.01
R00366,Rainy evening order. Ugh. Didn't enjoy the food at all this time. Please fix this.,3,2025-03-16,Golden Wok,Chinese,37,69.1
R02527,Ordered for the family on the weekend. Best tacos I've had in a while. Thanks!,5,2026-04-03,Taco Fiesta,Mexican,30,69.9
R00277,"Not happy with this order. Quality has gone down, the salad bowl tasted cheap.",2,2025-02-26,Green Bowl,Healthy,30,66.85
R02125,Food was fresh and really tasty. Will order again!,5,2026-02-01,Spice Route,Indian,37,63.3
R03083,10/10 would order again,5,2026-06-28,BURGER BARN,Burgers,26,62.86
R00762,Ordered for the family on the weekend. Best ice cream I've had in a while. The only problem: delivery was really slow again tonight.,4,2025-06-08,Sweet Spot Desserts,Desserts,64,38.7
R01091,Ordered to the office today. Best dumplings I've had in a while. Unfortunately everything was thrown in one bag with no separation.,4,2025-08-14,Golden Wok,Chinese,27,77.01
R02223,First time trying Shawarma Corner. The chicken plate was hot and perfectly cooked. Thanks!,4,2026-02-15,Shawarma Corner,Middle Eastern,19,50.03
R00408,Second time this happened. My card was declined in the app but works everywhere else.,2,2025-03-25,Pasta Piazza,Italian,39,84.38
R02680,Ordered acai bowl for two. Ordering through the app was easy. Thanks!,5,2026-04-24,Green Bowl,Healthy,27,49.49
R01058,The driver was friendly and quick. Everything was packed neatly and nothing spilled. Thanks!,4,08 Aug 2025,Sweet Spot Desserts,Desserts,24,41.16
R02487,  The cheesecake was delicious.<br>  Highly recommend.  ,5,2026-03-28,Sweet Spot Desserts,Desserts,29,18.34
R90005,They sent a completely different sushi platter. Really frustrating.,1,2025-09-29,Sakura Sushi House,Sushi,40,122.35
R01961,"Got the tiramisu and a drink. Delivery was fast, arrived in 26 minutes. Highly recommend.",5,2026-01-06,Pasta Piazza,Italian,26,32.02
R02562,Late night order. Very disappointed. My garlic bread was missing from the bag. Please fix this.,3,2026-04-07,Slice Republic,Pizza,43,55.31
R01232,Second time this happened. Delivery was really slow again tonight.,2,2025-09-08,Pasta Piazza,Italian,101,40.48
R00008,got the acai bowl and a drink. best acai bowl i've had in a while. thanks!,4,2025-01-02,Green Bowl,Healthy,25,63.2
R00841,Food was fresh and really tasty. Highly recommend.,4,2025-06-24,Green Bowl,Healthy,28,37.08
R01378,"Very disappointed. Sauce spilled everywhere, the box was a mess. Expected better.",3,2025-10-03,Burger Barn,Burgers,39,96.77
R01245,Late night order. Food was fresh and really tasty. Thanks!,5,10 Sep 2025,Sakura Sushi House,Sushi,46,113.65
R00416,"Order was okay, nothing special.",3,2025-03-27,Sweet Spot Desserts,Desserts,31,20.96
R01256,Ordered the garlic sauce for dinner. Arrived earlier than expected. Will order again!,5,2025-09-12,Shawarma Corner,Middle Eastern,23,22.04
R01881,Second order this week. The fries was hot and perfectly cooked. Highly recommend.,5,2025-12-25,Shawarma Corner,Middle Eastern,23,22.58
R01321,"Very disappointed. Honestly the gyoza was not good, way too salty. Please fix this.",2,2025-09-23,Sakura Sushi House,Sushi,40,110.54
R02283,Best chicken sandwich I've had in a while. Thanks!,5,2026-02-25,Burger Barn,Burgers,58,45.98
R00200,Second time this happened. My promo code didn't work even though it was valid. Won't order again.,2,2025-02-14 13:39:00,Spice Route,Indian,45,97.57
R01104,Second time this happened. The app keeps crashing at checkout.,1,17 Aug 2025,Golden Wok,Chinese,26,58.8
R01654,Ugh. The courier was rude when he handed over the bag. The drinks were missing again. Won't order again.,1,2025-11-25,Spice Route,Indian,50,112.1
R00284,Best smoothie I've had in a while. Will order again!,5,2025-02-28,  Green Bowl ,Healthy,32,91.2
R00232,Ordered to the office today. Good value for money. The wrap was hot and perfectly cooked. Will order again!,4,"February 19, 2025",Green Bowl,Healthy,35,71.42
R00799,Second order this week. Terrible experience. The app logged me out in the middle of ordering. Won't order again.,2,2025-06-16,Golden Wok,Chinese,32,46.2
R01101,Second order this week. Terrible experience. Driver refused to come up to the door and left the food downstairs. Won't order again.,2,2025-08-16,Burger Barn,Burgers,30,59.74
R00097,Ordered to the office today. Everything was packed neatly and nothing spilled. Good value for money. Will order again!,4,2025-01-24,sakura sushi house,Sushi,,151.05
R01544,Ordered breakfast sandwich for two. Great deal with the promo. The breakfast sandwich was delicious. Will order again!,5,2025-11-04,Morning Brew Café,Breakfast & Coffee,27,60.64
R00271,"Ordered the risotto for dinner. The risotto was delicious. Delivery was fast, arrived in 39 minutes. Will order again!",4,25 Feb 2025,Pasta Piazza,Italian,39,80.74
R01579,"Very disappointed. Prices went up again, 146 for a small meal is too much. Expected better.",1,2025-11-11,Sakura Sushi House,Sushi,46,145.65
R00875,Ordered for the family on the weekend. The driver was friendly and quick. Will order again!,5,2025-06-30 10:03:00,Cedar Grill,Middle Eastern,23,36.61
R01273,Ugh. Delivery was really slow again tonight. Won't order again.,2,"September 16, 2025",Pasta Piazza,Italian,79,56.95
R01488,"Great flavour, generous portions. Thanks!",4,2025-10-27,Cedar Grill,Middle Eastern,42 min,109.28
R03047,"late night order. delivery was fast, arrived in 30 minutes.",5,"June 22, 2026",Slice Republic,Pizza,30,57.6
R02753,"Ordered to the office today. Good packaging, food stayed warm. Will order again!",4,2026-05-07,Cedar Grill,Middle Eastern,30,
R03021,Ordered chicken sandwich for two. Support sorted out my issue quickly. The chicken sandwich was delicious. Thanks!,4,2026-06-18,Burger Barn,Burgers,42,49.79
R01567,,4,2025-11-08,Cedar Grill,Middle Eastern,37,75.66
R00105,Good value for money. Thanks!,5,2025-01-25,Cedar Grill,Middle Eastern,24,97.57
R02377,ugh. everything was thrown in one bag with no separation.,2,2026-03-10,Golden Wok,Chinese,22,84.17
R01189,Food was fresh and really tasty. Tracking was accurate the whole way. Thanks!,5,2025-09-02,Golden Wok,Chinese,32,40.91
R02109,Lunch order from Golden Wok. The driver was friendly and quick.,5,"January 29, 2026",Golden Wok,Chinese,36,45.26
R02528,"Good packaging, food stayed warm.",5,2026-04-03,Slice Republic,Pizza,34,44.8
R03029,Second time this happened. Packaging was flimsy and the fried rice got squashed. Please fix this.,2,2026-06-19,Golden Wok,Chinese,36,74.18
R01323,"Terrible experience. Delivery took 74 minutes, way longer than promised. The drinks were missing again. Really frustrating.",1,2025-09-23 20:25:00,Burger Barn,Burgers,74,33.98
R02659,"Delivery was fast, arrived in 26 minutes. The only problem: received the wrong shawarma wrap, not what I ordered.",3,2026-04-22,SHAWARMA CORNER,Middle Eastern,26,60.74
R02030,lunch order from shawarma corner. food was fresh and really tasty.,5,2026-01-17,Shawarma Corner,Middle Eastern,,59.92
R00745,"Good value for money. However, received the wrong milkshake, not what I ordered.",3,2025-06-05,Burger Barn,Burgers,33,44.22
R00227,Second order this week. Food was fresh and really tasty. Will order again!,5,2025-02-18 15:19:00,Shawarma Corner,Middle Eastern,42,50.79
R01617,Love it,5,2025-11-18 11:55:00,Slice Republic,Pizza,45,90.42
R00943,Ordered for the family on the weekend. Ugh. I got someone else's order instead of mine.,2.0,2025-07-12,Shawarma Corner,Middle Eastern,32,28.57
R01503,perfect as always,4,2025-10-30 13:06:00,Slice Republic,Pizza,21,53.77
R01675,"Ordered the garlic bread for dinner. Half of my order was not in the bag, missing the garlic bread. Expected better.",2,2025-11-28,Slice Republic,Pizza,42,56.15
R01737,"Good value for money. However, fries were cold and soggy.",2,2025-12-07,Golden Wok,Chinese,25,95.17
R01801,Got the milkshake and a drink. Food was fresh and really tasty.,5,2025-12-15,Burger Barn,Burgers,37,60.31
R01049,"Good packaging, food stayed warm. Highly recommend.",5,2025-08-07 14:02:00,Green Bowl,Healthy,31,64.5
R02429,The driver showed up almost an hour late. Really frustrating.,2,"March 18, 2026",Slice Republic,Pizza,74,77.37
R02250,Love it,5,2026-02-19,Pasta Piazza,Italian,32,76.73
R01211,Second order this week. Food was fresh and really tasty. Everything was packed neatly and nothing spilled. Highly recommend.,4,2025-09-06,Spice Route,Indian,47,75.5
R03026,"Order was okay, nothing special.",2,2026-06-19,cedar grill,Middle Eastern,29,62.7
R02035,Ordered to the office today. The driver was friendly and quick. Highly recommend.,5,2026-01-18,Slice Republic,Pizza,39,74.6
R01993,Ordered to the office today. Ugh. Tracking map showed the driver going in circles. Expected better.,3,2026-01-10 16:43:00,Morning Brew Café,Breakfast & Coffee,33,18.2
R01462,"Ordered for the family on the weekend. Not happy with this order. Honestly the cheesecake was not good, way too salty. Expected better.",2,2025-10-21,  Sweet Spot Desserts ,Desserts,32,44.41
R01062,Tracking was accurate the whole way.,5,2025-08-08,Shawarma Corner,Middle Eastern,24,45.09
R01862,Ordering through the app was easy. Best breakfast sandwich I've had in a while. Will order again!,5,2025-12-23,Morning Brew Café,Breakfast & Coffee,30,22.35
R00465,The kebab plate was hot and perfectly cooked. Thanks!,5,2025-04-05,Cedar Grill,Middle Eastern,41,105.03
R02594,"Ordered to the office today. Not happy with this order. Sauce spilled everywhere, the box was a mess. Please fix this.",3,2026-04-12,Burger Barn,Burgers,39,47.38
R01717,good value for money.,3,2025-12-05,Spice Route,Indian,28,109.24
R02903,"Lunch order from Taco Fiesta. Support sorted out my issue quickly. Great flavour, generous portions. Thanks!",5,2026-05-31,Taco Fiesta,Mexican,47,47.51
R01456,Arrived earlier than expected. Thanks!,5,2025-10-20,Cedar Grill,Middle Eastern,22,79.46
R02769,Ordered for the family on the weekend. Best tiramisu I've had in a while. Unfortunately it said 25 minutes and it took 69.,3,2026-05-10,Pasta Piazza,Italian,69,32.98
R01107,The hummus was hot and perfectly cooked. Thanks!,5,2025-08-17,Cedar Grill,Middle Eastern,28,97.57
R01809,ordered the breakfast sandwich for dinner. the breakfast sandwich was hot and perfectly cooked. highly recommend.,4,2025-12-17,Morning Brew Café,Breakfast & Coffee,31,35.79
R01826,The brownie was hot and perfectly cooked. Will order again!,abc,2025-12-18,Sweet Spot Desserts,Desserts,28,41.7
R00213,Ordered for the family on the weekend. Support sorted out my issue quickly.,5,2025-02-16,Cedar Grill,Middle Eastern,35,98.43
R00013,Ordered for the family on the weekend. The cupcakes was delicious. Highly recommend.,4,2025-01-04,Sweet Spot Desserts,Desserts,28,45.31
R03090,"Ugh. Refund was only a voucher, not my money back. Won't order again.",2,2026-06-29,Shawarma Corner,Middle Eastern,19,47.44
R00423,"Delivery was fast, arrived in 24 minutes. Highly recommend.",4,2025-03-28,sweet spot desserts,Desserts,24,58.76
R02060,Lunch order from Green Bowl. The driver was friendly and quick. The smoothie was delicious.,4,2026-01-21,Green Bowl,Healthy,25,69.42
R01094,Ordered to the office today. Terrible experience. The drinks were missing again. Won't order again.,2,2025-08-15,Burger Barn,Burgers,33,48.94
R03065,Lunch order from Spice Route. Very disappointed. It said 25 minutes and it took 69. Won't order again.,3,2026-06-26,Spice Route,Indian,69,44.78
R01489,ordering through the app was easy. unfortunately my milkshake was missing from the bag.,4,"October 27, 2025",Burger Barn,Burgers,33,53.12
R00742,"Delivery was fast, arrived in 26 minutes. Food was fresh and really tasty. Thanks!",2,2025-06-05,Slice Republic,Pizza,26,64.96
R02811,late night order. risotto was as expected. delivery took 68 minutes.,4,2026-05-16,Pasta Piazza,Italian,68,158.0
R03040,The ramen was delicious. Highly recommend.,5,2026-06-21,Sakura Sushi House,Sushi,36,76.79
R01568,"mixed feelings, the butter chicken was good but the sides were meh.",0,2025-11-08,Spice Route,Indian,48,47.16
R01619,Average experience. Food was fine and arrived on time.,3,2025-11-18,Shawarma Corner,Middle Eastern,32,36.1
R02299,"Delivery was fast, arrived in 25 minutes. Thanks!",5,2026-02-27,Spice Route,Indian,25,34.93
R01823,"Terrible experience. Food came cold, had to reheat the mixed grill myself. Won't order again.",2,2025-12-18,Cedar Grill,Middle Eastern,31,
R00510,first time trying sakura sushi house. the sushi platter was hot and perfectly cooked. the driver was friendly and quick.,4,2025-04-14,Sakura Sushi House,Sushi,53,145.27
R00645,Ordered the wrap for dinner. Ordering through the app was easy. Thanks!,4,2025-05-13,green bowl,Healthy,30,49.17
R00598,perfect as always,5,2025-05-04 22:26:00,Spice Route,Indian,21,56.83
R02747,"Very disappointed. Received the wrong butter chicken, not what I ordered. Won't order again.",3,2026-05-06,Spice Route,Indian,41,47.82
R01201,10/10 would order again,5,"September 04, 2025",Cedar Grill,Middle Eastern,43,110.75
R01937,"Terrible experience. After the update the app is so buggy, couldn't even open the menu. Not worth the price anymore.",3,2026-01-01,Cedar Grill,Middle Eastern,,213.35
R00888,"Got the fries and a drink. Order was okay, nothing special.",3,2025-07-02,Burger Barn,Burgers,30,SAR 58.75
R03051,"Great flavour, generous portions. Will order again!",4,2026-06-23,Morning Brew Café,Breakfast & Coffee,27,39.82
R00519,"Order was okay, nothing special.",4,2025-04-15,Burger Barn,Burgers,44 min,95.33
R01353,"Delivery took 54 minutes, way longer than promised. Really frustrating.",3,2025-09-29,Slice Republic,Pizza,54,77.91
R01899,Ordered croissant for two. Ordering through the app was easy.,5,2025-12-28,Morning Brew Café,Breakfast & Coffee,14,41.8
R00574,The croissant was hot and perfectly cooked. Highly recommend.,5,2025-04-29,Morning Brew Café,Breakfast & Coffee,39,53.01
R02888,best samosa i've had in a while. the driver was friendly and quick. thanks!,5,2026-05-28,Spice Route,Indian,18,71.87
R02902,Terrible experience. The driver showed up almost an hour late. Way too expensive for the portion size. Won't order again.,4,2026-05-31,Slice Republic,Pizza,50,130.87
R01583,Tracking was accurate the whole way. Thanks!,5,2025-11-11,Pasta Piazza,Italian,30,59.51
R02133,Lunch order from Taco Fiesta. The tacos was hot and perfectly cooked. Thanks!,4,2026-02-02,Taco Fiesta,Mexican,,126.65
R00863,"Ordered to the office today. Delivery was fast, arrived in 29 minutes. Will order again!",5,2025-06-27,Pasta Piazza,Italian,,99.05
R00179,Ordered to the office today. Arrived earlier than expected.,5,2025-02-09,Burger Barn,Burgers,28,27.24
R01624,Love it,4.0,2025-11-19,Golden Wok,Chinese,22,40.84
R00124,First time trying Slice Republic. The pasta was hot and perfectly cooked. Thanks!,4,2025-01-28,Slice Republic,Pizza,36,63.04
R01339,Second time this happened. Payment failed but I was still charged. Won't order again.,2,2025-09-27,Slice Republic,Pizza,41,90.02
R01869,Amazing!,4,2025-12-24,Cedar Grill,Middle Eastern,35,70.18
R00221,"Delivery was fast, arrived in 16 minutes. Will order again!",5,2025-02-17,Shawarma Corner,Middle Eastern,16,25.24
R00820,"Ordered to the office today. Standard order, no complaints but nothing memorable.",2,2025-06-21,Pasta Piazza,Italian,61,73.09
R03094,"Ordered to the office today. Good packaging, food stayed warm. Will order again!",4,2026-06-30,Burger Barn,Burgers,34,41.69
R00359,"Order was okay, nothing special.",2,"March 15, 2025",Morning Brew Café,Breakfast & Coffee,27,63.39
R02204,N/A,5,2026-02-12,Sweet Spot Desserts,Desserts,19,61.72
R02861,Ordered the garlic sauce for dinner. Best garlic sauce I've had in a while. Highly recommend.,4,"May 24, 2026",Shawarma Corner,Middle Eastern,24,45.37
R02032,"Good packaging, food stayed warm. The only problem: everything was lukewarm at best.",2,2026-01-17,Pasta Piazza,Italian,50,102.74
R02390,Second order this week. Great deal with the promo. Will order again!,5,2026-03-12,Slice Republic,Pizza,37,56.75
R01736,"Ordered for the family on the weekend. Very disappointed. The live tracking was useless, it said arriving for 20 minutes.",3,2025-12-07,Golden Wok,Chinese,43,53.83
R00260,Terrible experience. It said 25 minutes and it took 42. The shawarma wrap was bland and tasted nothing like before. Please fix this.,2,2025-02-24,  Shawarma Corner ,Middle Eastern,42,25.75
R02952,"Not happy with this order. Delivery took 84 minutes, way longer than promised. Really frustrating.",1,2026-06-06,Golden Wok,Chinese,84,53.78
R02443,"Second time this happened. Delivery took 74 minutes, way longer than promised. Won't order again.",3,2026-03-21,Golden Wok,Chinese,74,117.92
R02632,"Got the pizza and a drink. Order was okay, nothing special.",3,2026-04-17,Slice Republic,Pizza,42,102.78
R02548,Ordered the biryani for dinner. Best biryani I've had in a while.,5,2026-04-05,Spice Route,Indian,40,242.36
R02235,"Arrived earlier than expected. However, waited over 106 minutes for my food, the ETA kept changing.",3,"February 16, 2026",Slice Republic,Pizza,106,70.66
R01128,Not happy with this order. Got charged twice for the same order. Please fix this.,2,2025-08-21,Golden Wok,Chinese,34,56.61
R02563,"Food was fresh and really tasty. However, still waiting for my refund after two weeks.",3,2026-04-07,Taco Fiesta,Mexican,35,57.82
R01414,  Very disappointed.<br>  The app keeps crashing at checkout.<br>  The driver showed up almost an hour late.<br>  Really frustrating.  ,2,2025-10-09,Pasta Piazza,Italian,91,126.1
R01695,decent pizza but i've had better.,3,01 Dec 2025,Slice Republic,Pizza,36,61.42
R01832,The samosa was okay. Arrived in about 45 minutes.,3,2025-12-19,Spice Route,Indian,45,96.76
R02893,"Rainy evening order. Prices went up again, 95 for a small meal is too much. Tried to contact support, waited 40 minutes in chat with no answer. Please fix this.",3,2026-05-29,Spice Route,Indian,53,94.75
R02478,"the container was crushed when it arrived. waited over 57 minutes for my food, the eta kept changing. please fix this.",2,"March 26, 2026",Burger Barn,Burgers,57,63.2
R00457,Ugh. The kebab plate was cold when it arrived. Expected better.,3,2025-04-04,Cedar Grill,Middle Eastern,41,108.46
R00463,,4,2025-04-05,Morning Brew Café,Breakfast & Coffee,25,36.23
R02371,"Ordered to the office today. Delivery was fast, arrived in 22 minutes. Highly recommend.",5,2026-03-08 20:01:00,Cedar Grill,Middle Eastern,22,84.29
R01179,10/10 would order again,5,2025-08-30,Shawarma Corner,Middle Eastern,27,54.64
R02809,The driver was friendly and quick.,4,2026-05-16,Cedar Grill,Middle Eastern,24,72.06
R02933,Late night order. Decent milkshake but I've had better.,3,2026-06-04,Burger Barn,Burgers,31,24.74
R00382,"Second order this week. Very disappointed. Quality has gone down, the ramen tasted cheap. Won't order again.",2,2025-03-20,Sakura Sushi House,Sushi,45,135.11
R02979,Delivery fee plus service fee doubled the price of my order.,2,2026-06-12,Spice Route,Indian,30,106.58
R01212,"ordered to the office today. very disappointed. food was marked as delivered to the wrong building, never got it. please fix this.",1,2025-09-06,Shawarma Corner,Middle Eastern,32,42.72
R02184,Food was fresh and really tasty. The only problem: the drinks were missing again.,3,2026-02-10,spice route,Indian,30,119.0
R01188,Ugh. Way too expensive for the portion size. Really frustrating.,2,2025-09-02 14:36:00,Shawarma Corner,Middle Eastern,31,25.45
R02132,"Delivery was fast, arrived in 30 minutes. The fries was hot and perfectly cooked. Thanks!",4,2026-02-02,Burger Barn,Burgers,30,72.82
R01028,Love it,5,2025-07-31 18:14:00,Sweet Spot Desserts,Desserts,23,42.04
R01587,Support sorted out my issue quickly. Thanks!,4,2025-11-12,Taco Fiesta,Mexican,31,38.27
R00977,"Great flavour, generous portions.",4,2025-07-21,Spice Route,Indian,31,92.9
R00060,"It was alright. Not bad, not great.",3,2025-01-15,Sweet Spot Desserts,Desserts,32,38.05
R02516,Amazing!,4,2026-04-02,Green Bowl,Healthy,17,47.69
R02896,Rainy evening order. Best wings I've had in a while. Thanks!,5,2026-05-29,Slice Republic,Pizza,37,62.75
R01892,Good value for money. The only problem: driver refused to come up to the door and left the food downstairs.,3,2025-12-27,Burger Barn,Burgers,28,42.56
R90028,Got the cupcakes and a drink. Food was fine. Delivery was a bit slow but acceptable.,3,2025-03-13,Sweet Spot Desserts,Desserts,23,40.28
R01613,"Very disappointed. Not worth the price anymore. Half of my order was not in the bag, missing the salmon roll. Please fix this.",3,2025-11-17 14:46:00,Sakura Sushi House,Sushi,36,207.52
R02514,Average experience. Food was fine and arrived on time.,2,2026-04-01,Morning Brew Café,Breakfast & Coffee,23,60.25
R02439,Average experience. Food was fine and arrived on time.,3,2026-03-20,Taco Fiesta,Mexican,,40.75
R02229,"It was alright. Not bad, not great.",-1,2026-02-15,Shawarma Corner,Middle Eastern,27,25.81
,Not happy with this order. Payment failed but I was still charged. Please fix this.,1,2025-05-16,Shawarma Corner,Middle Eastern,29,39.14
R01457,"Delivery was fast, arrived in 43 minutes. Highly recommend.",5,2025-10-21,Pasta Piazza,Italian,43,67.75
R00846,"It was alright. Not bad, not great.",3,2025-06-25,Cedar Grill,Middle Eastern,33,59.93
R00543,Got the fries and a drink. Second time this happened. Delivery fee plus service fee doubled the price of my order.,2,2025-04-19,shawarma corner,Middle Eastern,28,22.07
R01392,App froze twice while I was placing the order. Really frustrating.,3,2025-10-05,Shawarma Corner,Middle Eastern,32,22.2
R00292,Best wings I've had in a while. But the wings was cold when it arrived.,3,2025-03-01,Slice Republic,Pizza,,103.94
R02711,Ordered kebab plate for two. Best kebab plate I've had in a while.,5,2026-04-30,Cedar Grill,Middle Eastern,28,49.72
R02011,"Got the sushi platter and a drink. Terrible experience. Tried to contact support, waited 40 minutes in chat with no answer.",2,2026-01-13,Sakura Sushi House,Sushi,36,72.01
R01074,"Ordered fries for two. Delivery was fast, arrived in 31 minutes. Thanks!",4,"August 11, 2025",Burger Barn,Burgers,31,63.02
R02908,The ice cream was hot and perfectly cooked. Will order again!,5,2026-06-01,Sweet Spot Desserts,Desserts,32,28.6
R02578,ordered the hummus for dinner. arrived earlier than expected. highly recommend.,4,2026-04-10,Cedar Grill,Middle Eastern,35,99.17
R01766,"Good packaging, food stayed warm. Thanks!",5,2025-12-10,Shawarma Corner,Middle Eastern,27,47.94
R02824,Tracking was accurate the whole way. Highly recommend.,4,2026-05-18 20:10:00,Slice Republic,Pizza,39,53.03
R01236,"Everything was packed neatly and nothing spilled. The only problem: waited over 100 minutes for my food, the ETA kept changing.",3,2025-09-09,Slice Republic,Pizza,100,69.77
R03080,10/10 would order again,5,"June 28, 2026",Cedar Grill,Middle Eastern,46,
R90022,Amazing!,4,2026-05-28,Sweet Spot Desserts,Desserts,37,20.69
R01466,"First time trying Sweet Spot Desserts. Delivery was fast, arrived in 17 minutes. But honestly the cupcakes was not good, way too salty.",4,13/45/2025,Sweet Spot Desserts,Desserts,17,43.51
R02577,"Very disappointed. Ordered three items and only got two. Waited over 94 minutes for my food, the ETA kept changing.",2,2026-04-10,Spice Route,Indian,94,37.14
R01914,Ordered the pasta for dinner. Ugh. Fries were cold and soggy. Won't order again.,2,2025-12-30,Slice Republic,Pizza,26,
R02274,Not happy with this order. Everything was lukewarm at best. Please fix this.,2,2026-02-24,Spice Route,Indian,30,78.14
R01081,"Second time this happened. Half of my order was not in the bag, missing the butter chicken. Expected better.",2,2025-08-13,Spice Route,Indian,44,75.77
,Delivery was really slow again tonight. Expected better.,2,2025-10-26 20:33:00,Slice Republic,Pizza,108,100.61
R00436,Great food!,4,2025-03-31,Slice Republic,Pizza,41,65.54
R01038,Everything was packed neatly and nothing spilled. The driver was friendly and quick. Thanks!,4,2025-08-02,Spice Route,Indian,30,48.61
R00238,Tracking was accurate the whole way.,5,2025-02-20,Taco Fiesta,Mexican,37,49.3
R02999,It said 25 minutes and it took 86. The container was crushed when it arrived.,2,2026-06-15 23:00:00,Burger Barn,Burgers,86,60.93
R02780,Ugh. Payment failed but I was still charged. Drink was spilled and soaked the dumplings.,2,2026-05-12,Golden Wok,Chinese,36,49.8
R00110,Lunch order from Sweet Spot Desserts. Very disappointed. The container was crushed when it arrived. Won't order again.,2,2025-01-25,Sweet Spot Desserts,Desserts,25,56.21
R02092,Food was fresh and really tasty.,4,2026-01-25,Spice Route,Indian,38,110.7
R00782,"Late night order. Order was okay, nothing special.",3,2025-06-13,Golden Wok,Chinese,48,75.19
R02227,The nachos was delicious. Everything was packed neatly and nothing spilled. Will order again!,5,2026-02-15,Taco Fiesta,Mexican,30,29.43
R00164,The quesadilla was okay. Arrived in about 41 minutes.,3,2025-02-06,Taco Fiesta,Mexican,41,33.05
R00289,First time trying Slice Republic. Good value for money. Unfortunately delivery was really slow again tonight.,3,2025-03-01,Slice Republic,Pizza,65,86.02
R01905,The wings was delicious.,5,2025-12-29,Slice Republic,Pizza,32,75.53
R00253,Support just sent a copy-paste message and closed the ticket. Really frustrating.,1,2025-02-23,Shawarma Corner,Middle Eastern,34,32.86
R02211,"Ordered for the family on the weekend. Nothing wrong with it, nothing exciting either.",3,2026-02-13,Burger Barn,Burgers,43,92.99
R02489,"Ordered the naan for dinner. Ugh. Half of my order was not in the bag, missing the naan. Please fix this.",1,2026-03-29,Spice Route,Indian,60,108.51
R01778,The burger was delicious. Will order again!,5,2025-12-11,Burger Barn,Burgers,47,72.02
R00768,First time trying Burger Barn. Second time this happened. Packaging was flimsy and the chicken sandwich got squashed. The discount wasn't applied and support couldn't fix it. Won't order again.,3,2025-06-11,Burger Barn,Burgers,27,43.69
R00788,"Late night order. Order was okay, nothing special.",3,2025-06-15 14:50:00,Sakura Sushi House,Sushi,,191.19
R01476,"Ordered wings for two. Nothing wrong with it, nothing exciting either.",4,2025-10-25,Slice Republic,Pizza,46,87.76
R01484,Lunch order from Shawarma Corner. The fries was hot and perfectly cooked. Thanks!,4,2025-10-27,Shawarma Corner,Middle Eastern,26,37.68
R02025,"Very disappointed. Honestly the garlic bread was not good, way too salty. Please fix this.",3,2026-01-16,Slice Republic,Pizza,27,74.02
R02721,"Nothing wrong with it, nothing exciting either.",3,2026-05-02,Slice Republic,Pizza,31,61.3
R02012,"Ordered the salmon roll for dinner. Ugh. Prices went up again, 189 for a small meal is too much. Won't order again.",2,2026-01-13,Sakura Sushi House,Sushi,38,189.0
R02977,"Very disappointed. Sauce spilled everywhere, the box was a mess. Please fix this.",1,2026-06-12,Spice Route,Indian,32,56.64
R02861,Ordered the garlic sauce for dinner. Best garlic sauce I've had in a while. Highly recommend.,4,"May 24, 2026",Shawarma Corner,Middle Eastern,24,45.37
R02832,First time trying Taco Fiesta. The nachos was delicious. Thanks!,4,2026-05-19,Taco Fiesta,Mexican,36,
R01053,Tracking was accurate the whole way. The only problem: driver refused to come up to the door and left the food downstairs.,4,2025-08-07,Sweet Spot Desserts,Desserts,30,25.25
R01966,"Ordered for the family on the weekend. Ugh. Honestly the fries was not good, way too salty. Please fix this.",3,2026-01-07 15:06:00,Burger Barn,Burgers,32,60.08
R01396,Very disappointed. It said 25 minutes and it took 55. Really frustrating.,2,2025-10-05,Burger Barn,Burgers,55,67.72
R00848,"ugh. waited over 83 minutes for my food, the eta kept changing. please fix this.",2,2025-06-25,Golden Wok,Chinese,83,51.94
R01865,The courier was rude when he handed over the bag. Won't order again.,2,2025-12-24,Morning Brew Café,Breakfast & Coffee,35,53.09
R02555,Second order this week. Ordering through the app was easy. But fries were cold and soggy.,3,2026-04-07,Burger Barn,Burgers,40,77.45
R00462,Second time this happened. Support just sent a copy-paste message and closed the ticket. Expected better.,2,2025-04-05,Shawarma Corner,Middle Eastern,27,53.95
R02047,"great flavour, generous portions. thanks!",5,2026-01-20,Burger Barn,Burgers,38,31.03
R01916,The smoothie was delicious. But packaging was flimsy and the smoothie got squashed.,3,2025-12-30 13:25:00,green bowl,Healthy,31,63.17
R00158,Not happy with this order. The driver showed up almost an hour late. New fees appeared at checkout that weren't shown before.,2,2025-02-05,Cedar Grill,Middle Eastern,64,56.3
R00803,"Very disappointed. The app keeps crashing at checkout. Delivery took 83 minutes, way longer than promised. Won't order again.",3,2025-06-17,Burger Barn,Burgers,83,82.69
R02113,"Mixed feelings, the quesadilla was good but the sides were meh.",3,2026-01-29 21:48:00,Taco Fiesta,Mexican,46,58.79
R02219,Ordered to the office today. Best salad bowl I've had in a while.,5,2026-02-14,Green Bowl,Healthy,25,44.72
R00678,Amazing!,4,2025-05-20,Shawarma Corner,Middle Eastern,27,28.54
R01915,Rainy evening order. Everything was packed neatly and nothing spilled.,5 stars,2025-12-30,Spice Route,Indian,48,38.04
R01048,"very disappointed. after the update the app is so buggy, couldn't even open the menu. please fix this.",3,2025-08-07,Pasta Piazza,Italian,40,76.78
R00239,"Terrible experience. Tried to contact support, waited 40 minutes in chat with no answer. Expected better.",1,2025-02-20,Burger Barn,Burgers,,110.79
R01018,"Ordered the tacos for dinner. Not happy with this order. Honestly the tacos was not good, way too salty.",3,2025-07-29,Taco Fiesta,Mexican,33,51.34
R02224,Decent gyoza but I've had better.,4,2026-02-15,Sakura Sushi House,Sushi,49,
R00244,Rainy evening order. Food was fresh and really tasty. Highly recommend.,5,2025-02-21,Pasta Piazza,Italian,41,49.44
R00101,"Arrived earlier than expected. The only problem: received the wrong ice cream, not what I ordered.",2,2025-01-24,Sweet Spot Desserts,Desserts,21,51.42
R00316,Terrible experience. The courier was rude when he handed over the bag. Please fix this.,3,2025-03-07,Taco Fiesta,Mexican,37,39.93
R01671,Tracking was accurate the whole way. The pasta was hot and perfectly cooked. Will order again!,5,2025-11-27,Slice Republic,Pizza,34,67.43
R01180,The driver was friendly and quick. Highly recommend.,4,2025-08-30,Sweet Spot Desserts,Desserts,18,32.54
R01750,Ordered the chicken sandwich for dinner. Not happy with this order. The discount wasn't applied and support couldn't fix it.,4,2025-12-08,Burger Barn,Burgers,34,52.54
R02763,Got the falafel and a drink. Terrible experience. Still waiting for my refund after two weeks.,2,09 May 2026,Cedar Grill,Middle Eastern,39,88.35
R01075,"Second order this week. Not happy with this order. Tried to contact support, waited 40 minutes in chat with no answer. Expected better.",2,2025-08-11,Burger Barn,Burgers,37,67.93
R00262,"Great flavour, generous portions. Thanks!",5,2025-02-24,Slice Republic,Pizza,42,48.9
R01026,"First time trying Shawarma Corner. Great flavour, generous portions.",5,2025-07-31,Shawarma Corner,Middle Eastern,27,53.23
R01875,"Second time this happened. The driver showed up almost an hour late. After the update the app is so buggy, couldn't even open the menu.",3,25 Dec 2025,Shawarma Corner,Middle Eastern,85,32.55
R00196,Customer support never replied to my complaint. Won't order again.,1,13 Feb 2025,Taco Fiesta,Mexican,43,63.61
R02021,"Terrible experience. Received the wrong breakfast sandwich, not what I ordered. Expected better.",2,2026-01-15,Morning Brew Café,Breakfast & Coffee,22,55.44
R01614,Very disappointed. I got someone else's order instead of mine. Really frustrating.,2,2025-11-17 16:17:00,Shawarma Corner,Middle Eastern,41,88.41
R02348,"Tracking was accurate the whole way. Good packaging, food stayed warm. Highly recommend.",4,2026-03-05,Sakura Sushi House,Sushi,47,117.42
R00180,"Delivery was fast, arrived in 26 minutes. Will order again!",4,2025-02-09,Green Bowl,Healthy,26,56.85
R00835,Second order this week. Best chicken sandwich I've had in a while. Thanks!,5,2025-06-23,Burger Barn,Burgers,38,40.68
R00843,Best ramen I've had in a while. Will order again!,5,2025-06-24,Sakura Sushi House,Sushi,26,90.26
R02470,Terrible experience. Fries were cold and soggy. Expected better.,3,2026-03-25,Spice Route,Indian,37,108.89
R01072,Ugh. Delivery was really slow again tonight. Expected better.,3,10 Aug 2025,Morning Brew Café,Breakfast & Coffee,69,42.67
R02513,"Good packaging, food stayed warm. Highly recommend.",4,2026-04-01,Taco Fiesta,Mexican,23,28.3
R01289,Ordering through the app was easy. Will order again!,4,2025-09-19,Cedar Grill,Middle Eastern,43,31.87
R00341,10/10 would order again,5,"March 11, 2025",Green Bowl,Healthy,18,106.62
R01205,Good value for money.,5,2025-09-05,Sweet Spot Desserts,Desserts,40,40.06
R01335,Second time this happened. Everything was thrown in one bag with no separation.,2,2025-09-26,Slice Republic,Pizza,42,125.98
R00749,ordered the breakfast sandwich for dinner. good value for money. will order again!,5,2025-06-06,Morning Brew Café,Breakfast & Coffee,47,22.17
R02602,"Terrible experience. Half of my order was not in the bag, missing the pancakes. Please fix this.",2,2026-04-13,Morning Brew Café,Breakfast & Coffee,22,68.41
R00663,"Rainy evening order. Ugh. Tried to contact support, waited 40 minutes in chat with no answer. The hot and sour soup was undercooked in the middle. Please fix this.",1.0,2025-05-16,Golden Wok,Chinese,43,105.98
R00481,"Got the pizza and a drink. Good packaging, food stayed warm. Highly recommend.",4,2025-04-08,Slice Republic,Pizza,29,65.91
R00804,First time trying Green Bowl. Food was fresh and really tasty. Will order again!,4,2025-06-17 21:44:00,Green Bowl,Healthy,27,71.34
R02564,Support sorted out my issue quickly. Thanks!,5,"April 08, 2026",Morning Brew Café,Breakfast & Coffee,28,44.89
R02948,Decent hummus but I've had better.,3,2026-06-06,Cedar Grill,Middle Eastern,46,72.23
R01534,Second order this week. Ordering through the app was easy. Thanks!,4,2025-11-03,Slice Republic,Pizza,39,67.31
R02593,"Lunch order from Spice Route. Second time this happened. Food was marked as delivered to the wrong building, never got it. Won't order again.",1,2026-04-12,Spice Route,Indian,46,114.41
R00550,Ordered for the family on the weekend. The burger was delicious. Will order again!,5,2025-04-20,Burger Barn,Burgers,48,62.56
R01293,The fries was delicious. Will order again!,4,20 Sep 2025,Burger Barn,Burgers,24,101.93
R00784,"Late night order. Delivery was fast, arrived in 30 minutes. However, no sauces or cutlery even though I asked for them.",2,2025-06-13,Slice Republic,Pizza,30,73.49
R02884,Second time this happened. Drink was spilled and soaked the noodles.,2,2026-05-27,Golden Wok,Chinese,40,30.53
R02099,Ordering through the app was easy. Highly recommend.,5,2026-01-27 17:25:00,Cedar Grill,Middle Eastern,35,81.65
R00743,"Late night order. Good packaging, food stayed warm. Arrived earlier than expected. Highly recommend.",5,2025-06-05,Green Bowl,Healthy,17,85.81
R02571,"Nothing wrong with it, nothing exciting either.",2,2026-04-09,Sweet Spot Desserts,Desserts,28,50.48
R02213,arrived earlier than expected. great deal with the promo. highly recommend.,4,2026-02-13,Burger Barn,Burgers,28 min,52.82
R02517,Ugh. Packaging was flimsy and the ice cream got squashed. Not worth the price anymore. Really frustrating.,2,2026-04-02,Sweet Spot Desserts,Desserts,28,24.62
R00966,"Fine for a quick meal, the sushi platter was average.",3,2025-07-19,Sakura Sushi House,Sushi,39,147.84
R01508,"Second order this week. Delivery was fast, arrived in 20 minutes. However, the live tracking was useless, it said arriving for 20 minutes.",4 stars,2025-10-30,Burger Barn,Burgers,20,52.97
R01042,"Arrived earlier than expected. Great flavour, generous portions. Highly recommend.",5,2025-08-04,Sakura Sushi House,Sushi,34,79.52
R02111,"Terrible experience. Food came cold, had to reheat the sushi platter myself. Delivery took 104 minutes, way longer than promised.",2,"January 29, 2026",Sakura Sushi House,Sushi,104,174.97
R03038,My croissant was missing from the bag. Way too expensive for the portion size. Please fix this.,1,2026-06-21 13:37:00,Morning Brew Café,Breakfast & Coffee,19,25.67
R02263,"Second time this happened. Tried to contact support, waited 40 minutes in chat with no answer. Courier called me five times and then got angry. Expected better.",1,2026-02-21,Cedar Grill,Middle Eastern,63,83.71
R01150,Still waiting for my refund after two weeks.,3,2025-08-26,Slice Republic,Pizza,35,117.36
R00248,First time trying Morning Brew Café. Ordering through the app was easy. Highly recommend.,4,2025-02-22,Morning Brew Café,Breakfast & Coffee,29,46.1
R00872,Ordered to the office today. The mixed grill was okay. Arrived in about 34 minutes.,4,2025-06-29,Cedar Grill,Middle Eastern,34,SAR 30.96
R02742,Food was fresh and really tasty. Thanks!,5,2026-05-05,Golden Wok,Chinese,48,53.8
R01045,Late night order. The latte was hot and perfectly cooked.,4,2025-08-05,Morning Brew Café,Breakfast & Coffee,24,47.75
R01403,"Nothing wrong with it, nothing exciting either.",4,2025-10-07,Burger Barn,Burgers,27,51.36
R02897,"mixed feelings, the garlic bread was good but the sides were meh.",2,2026-05-30,Slice Republic,Pizza,40 min,42.85
R00627,Not happy with this order. The driver showed up almost an hour late. Really frustrating.,1,10 May 2025,Sweet Spot Desserts,Desserts,80,59.37
R00348,Second order this week. The hummus was delicious. Unfortunately driver refused to come up to the door and left the food downstairs.,4,2025-03-13,  Cedar Grill ,Middle Eastern,45,48.39
R00279,Ordered to the office today. The burger was delicious. Highly recommend.,4,2025-02-27,Burger Barn,Burgers,42,45.56
R01234,Food was fresh and really tasty. Highly recommend.,4,2025-09-09,Sakura Sushi House,Sushi,54,108.33
R02432,10/10 would order again,5,"March 19, 2026",Taco Fiesta,Mexican,34,88.7
R00656,"  It was alright.<br>  Not bad, not great.  ",abc,2025-05-15,Morning Brew Café,Breakfast & Coffee,34,33.12
R01237,Amazing!,4,2025-09-09,CEDAR GRILL,Middle Eastern,58,53.91
R00980,"Good packaging, food stayed warm. However, i got someone else's order instead of mine.",2,2025-07-21,Morning Brew Café,Breakfast & Coffee,26,24.61
R03018,The app keeps crashing at checkout. Expected better.,3 stars,2026-06-18,Shawarma Corner,Middle Eastern,24 min,$23.01
R00908,First time trying Pasta Piazza. The lasagna was hot and perfectly cooked. Will order again!,5,2025-07-06 14:21:00,Pasta Piazza,Italian,33,50.24
R02795,"Ordered to the office today. Second time this happened. Quality has gone down, the butter chicken tasted cheap. Please fix this.",3,2026-05-13,Spice Route,Indian,54,74.9
R02754,The app keeps crashing at checkout. They refused to refund the missing items. Expected better.,1,2026-05-07,Morning Brew Café,Breakfast & Coffee,21,37.61
R02875,Ordered to the office today. Support just sent a copy-paste message and closed the ticket. Please fix this.,2,2026-05-26,Sakura Sushi House,Sushi,26,96.19
R00912,"Second time this happened. Food was marked as delivered to the wrong building, never got it. Please fix this.",5,2025-07-06,Shawarma Corner,Middle Eastern,26,42.1
R01949,"Late night order. Standard order, no complaints but nothing memorable.",2,2026-01-05,Sakura Sushi House,Sushi,25,218.59
R00633,"Delivery was fast, arrived in 29 minutes. Will order again!",5,2025-05-12,Slice Republic,Pizza,29,93.13
R01124,"Ugh. After the update the app is so buggy, couldn't even open the menu. Sauce spilled everywhere, the box was a mess. Really frustrating.",1,2025-08-21,Taco Fiesta,Mexican,38,38.27
R00446,"Delivery was fast, arrived in 22 minutes. But fries were cold and soggy.",3,2025-04-02,Shawarma Corner,Middle Eastern,22,63.85
R00618,The risotto was delicious. Thanks!,5,2025-05-10 11:03:00,Pasta Piazza,Italian,29,64.37
R01393,"Ugh. No sauces or cutlery even though I asked for them. Refund was only a voucher, not my money back.",2,2025-10-05 18:10:00,Taco Fiesta,Mexican,33,60.03
R01221,"Delivery was fast, arrived in 19 minutes. Food was fresh and really tasty. Thanks!",5,2025-09-07,Taco Fiesta,Mexican,19,
R03023,The burger was delicious. The driver was friendly and quick. Will order again!,4,19 Jun 2026,Burger Barn,Burgers,34,65.9
R01290,Got the biryani and a drink. Very disappointed. Ordered three items and only got two. Really frustrating.,1,2025-09-19,Spice Route,Indian,38,115.25
R02718,Support just sent a copy-paste message and closed the ticket. Really frustrating.,1,2026-05-01 21:30:00,Burger Barn,Burgers,38,64.39
R01207,best chicken sandwich i've had in a while. the only problem: the chicken sandwich was cold when it arrived.,4,"September 05, 2025",Burger Barn,Burgers,35 min,44.58
R01427,Second order this week. The soup leaked all over the bag. Please fix this.,2,2025-10-13,Sakura Sushi House,Sushi,33,182.24
R00354,"Best chicken plate I've had in a while. Delivery was fast, arrived in 18 minutes. Will order again!",4,2025-03-14,Shawarma Corner,Middle Eastern,18,49.44
R00614,Love it,5,2025-05-09,Morning Brew Café,Breakfast & Coffee,24,46.49
R02682,First time trying Burger Barn. Ordering through the app was easy. Will order again!,5,2026-04-25,Burger Barn,Burgers,48,109.68
R01714,"Got the hummus and a drink. Very disappointed. Honestly the hummus was not good, way too salty. Won't order again.",3,2025-12-05,Cedar Grill,Middle Eastern,29,64.65
R02260,"Ordered for the family on the weekend. Delivery was fast, arrived in 22 minutes. The only problem: after the update the app is so buggy, couldn't even open the menu.",4,20 Feb 2026,Shawarma Corner,Middle Eastern,22,42.89
R00058,   ,3,2025-01-14,Spice Route,Indian,31,161.59
R01048,"very disappointed. after the update the app is so buggy, couldn't even open the menu. please fix this.",3,2025-08-07,Pasta Piazza,Italian,40,76.78
R03072,"Lunch order from Burger Barn. Best chicken sandwich I've had in a while. However, way too expensive for the portion size.",5,2026-06-27,Burger Barn,Burgers,30,82.42
R02339,Rainy evening order. Terrible experience. The garlic sauce was cold when it arrived. Please fix this.,2,2026-03-04,Shawarma Corner,Middle Eastern,34,61.69
R02673,Lunch order from Sakura Sushi House. Not happy with this order. No sauces or cutlery even though I asked for them. Expected better.,1,2026-04-24,Sakura Sushi House,Sushi,31,139.26
R01962,"Nothing wrong with it, nothing exciting either.",2,2026-01-06,Green Bowl,Healthy,19,
R02838,Ordered the garlic sauce for dinner. Second time this happened. The driver showed up almost an hour late. I got someone else's order instead of mine. Won't order again.,2,2026-05-20,Shawarma Corner,Middle Eastern,69,57.9
R01415,Got the chicken sandwich and a drink. Second time this happened. Everything was thrown in one bag with no separation. Won't order again.,3,2025-10-09,Burger Barn,Burgers,32,62.21
R02275,Ordering through the app was easy. Will order again!,5,2026-02-24,Burger Barn,Burgers,32,96.1
R01745,"Great flavour, generous portions. The driver was friendly and quick. Highly recommend.",5,2025-12-08,Sakura Sushi House,Sushi,24,129.44
R01178,Perfect as always,4,"August 30, 2025",Pasta Piazza,Italian,29,51.04
R00561,first time trying slice republic. the pasta was hot and perfectly cooked. thanks!,5,2025-04-25,Slice Republic,Pizza,,91.91
R00708,Food was fresh and really tasty. Unfortunately new fees appeared at checkout that weren't shown before.,4,2025-05-26,Slice Republic,Pizza,35,72.21
R01118,"Second time this happened. No sauces or cutlery even though I asked for them. Chicken in the naan was still pink inside, not safe. Please fix this.",5,2025-08-19,Spice Route,Indian,32,-20
R00425,"Ordered salmon roll for two. Ugh. Waited over 82 minutes for my food, the ETA kept changing. The salmon roll was bland and tasted nothing like before. Expected better.",1,2025-03-29,Sakura Sushi House,Sushi,82,233.59
,"Packaging was flimsy and the wings got squashed. Half of my order was not in the bag, missing the wings.",1,2025-05-14,Slice Republic,Pizza,24 min,70.78
R03036,Ordered for the family on the weekend. Arrived earlier than expected. But order status never updated after it was picked up.,3,20 Jun 2026,Shawarma Corner,Middle Eastern,41,63.15
R01726,"Ordered to the office today. Very disappointed. My breakfast sandwich was missing from the bag. Food was marked as delivered to the wrong building, never got it. Please fix this.",1,2025-12-06,Morning Brew Café,Breakfast & Coffee,24,44.28
R02561,Food was fresh and really tasty. Good value for money.,5,2026-04-07,Spice Route,Indian,38,82.22
R01437,not happy with this order. delivery was really slow again tonight. the app logged me out in the middle of ordering. expected better.,1,2025-10-15,Slice Republic,Pizza,67,26.32
R01006,"ordered to the office today. delivery was fast, arrived in 27 minutes. but the soup leaked all over the bag.",3,2025-07-26,Pasta Piazza,Italian,27,62.45
R00621,ordered the breakfast sandwich for dinner. food was fine. delivery was a bit slow but acceptable.,3,2025-05-10 14:21:00,Morning Brew Café,Breakfast & Coffee,30,40.76
R01821,First time trying Slice Republic. Arrived earlier than expected. Highly recommend.,4,2025-12-17,Slice Republic,Pizza,22,63.64
R00554,Not happy with this order. The fries was undercooked in the middle. Delivery was really slow again tonight. Won't order again.,2,2025-04-22,Burger Barn,Burgers,79,57.36
R02837,Ordered to the office today. Very disappointed. They sent a completely different naan. Won't order again.,2,2026-05-20,Spice Route,Indian,24,121.63
R01594,Love it,5,2025-11-13,Morning Brew Café,Breakfast & Coffee,17,41.78
R00999,Food was fine. Delivery was a bit slow but acceptable.,3,2025-07-24,Golden Wok,Chinese,26,69.54
R01965,Great deal with the promo. Thanks!,5,2026-01-07,Pasta Piazza,Italian,25,99.91
R02915,"Second time this happened. Delivery took 88 minutes, way longer than promised. Expected better.",-1,2026-06-03,Cedar Grill,Middle Eastern,88,
R02923,Late night order. Second time this happened. The delivery guy didn't follow the drop-off instructions at all. Really frustrating.,1,03 Jun 2026,Spice Route,Indian,29,110.08
R90012,Ugh. No sauces or cutlery even though I asked for them. Really frustrating.,2,2026-03-06,Slice Republic,Pizza,29,110.06
R01682,"Got the falafel and a drink. Food came cold, had to reheat the falafel myself. Won't order again.",1,2025-11-29,Cedar Grill,Middle Eastern,44,107.31
R00441,Late night order. Support sorted out my issue quickly. Best hummus I've had in a while. Will order again!,5,2025-04-01,Cedar Grill,Middle Eastern,43,50.44
R00509,Everything was packed neatly and nothing spilled. Will order again!,5/5,14 Apr 2025,Spice Route,Indian,34,134.3
R00590,Ordered for the family on the weekend. The samosa was okay. Arrived in about 31 minutes.,3,2025-05-03,Spice Route,Indian,31,85.93
,Terrible experience. Packaging was flimsy and the fries got squashed. Expected better.,3,2025-11-08,Shawarma Corner,Middle Eastern,24,18.63
R00650,First time trying Spice Route. Support sorted out my issue quickly.,5,2025-05-14,Spice Route,Indian,44,71.43
R90013,Late night order. Very disappointed. It said 25 minutes and it took 72.,1,2025-04-20,Green Bowl,Healthy,72,68.97
R01707,Second time this happened. My order arrived 22 minutes later than the estimate. Won't order again.,2,2025-12-04,Slice Republic,Pizza,58,53.69
R02164,"Second time this happened. Delivery took 65 minutes, way longer than promised. Please fix this.",2,2026-02-07,Morning Brew Café,Breakfast & Coffee,65,27.54
R01365,Rainy evening order. The gyoza was hot and perfectly cooked. Will order again!,5,2025-10-01,Sakura Sushi House,Sushi,34,267.52
R01884,Second order this week. Very disappointed. They refused to refund the missing items. Won't order again.,2,2025-12-26,Taco Fiesta,Mexican,45 min,40.13
R00631,Lunch order from Taco Fiesta. The driver was friendly and quick. Unfortunately the delivery guy didn't follow the drop-off instructions at all.,4,2025-05-12,Taco Fiesta,Mexican,27,65.02
R02998,Food was fine. Delivery was a bit slow but acceptable.,3,2026-06-15 22:24:00,Burger Barn,Burgers,52,47.2
R00483,Second order this week. Not happy with this order. My promo code didn't work even though it was valid. Won't order again.,3,2025-04-08,Morning Brew Café,Breakfast & Coffee,22,55.37
R02628,"Ordered to the office today. The driver was friendly and quick. However, tracking map showed the driver going in circles.",,2026-04-17 11:44:00,Slice Republic,Pizza,34,64.22
R02729,Love it,4,2026-05-03 18:37:00,Slice Republic,Pizza,56,54.14
R01577,Lunch order from Morning Brew Café. The latte was delicious. Highly recommend.,1,2025-11-10,Morning Brew Café,Breakfast & Coffee,18,25.88
R02226,Love it,5,2026-02-15,Sweet Spot Desserts,Desserts,20,$38.39
R02070,Got the mixed grill and a drink. The mixed grill was okay. Arrived in about 30 minutes.,3,2026-01-22,Cedar Grill,Middle Eastern,30,79.87
R01764,"Very disappointed. Prices went up again, 150 for a small meal is too much. Please fix this.",2,2025-12-09,Sakura Sushi House,Sushi,43,149.77
R00857,"Terrible experience. Received the wrong nachos, not what I ordered.",2,2025-06-27,Taco Fiesta,Mexican,17,47.75
R02856,food was fresh and really tasty. will order again!,5,2026-05-23,Taco Fiesta,Mexican,41,43.34
R00531,Perfect as always,4,2025-04-17,Golden Wok,Chinese,47,58.3
R02928,Ordered the sushi platter for dinner. Everything was packed neatly and nothing spilled.,5,2026-06-03,Sakura Sushi House,Sushi,34,177.21
R00050,The pizza was delicious. Highly recommend.,4,2025-01-12,Slice Republic,Pizza,26,105.89
R00859,"first time trying burger barn. delivery was fast, arrived in 35 minutes.",4,2025-06-27,Burger Barn,Burgers,35,36.02
R01073,Second order this week. Arrived earlier than expected.,4,2025-08-11,Taco Fiesta,Mexican,40,50.92
R00720,"Nothing wrong with it, nothing exciting either.",3,2025-05-31,Cedar Grill,Middle Eastern,31,101.05
R01400,Ordered samosa for two. Ugh. The drinks were missing again. Won't order again.,1,2025-10-06,Spice Route,Indian,43,104.02
R01463,First time trying Spice Route. Second time this happened. No sauces or cutlery even though I asked for them.,2,2025-10-22 17:10:00,Spice Route,Indian,42,61.11
R02398,"Rainy evening order. Standard order, no complaints but nothing memorable.",2,2026-03-13,Slice Republic,Pizza,39,62.02
R02097,"Rainy evening order. Mixed feelings, the brownie was good but the sides were meh.",3 stars,2026-01-27,Sweet Spot Desserts,Desserts,34,34.42
R02217,the garlic sauce was okay. arrived in about 22 minutes.,4,2026-02-14,Shawarma Corner,Middle Eastern,22,39.53
R02271,Great food!,4,23 Feb 2026,Golden Wok,Chinese,20,86.87
R02583,Ordered for the family on the weekend. Arrived earlier than expected. Will order again!,5,2026-04-10,Shawarma Corner,Middle Eastern,24,29.99
R02380,Support sorted out my issue quickly. Unfortunately new fees appeared at checkout that weren't shown before.,3,2026-03-10 20:30:00,Pasta Piazza,Italian,23,122.44
R01469,The driver was friendly and quick. Thanks!,5,2025-10-23,sweet spot desserts,Desserts,20,43.09
R01447,"Second time this happened. After the update the app is so buggy, couldn't even open the menu. The soup leaked all over the bag. Please fix this.",2,2025-10-17,Slice Republic,Pizza,41,105.87
R01134,Lunch order from Cedar Grill. Average experience. Food was fine and arrived on time.,2,2025-08-23,Cedar Grill,Middle Eastern,41,77.58
R02781,Terrible experience. The soup leaked all over the bag. Won't order again.,2,2026-05-12,Morning Brew Café,Breakfast & Coffee,20,50.37
R02284,"Good packaging, food stayed warm. Unfortunately my order arrived 57 minutes later than the estimate.",3,2026-02-25,Golden Wok,Chinese,94,SAR 67.67
R01303,Terrible experience. I got someone else's order instead of mine. Ordered three items and only got two. Please fix this.,2,2025-09-21,  Slice Republic ,Pizza,26,71.8
R02954,Not happy with this order. My order arrived 48 minutes later than the estimate. My brownie was missing from the bag. Really frustrating.,2,2026-06-07 12:59:00,Sweet Spot Desserts,Desserts,78,34.03
R02650,Second time this happened. The driver showed up almost an hour late. Please fix this.,2,2026-04-19,Taco Fiesta,Mexican,71,31.17
R00298,Good value for money. Highly recommend.,4,2025-03-03,Slice Republic,Pizza,34,79.6
R01357,They sent a completely different sushi platter. Really frustrating.,1,2025-09-29,Sakura Sushi House,Sushi,40,122.35
R01363,"First time trying Cedar Grill. Terrible experience. Chicken in the mixed grill was still pink inside, not safe. Really frustrating.",1,2025-10-01,Cedar Grill,Middle Eastern,31,157.59
R00959,amazing!,5,2025-07-17,Cedar Grill,Middle Eastern,39,65.74
R01351,"Ordered burrito for two. Second time this happened. Delivery was really slow again tonight. After the update the app is so buggy, couldn't even open the menu. Really frustrating.",3,2025-09-29,Taco Fiesta,Mexican,87,50.35
R01377,Lunch order from Shawarma Corner. Everything was packed neatly and nothing spilled. Good value for money. Highly recommend.,4,2025-10-03,Shawarma Corner,Middle Eastern,28,43.63
R01919,"Delivery was fast, arrived in 22 minutes. Will order again!",4,"December 31, 2025",Cedar Grill,Middle Eastern,22,60.71
R00350,Tracking was accurate the whole way. Will order again!,4,2025-03-13,Taco Fiesta,Mexican,38,27.97
R01813,"  Ugh.<br>  Food came cold, had to reheat the pasta myself.  ",2,2025-12-17,Slice Republic,Pizza,42,31.28
R00644,The milkshake was okay. Arrived in about 34 minutes.,3,2025-05-13,Burger Barn,Burgers,34,0
R01196,Good value for money. Highly recommend.,4,2025-09-03,Sakura Sushi House,Sushi,36,86.33
R01314,The garlic bread was hot and perfectly cooked. Thanks!,4,2025-09-22,Slice Republic,Pizza,44,117.09
R00670,tracking was accurate the whole way. will order again!,5,2025-05-19,Cedar Grill,Middle Eastern,39,119.37
R02603,"Lunch order from Morning Brew Café. Great flavour, generous portions. Highly recommend.",5,2026-04-13,Morning Brew Café,Breakfast & Coffee,22,46.81
R01174,Amazing!,5,2025-08-30,Cedar Grill,Middle Eastern,25,54.46
R01939,Support sorted out my issue quickly. Will order again!,5,2026-01-03,Golden Wok,Chinese,44,75.64
R01191,"Great flavour, generous portions. Highly recommend.",4,2025-09-02,Green Bowl,Healthy,23 min,56.2
R02530,"Ordered the pancakes for dinner. Second time this happened. Chicken in the pancakes was still pink inside, not safe. Won't order again.",1,2026-04-03,Morning Brew Café,Breakfast & Coffee,23,57.15
R01589,Ordered for the family on the weekend. They refused to refund the missing items.,1,2025-11-12,Burger Barn,Burgers,19,50.34
R02391,Good value for money.,5,2026-03-12,Sweet Spot Desserts,Desserts,35,52.01
R00787,"Ordered for the family on the weekend. The chicken sandwich was delicious. But waited over 66 minutes for my food, the ETA kept changing.",3,2025-06-14,Burger Barn,Burgers,66,43.47
R02868,The gyoza was hot and perfectly cooked. Highly recommend.,5,2026-05-25,Sakura Sushi House,Sushi,35,77.43
R00141,"Ordered to the office today. The shawarma wrap was delicious. Good packaging, food stayed warm. Highly recommend.",5,2025-02-01,Shawarma Corner,Middle Eastern,42,31.65
R00789,Second time this happened. My dumplings was missing from the bag. Expected better.,2,15 Jun 2025,Golden Wok,Chinese,25,67.73
R01765,Ordered the falafel for dinner. Terrible experience. My order arrived 50 minutes later than the estimate. Please fix this.,1,2025-12-09,Cedar Grill,Middle Eastern,85,58.91
R02168,"Good packaging, food stayed warm. Will order again!",5,2026-02-07,Cedar Grill,Middle Eastern,27,63.45
R00715,"Second time this happened. Received the wrong acai bowl, not what I ordered. Please fix this.",2,30 May 2025,Green Bowl,Healthy,20,62.12
R01499,Not happy with this order. Support just sent a copy-paste message and closed the ticket. Packaging was flimsy and the lasagna got squashed. Won't order again.,2,2025-10-29,Pasta Piazza,Italian,56,66.32
R01757,Best brownie I've had in a while. Thanks!,5 stars,2025-12-09 15:40:00,Sweet Spot Desserts,Desserts,38,42.77
R01337,Everything was packed neatly and nothing spilled. Great deal with the promo.,5,2025-09-27 10:48:00,Pasta Piazza,Italian,27,81.81
R01638,Food was fine. Delivery was a bit slow but acceptable.,3,2025-11-21,Shawarma Corner,Middle Eastern,20,43.86
R01227,Not happy with this order. They sent a completely different wings. Fries were cold and soggy. Really frustrating.,2,2025-09-08,Slice Republic,Pizza,53,67.38
R00619,Terrible experience. They sent a completely different lasagna. Delivery was really slow again tonight.,1,2025-05-10,Pasta Piazza,Italian,78,115.51
R00407,Rainy evening order. Ordering through the app was easy. Best burrito I've had in a while. Will order again!,4,2025-03-25,Taco Fiesta,Mexican,30,83.19
R01324,Late night order. Everything was packed neatly and nothing spilled. But it said 25 minutes and it took 92.,3,2025-09-23,Slice Republic,Pizza,92,68.72
R01310,Second order this week. Best fries I've had in a while. Highly recommend.,4,2025-09-21 19:04:00,Shawarma Corner,Middle Eastern,41,30.81
R02543,"Half of my order was not in the bag, missing the fries. Won't order again.",3,2026-04-05,Shawarma Corner,Middle Eastern,29,40.08
R01299,Ordered to the office today. Ugh. New fees appeared at checkout that weren't shown before. Really frustrating.,2,2025-09-20,Shawarma Corner,Middle Eastern,20,30.75
R01821,First time trying Slice Republic. Arrived earlier than expected. Highly recommend.,4,2025-12-17,Slice Republic,Pizza,22,63.64
R00498,"Ordered to the office today. Fine for a quick meal, the naan was average.",,2025-04-12,Spice Route,Indian,26,110.64
R00343,"Late night order. Terrible experience. Half of my order was not in the bag, missing the hot and sour soup.",1,2025-03-12,Golden Wok,Chinese,45,30.07
R02351,"Fine for a quick meal, the mixed grill was average.",3,2026-03-05,Cedar Grill,Middle Eastern,27,73.82
R02418,"First time trying Burger Barn. Support sorted out my issue quickly. Unfortunately delivery took 76 minutes, way longer than promised.",3,2026-03-16,Burger Barn,Burgers,76,97.66
R00783,The lasagna was delicious.,4,2025-06-13,Pasta Piazza,Italian,33,117.35
R01668,"Best dumplings I've had in a while. Unfortunately honestly the dumplings was not good, way too salty.",3,2025-11-27,Golden Wok,Chinese,33,43.96
R00304,,4,2025-03-05,Slice Republic,Pizza,53,56.02
R02615,Ugh. My cupcakes was missing from the bag. The driver showed up almost an hour late.,2,2026-04-15,Sweet Spot Desserts,Desserts,,37.52
R01890,"Ordered to the office today. Ugh. Waited over 78 minutes for my food, the ETA kept changing. Really frustrating.",2,2025-12-26 20:39:00,Slice Republic,Pizza,78,50.44
R00665,"Got the milkshake and a drink. Delivery was fast, arrived in 19 minutes. Will order again!",5,2025-05-17,Burger Barn,Burgers,19,85.23
R02162,Ordered for the family on the weekend. Support sorted out my issue quickly.,10,2026-02-07,Burger Barn,Burgers,30,39.98
R01661,Support sorted out my issue quickly. Thanks!,4,"November 26, 2025",Spice Route,Indian,49,66.59
R01794,Best shawarma wrap I've had in a while. Good value for money. Will order again!,5,2025-12-14,Shawarma Corner,Middle Eastern,29,17.2
R01666,Ordered dumplings for two. Food was fine. Delivery was a bit slow but acceptable.,3,2025-11-26,Golden Wok,Chinese,33,89.43
R00085,Food was fresh and really tasty. The driver was friendly and quick. Thanks!,4,2025-01-21 19:33:00,Burger Barn,Burgers,36,81.68
R02360,10/10 would order again,4,"March 06, 2026",Golden Wok,Chinese,39,54.32
R00942,Lunch order from Green Bowl. Food was fresh and really tasty. Will order again!,5,2025-07-11,Green Bowl,Healthy,39,46.88
R00962,The acai bowl was okay. Arrived in about 24 minutes.,3,2025-07-17,Green Bowl,Healthy,24,61.55
R00842,Ugh. My shawarma wrap was missing from the bag. Really frustrating.,2,2025-06-24,Shawarma Corner,Middle Eastern,36,28.64
R02597,Food was fresh and really tasty. Highly recommend.,4,"April 12, 2026",Spice Route,Indian,26,65.61
R03034,Ordered for the family on the weekend. Ugh. They refused to refund the missing items. Expected better.,2,2026-06-20 11:43:00,Green Bowl,Healthy,25,$120.37
R01322,"Second order this week. Fine for a quick meal, the chicken sandwich was average.",4,2025-09-23,Burger Barn,Burgers,23,74.23
R01448,"Order was okay, nothing special.",3,2025-10-18,Burger Barn,Burgers,22,34.44
R00291,"Rainy evening order. Delivery was fast, arrived in 40 minutes. Will order again!",5,2025-03-01,Pasta Piazza,Italian,40,141.01
R02258,Got the chicken plate and a drink. Ugh. Delivery was really slow again tonight. They refused to refund the missing items. Won't order again.,2,2026-02-20,Shawarma Corner,Middle Eastern,68,48.48
R01271,Got the wrap and a drink. The wrap was delicious. Will order again!,4,2025-09-15,Green Bowl,Healthy,22,60.65
R00605,My card was declined in the app but works everywhere else. Won't order again.,2,2025-05-07,Taco Fiesta,Mexican,44,39.39
R02176,The pancakes was okay. Arrived in about 32 minutes.,3,2026-02-09,Morning Brew Café,Breakfast & Coffee,32,22.97
R00917,Late night order. Not happy with this order. The driver showed up almost an hour late.,2,2025-07-07,Sakura Sushi House,Sushi,92,84.63
R01733,Ordered for the family on the weekend. Not happy with this order. Bread was stale and the shawarma wrap tasted old.,1,2025-12-07,Shawarma Corner,Middle Eastern,21,52.26
R02173,"The acai bowl was hot and perfectly cooked. The only problem: after the update the app is so buggy, couldn't even open the menu.",3,2026-02-08 20:45:00,Green Bowl,Healthy,31,60.54
R01100,"Ordered to the office today. Second time this happened. Honestly the burger was not good, way too salty. Please fix this.",3,2025-08-16,Burger Barn,Burgers,31,41.03
R01089,First time trying Spice Route. Ordering through the app was easy. Unfortunately my promo code didn't work even though it was valid.,4,2025-08-14 15:58:00,Spice Route,Indian,41,75.07
R02241,Decent cheesecake but I've had better.,4,2026-02-17,Sweet Spot Desserts,Desserts,32,40.18
R01475,"The driver was friendly and quick. Great flavour, generous portions. Thanks!",4,2025-10-24 22:18:00,Taco Fiesta,Mexican,20,59.86
R00822,Ordered the pasta for dinner. Great deal with the promo. Everything was packed neatly and nothing spilled. Highly recommend.,4,2025-06-21,Slice Republic,Pizza,31,61.78
R02629,First time trying Golden Wok. The dumplings was delicious. Unfortunately delivery was really slow again tonight.,3,2026-04-17 12:59:00,Golden Wok,Chinese,70,93.13
R01001,"Late night order. Great flavour, generous portions. Will order again!",4,2025-07-25,Cedar Grill,Middle Eastern,33,48.05
R02801,"Food was fresh and really tasty. But received the wrong noodles, not what I ordered.",2,2026-05-15,Golden Wok,Chinese,45,42.13
R00019,Ordering through the app was easy. Unfortunately i got someone else's order instead of mine.,3,2025-01-05 15:38:00,Slice Republic,Pizza,30,85.68
R02023,"Got the noodles and a drink. Great deal with the promo. However, honestly the noodles was not good, way too salty.",4,16 Jan 2026,Golden Wok,Chinese,41,95.24
R01126,"Ugh. My order arrived 31 minutes later than the estimate. Food came cold, had to reheat the wings myself. Expected better.",2,2025-08-21,Slice Republic,Pizza,67,SAR 99.16
R01382,got the garlic sauce and a drink. not happy with this order. everything was lukewarm at best. expected better.,3,2025-10-04,Shawarma Corner,Middle Eastern,,33.75
R01870,The wings was okay. Arrived in about 55 minutes.,3,2025-12-24 20:41:00,Slice Republic,Pizza,55,48.13
R01834,Ordered acai bowl for two. Decent acai bowl but I've had better.,3,2025-12-19,Green Bowl,Healthy,29,96.61
R01428,Ordered to the office today. Second time this happened. Still waiting for my refund after two weeks. Please fix this.,1,2025-10-14 10:21:00,Burger Barn,Burgers,26,119.54
R02054,"Fine for a quick meal, the hot and sour soup was average.",3,2026-01-20 19:40:00,Golden Wok,Chinese,31,82.87
R02189,"Not happy with this order. Waited over 86 minutes for my food, the ETA kept changing. The service fee is ridiculous now.",3,2026-02-10,Slice Republic,Pizza,86,125.61
R01851,Ordered to the office today. The chicken plate was delicious.,5,22 Dec 2025,Shawarma Corner,Middle Eastern,29,33.32
R02968,"Got the hot and sour soup and a drink. Ugh. The live tracking was useless, it said arriving for 20 minutes.",4,2026-06-10,Golden Wok,Chinese,32,60.77
R01254,"Great flavour, generous portions. But the app keeps crashing at checkout.",3,2025-09-12,Cedar Grill,Middle Eastern,44,92.15
R02154,First time trying Cedar Grill. The driver was friendly and quick. Will order again!,4,2026-02-06,Cedar Grill,Middle Eastern,29,56.31
R01554,"  Ordered to the office today.<br>  Standard order, no complaints but nothing memorable.  ",2,2025-11-06,Burger Barn,Burgers,37,62.1
R01010,Everything was packed neatly and nothing spilled.,5 stars,2025-07-26,Sweet Spot Desserts,Desserts,16,24.21
R00361,Ordering through the app was easy. Thanks!,5,2025-03-16,Golden Wok,Chinese,35,151.98
R02723,The shawarma wrap was hot and perfectly cooked. Thanks!,5,2026-05-02,Shawarma Corner,Middle Eastern,,44.65
R02052,"Ordered for the family on the weekend. Second time this happened. The courier was rude when he handed over the bag. After the update the app is so buggy, couldn't even open the menu. Expected better.",3,2026-01-20 16:11:00,Burger Barn,Burgers,28,58.53
R01816,"Ordered to the office today. Great flavour, generous portions. Will order again!",4,2025-12-17,Burger Barn,Burgers,34,35.46
R01744,First time trying Golden Wok. The driver was friendly and quick. Will order again!,5,2025-12-08,Golden Wok,Chinese,34,41.64
R02397,Ordered to the office today. The biryani was hot and perfectly cooked. Highly recommend.,4,2026-03-13,Spice Route,Indian,41,104.99
R02087,Support sorted out my issue quickly.,5,2026-01-24,Spice Route,Indian,48,126.29
R00345,Ordered the fries for dinner. Food was fresh and really tasty. Thanks!,5,2025-03-12,Burger Barn,Burgers,46,27.97
R00987,No sauces or cutlery even though I asked for them. Won't order again.,1,2025-07-23,Shawarma Corner,Middle Eastern,24 min,34.46
R01442,Ordered to the office today. Food was fresh and really tasty. Will order again!,4,2025-10-16,Burger Barn,Burgers,28,54.44
R01953,Food was fresh and really tasty. Highly recommend.,4,2026-01-05,Slice Republic,Pizza,47,120.14
R01510,ordering through the app was easy. unfortunately the biryani was cold when it arrived.,3,2025-10-31,Spice Route,Indian,22,69.4
R01300,"Ordered garlic bread for two. Food was fresh and really tasty. Delivery was fast, arrived in 24 minutes. Will order again!",4,2025-09-20,Slice Republic,Pizza,24,53.71
R00114,N/A,5,2025-01-26,Morning Brew Café,Breakfast & Coffee,26,30.22
R01238,Ordered to the office today. Arrived earlier than expected. Will order again!,5.0,2025-09-09,Burger Barn,Burgers,27,47.39
R01143,They refused to refund the missing items. My order arrived 45 minutes later than the estimate. Won't order again.,1,25 Aug 2025,Burger Barn,Burgers,79,65.53
R01804,"  Good packaging, food stayed warm.<br>  Will order again!  ",5,2025-12-15,Morning Brew Café,Breakfast & Coffee,26,34.49
R01217,Good value for money.,5,2025-09-07,Shawarma Corner,Middle Eastern,39,46.83
R01199,The mixed grill was delicious. Will order again!,4,2025-09-03,Cedar Grill,Middle Eastern,38,57.44
R00086,Very disappointed. The courier was rude when he handed over the bag. Please fix this.,3,2025-01-22,Slice Republic,Pizza,35,55.75
R02892,Amazing!,4,2026-05-28,Sweet Spot Desserts,Desserts,37,20.69
R00669,Arrived earlier than expected. Good value for money. Will order again!,4,2025-05-18 23:16:00,Shawarma Corner,Middle Eastern,18,53.36
R01015,the nachos was delicious. will order again!,4,2025-07-28 16:50:00,Taco Fiesta,Mexican,44,109.31
R00129,My shawarma wrap was missing from the bag.,1,2025-01-30,Shawarma Corner,Middle Eastern,32,33.13
R02529,Ordered to the office today. Average experience. Food was fine and arrived on time.,3,2026-04-03,Sakura Sushi House,Sushi,33,104.21
R01642,Ordered to the office today. Arrived earlier than expected. Best tiramisu I've had in a while. Highly recommend.,4,2025-11-21,Pasta Piazza,Italian,21,87.82
R00892,The fried rice was hot and perfectly cooked. Thanks!,5,"July 03, 2025",Golden Wok,Chinese,25,57.62
R02500,The garlic bread was hot and perfectly cooked. Highly recommend.,5,2026-03-30,Slice Republic,Pizza,35,60.82
R00308,"Tracking was accurate the whole way. The only problem: waited over 53 minutes for my food, the ETA kept changing.",4,2025-03-06,Slice Republic,Pizza,53,42.66
R00384,"Delivery took 56 minutes, way longer than promised. The app keeps crashing at checkout.",2,2025-03-20,Sweet Spot Desserts,Desserts,56 min,59.21
R00151,Decent samosa but I've had better.,3,2025-02-02,Spice Route,Indian,60,46.96
R01691,"good packaging, food stayed warm. however, not worth the price anymore.",4,2025-12-01,Cedar Grill,Middle Eastern,30,73.84
R02093,"Support sorted out my issue quickly. However, the discount wasn't applied and support couldn't fix it.",3,2026-01-25 22:18:00,Shawarma Corner,Middle Eastern,24,40.75
R00427,Ordered wrap for two. The wrap was delicious. Will order again!,4,2025-03-29,Green Bowl,Healthy,30,60.01
R00495,"Terrible experience. The courier was rude when he handed over the bag. Honestly the biryani was not good, way too salty.",3,2025-04-10,Spice Route,Indian,48,70.08
R01208,The cheesecake was delicious.,5,2025-09-05,Sweet Spot Desserts,Desserts,26,53.12
R01792,"Food was fresh and really tasty. However, my card was declined in the app but works everywhere else.",3,2025-12-13 12:35:00,Pasta Piazza,Italian,45,96.79
R01209,Got the milkshake and a drink. Very disappointed. I got someone else's order instead of mine.,2,"September 05, 2025",Burger Barn,Burgers,34,46.23
R02590,Lunch order from Golden Wok. New fees appeared at checkout that weren't shown before. Really frustrating.,2,2026-04-11,Golden Wok,Chinese,40,76.91
R02941,Best hummus I've had in a while. Thanks!,5,2026-06-05,Cedar Grill,Middle Eastern,26,85.98
R01240,Ugh. It said 25 minutes and it took 99. Please fix this.,2,2025-09-09,Slice Republic,Pizza,99,80.58
R01432,My promo code didn't work even though it was valid. Won't order again.,2,2025-10-14 17:47:00,Burger Barn,Burgers,34,76.1
R01728,Arrived earlier than expected. Good value for money. Will order again!,5,2025-12-07,Sweet Spot Desserts,Desserts,21,20.26
R00276,support sorted out my issue quickly. best quesadilla i've had in a while.,5,2025-02-26,Taco Fiesta,Mexican,32,41.52
R00490,perfect as always,4,2025-04-10 16:16:00,Burger Barn,Burgers,45,79.13
R01379,Great deal with the promo. But no sauces or cutlery even though I asked for them.,4,2025-10-04,Sweet Spot Desserts,Desserts,21,56.43
R01230,"Rainy evening order. Delivery was fast, arrived in 48 minutes. However, delivery was really slow again tonight.",3,2025-09-08,Green Bowl,Healthy,48,36.07
R00691,"Delivery was fast, arrived in 24 minutes. Best sushi platter I've had in a while. Thanks!",4,2025-05-23,Sakura Sushi House,Sushi,24,$112.50
R01978,Ordering through the app was easy. Food was fresh and really tasty. Highly recommend.,4,2026-01-08,Shawarma Corner,Middle Eastern,27,34.18
R02290,Got the burrito and a drink. Second time this happened. No sauces or cutlery even though I asked for them.,3,"February 25, 2026",Taco Fiesta,Mexican,,47.3
R01992,Second order this week. The fries was hot and perfectly cooked.,4,2026-01-10,Burger Barn,Burgers,46 min,58.2
R01361,"Ordered chicken plate for two. Great flavour, generous portions. Highly recommend.",5,2025-09-30,Shawarma Corner,Middle Eastern,33,39.5
R02352,"Great flavour, generous portions. Will order again!",5,2026-03-05,Golden Wok,Chinese,38,44.96
R02604,Ugh. The fries was cold when it arrived. Really frustrating.,1,13 Apr 2026,Shawarma Corner,Middle Eastern,35,33.28
R01059,Lunch order from Slice Republic. Great deal with the promo. But everything was thrown in one bag with no separation.,4,2025-08-08,Slice Republic,Pizza,28,82.16
R00119,Second order this week. Support sorted out my issue quickly.,5,2025-01-27,Burger Barn,Burgers,33,43.34
R01025,Second time this happened. The drinks were missing again. Won't order again.,2,2025-07-31,Burger Barn,Burgers,41,39.17
R01925,"Ordered to the office today. Great flavour, generous portions. Thanks!",5,2025-12-31,Cedar Grill,Middle Eastern,45,44.73
R00282,"Everything was packed neatly and nothing spilled. Great flavour, generous portions. Thanks!",5,2025-02-27,Morning Brew Café,Breakfast & Coffee,23,29.8
R01710,Second order this week. Best wings I've had in a while.,5,2025-12-04,Slice Republic,Pizza,41,54.94
R02488,got the brownie and a drink. best brownie i've had in a while.,5,"March 28, 2026",Sweet Spot Desserts,Desserts,38,71.83
R00969,The driver was friendly and quick. Will order again!,5,2025-07-20,Golden Wok,Chinese,55,42.43
R02242,"Not happy with this order. Food came cold, had to reheat the pasta myself. Really frustrating.",3,2026-02-18,Slice Republic,Pizza,27,42.84
R01588,best biryani i've had in a while. thanks!,4,2025-11-12,Spice Route,Indian,32,
R01831,Food was fresh and really tasty. Everything was packed neatly and nothing spilled. Will order again!,4,2025-12-19,Pasta Piazza,Italian,37,37.84
R00156,  Terrible experience.<br>  They sent a completely different quesadilla.<br>  Please fix this.  ,2,2025-02-05,Taco Fiesta,Mexican,42,67.18
R00305,The brownie was hot and perfectly cooked. Highly recommend.,5,"March 05, 2025",Sweet Spot Desserts,Desserts,34,27.26
R02114,"Delivery was fast, arrived in 23 minutes. The mixed grill was hot and perfectly cooked. Highly recommend.",4,2026-01-29,Cedar Grill,Middle Eastern,23,44.8
R02717,Second order this week. Second time this happened. Everything was lukewarm at best.,2,2026-05-01 17:25:00,Slice Republic,Pizza,36,71.12
R01553,Not happy with this order. Delivery fee plus service fee doubled the price of my order. Expected better.,3,2025-11-06,Cedar Grill,Middle Eastern,32,101.69
R02122,Best pasta I've had in a while. Thanks!,5,31 Jan 2026,Slice Republic,Pizza,33,81.54
R02598,Ordered to the office today. Terrible experience. The container was crushed when it arrived. Expected better.,2,2026-04-13,Slice Republic,Pizza,45,SAR 104.22
R01869,Amazing!,4,2025-12-24,Cedar Grill,Middle Eastern,35,70.18
R00576,First time trying Green Bowl. Not happy with this order. Customer support never replied to my complaint. Expected better.,1,2025-04-30,Green Bowl,Healthy,27,62.71
R02091,"First time trying Sweet Spot Desserts. Not happy with this order. Packaging was flimsy and the ice cream got squashed. Refund was only a voucher, not my money back. Please fix this.",2,2026-01-25,Sweet Spot Desserts,Desserts,42,17.95
,Rainy evening order. Tracking was accurate the whole way. Thanks!,4,2026-05-04,Green Bowl,Healthy,39,83.0
R02793,Average experience. Food was fine and arrived on time.,3,2026-05-13,GOLDEN WOK,Chinese,23,53.2
R01621,Late night order. Not happy with this order. My order arrived 33 minutes later than the estimate. The wings was bland and tasted nothing like before. Expected better.,1,2025-11-19,Slice Republic,Pizza,69,123.81
R90009,Ordered the ramen for dinner. Support sorted out my issue quickly. Will order again!,1,2026-06-06,Sakura Sushi House,Sushi,40,127.17
R01352,"Great flavour, generous portions. Thanks!",5,2025-09-29,Slice Republic,Pizza,32,97.04
R00844,Late night order. Everything was thrown in one bag with no separation. Won't order again.,2,2025-06-25,Cedar Grill,Middle Eastern,39,87.27
R02925,"Terrible experience. They refused to refund the missing items. Quality has gone down, the shawarma wrap tasted cheap. Really frustrating.",1,2026-06-03 19:31:00,Shawarma Corner,Middle Eastern,23,29.17
R00270,"Half of my order was not in the bag, missing the cheesecake.",2,2025-02-25,Sweet Spot Desserts,Desserts,28,39.26
R00630,Rainy evening order. Arrived earlier than expected. Thanks!,5,2025-05-12,Morning Brew Café,Breakfast & Coffee,21,88.25
R01034,Lunch order from Morning Brew Café. The latte was hot and perfectly cooked. Support sorted out my issue quickly.,5,2025-08-01 20:56:00,Morning Brew Café,Breakfast & Coffee,25,33.9
R00287,Ordered for the family on the weekend. Not happy with this order. The driver showed up almost an hour late. Payment failed but I was still charged. Please fix this.,2,2025-02-28,Burger Barn,Burgers,69,SAR 50.34
R02358,Ugh. No sauces or cutlery even though I asked for them. Really frustrating.,2,2026-03-06,Slice Republic,Pizza,29,110.06
R00301,"Great flavour, generous portions. Thanks!",4,2025-03-04,Burger Barn,Burgers,40,53.33
R01546,Support sorted out my issue quickly. Will order again!,4,2025-11-04 19:10:00,Golden Wok,Chinese,32,
R02270,"Not happy with this order. Delivery took 91 minutes, way longer than promised. The soup leaked all over the bag. Please fix this.",3,2026-02-23,Golden Wok,Chinese,91,96.6
R02252,support just sent a copy-paste message and closed the ticket. my milkshake was missing from the bag. expected better.,2,2026-02-19,Burger Barn,Burgers,28,39.31
R02771,"Good packaging, food stayed warm. Food was fresh and really tasty. Thanks!",5,2026-05-11,Slice Republic,Pizza,40,52.37
R00066,Got the sushi platter and a drink. Good value for money. Ordering through the app was easy. Thanks!,2,2025-01-16,Sakura Sushi House,Sushi,28,57.92
R02367,"Ordered the shawarma wrap for dinner. Second time this happened. Delivery took 50 minutes, way longer than promised. Really frustrating.",2,2026-03-07,Shawarma Corner,Middle Eastern,50,38.1
R00891,Best garlic bread I've had in a while. But app froze twice while I was placing the order.,3,2025-07-03,Slice Republic,Pizza,36,114.93
R01703,The kebab plate was delicious. Highly recommend.,4,2025-12-03,Cedar Grill,Middle Eastern,37,44.08
R02013,Support sorted out my issue quickly. Thanks!,5,2026-01-13,Burger Barn,Burgers,,59.01
R01973,Ordered to the office today. Food was fresh and really tasty. Highly recommend.,4,2026-01-07,Taco Fiesta,Mexican,29,53.24
R01405,"Second time this happened. Chicken in the lasagna was still pink inside, not safe.",1,2025-10-07 14:52:00,Pasta Piazza,Italian,34,86.15
R00231,Lunch order from Pasta Piazza. Not happy with this order. The soup leaked all over the bag. Really frustrating.,2,2025-02-19,Pasta Piazza,Italian,35,50.32
R00504,Second time this happened. Drink was spilled and soaked the dumplings. Please fix this.,4,2025-04-14,Golden Wok,Chinese,32,66.5
R01408,Everything was packed neatly and nothing spilled. Thanks!,4,2025-10-08 10:11:00,Pasta Piazza,Italian,30,72.29
R01547,Everything was lukewarm at best. Really frustrating.,3,2025-11-05,Burger Barn,Burgers,30,152.98
R02666,"The wings was hot and perfectly cooked. However, quality has gone down, the wings tasted cheap.",4,2026-04-22,Slice Republic,Pizza,29,77.01
R01934,Best sushi platter I've had in a while. Thanks!,five,2026-01-01,Sakura Sushi House,Sushi,42,$73.16
R01005,Got the hot and sour soup and a drink. The hot and sour soup was hot and perfectly cooked. Highly recommend.,5,2025-07-26 11:10:00,Golden Wok,Chinese,61,60.23
R00837,Lunch order from Slice Republic. Great deal with the promo. But drink was spilled and soaked the garlic bread.,3,2025-06-24,SLICE REPUBLIC,Pizza,35,58.74
R02119,"The milkshake was hot and perfectly cooked. However, delivery was really slow again tonight.",2,2026-01-31,burger barn,Burgers,81,41.1
R00375,Second time this happened. Ordered three items and only got two. Really frustrating.,2,2025-03-18,Shawarma Corner,Middle Eastern,36,40.11
R02167,"Got the naan and a drink. Delivery was fast, arrived in 33 minutes. Unfortunately drink was spilled and soaked the naan.",2,2026-02-07,Spice Route,Indian,33,65.94
R02253,"Second order this week. Second time this happened. Drink was spilled and soaked the cheesecake. Delivery took 63 minutes, way longer than promised. Expected better.",2,2026-02-19,Sweet Spot Desserts,Desserts,63,37.21
R02034,"Great flavour, generous portions.",4,2026-01-18,Cedar Grill,Middle Eastern,44,53.4
R00940,Food was fresh and really tasty. Will order again!,5,2025-07-11,Burger Barn,Burgers,31,47.5
R02210,chicken sandwich was as expected. Delivery took 29 minutes.,2,2026-02-13,Burger Barn,Burgers,29,62.4
R00752,"terrible experience. delivery took 89 minutes, way longer than promised. expected better.",1,2025-06-07,Taco Fiesta,Mexican,89,60.01
R00100,Late night order. Terrible experience. The fries was undercooked in the middle. Really frustrating.,3,2025-01-24,Shawarma Corner,Middle Eastern,27,68.37
R01964,Lunch order from Green Bowl. The acai bowl was delicious. Arrived earlier than expected. Highly recommend.,4,2026-01-06,Green Bowl,Healthy,19,31.32
R00867,"Ordered the dumplings for dinner. Best dumplings I've had in a while. Unfortunately waited over 74 minutes for my food, the ETA kept changing.",3,2025-06-28,Golden Wok,Chinese,74,111.53
R00911,"Standard order, no complaints but nothing memorable.",2,2025-07-06,Cedar Grill,Middle Eastern,60,71.4
R01511,Tracking was accurate the whole way. Will order again!,5,2025-10-31,Shawarma Corner,Middle Eastern,21,38.13
R00530,"Rainy evening order. Great flavour, generous portions. Will order again!",5,2025-04-17,Taco Fiesta,Mexican,46,29.52
R01261,"Delivery was fast, arrived in 21 minutes. The only problem: prices went up again, 79 for a small meal is too much.",3,2025-09-13 21:36:00,Burger Barn,Burgers,21,78.6
R02197,Terrible experience. The soup leaked all over the bag. Please fix this.,2,2026-02-11,Spice Route,Indian,31,70.93
R00637,"Fine for a quick meal, the croissant was average.",3,2025-05-12,Morning Brew Café,Breakfast & Coffee,33,63.75
R01270,Support sorted out my issue quickly.,5,2025-09-15 14:59:00,Shawarma Corner,Middle Eastern,39,33.06
R00186,Tracking was accurate the whole way. Unfortunately didn't enjoy the food at all this time.,4,2025-02-09,Slice Republic,Pizza,38,105.76
R90016,Terrible experience. I got someone else's order instead of mine. The driver showed up almost an hour late. Please fix this.,2,2025-03-14,Sakura Sushi House,Sushi,81,115.9
R02340,very disappointed. the driver showed up almost an hour late. my latte was missing from the bag.,2,2026-03-04,Morning Brew Café,Breakfast & Coffee,69,
R00932,Very disappointed. The drinks were missing again. Expected better.,3,2025-07-09,Spice Route,Indian,37,65.7
R01578,"Late night order. Best gyoza I've had in a while. But prices went up again, 194 for a small meal is too much.",3,2025-11-10,Sakura Sushi House,Sushi,32,193.71
R02447,Ordered to the office today. The mixed grill was hot and perfectly cooked. But it said 25 minutes and it took 79.,3,2026-03-21,Cedar Grill,Middle Eastern,79,88.53
R01633,"It was alright. Not bad, not great.",2,2025-11-20,Taco Fiesta,Mexican,35,34.57
R02556,Support just sent a copy-paste message and closed the ticket. Drink was spilled and soaked the burger.,2,2026-04-07,Burger Barn,Burgers,33,63.31
R01274,Arrived earlier than expected. Will order again!,4,2025-09-16,Taco Fiesta,Mexican,21,47.32
R02207,Second order this week. The acai bowl was hot and perfectly cooked.,5,"February 12, 2026",Green Bowl,Healthy,28,91.23
R00608,great food!,5,2025-05-08,Golden Wok,Chinese,30,54.95
R01539,The fries was hot and perfectly cooked. Highly recommend.,4,2025-11-04,Shawarma Corner,Middle Eastern,25,60.04
R00152,The burrito was hot and perfectly cooked. Will order again!,4,2025-02-03 18:24:00,Taco Fiesta,Mexican,41,38.0
R02471,First time trying Slice Republic. Best wings I've had in a while. Highly recommend.,5,"March 25, 2026",Slice Republic,Pizza,40,70.06
R02385,"The hummus was delicious. Delivery was fast, arrived in 30 minutes. Will order again!",4,"March 11, 2026",Cedar Grill,Middle Eastern,30,176.82
R00732,late night order. decent fries but i've had better.,2,02 Jun 2025,Shawarma Corner,Middle Eastern,22,26.71
R02356,"Late night order. Delivery was fast, arrived in 47 minutes. Will order again!",5,2026-03-06,Burger Barn,Burgers,47,SAR 47.57
R01912,Arrived earlier than expected. Highly recommend.,5,2025-12-29,Golden Wok,Chinese,48,31.83
R02906,Late night order. Support sorted out my issue quickly. Thanks!,5,2026-06-01,Green Bowl,Healthy,31,46.9
R00024,"Everything was packed neatly and nothing spilled. However, fries were cold and soggy.",3,"January 05, 2025",Burger Barn,Burgers,26,73.85
R01897,the burger was delicious. thanks!,4,2025-12-27,Burger Barn,Burgers,31,61.06
R00159,"Late night order. Ugh. Waited over 100 minutes for my food, the ETA kept changing. Food came cold, had to reheat the salmon roll myself.",1,2025-02-05 16:33:00,Sakura Sushi House,Sushi,100,$164.70
R00862,Very disappointed. The app keeps crashing at checkout. Please fix this.,1,2025-06-27,Slice Republic,Pizza,28,88.03
R00903,Support sorted out my issue quickly. Food was fresh and really tasty.,5,2025-07-05,Pasta Piazza,Italian,28,65.09
,support sorted out my issue quickly. highly recommend.,4,2026-06-03,Golden Wok,Chinese,28,72.9
R01231,   ,3,2025-09-08,Golden Wok,Chinese,25,95.27
R02405,   ,5,2026-03-15,Cedar Grill,Middle Eastern,22,62.62
R00445,"Got the garlic bread and a drink. Good packaging, food stayed warm. Highly recommend.",5,02 Apr 2025,Slice Republic,Pizza,32,50.73
R00300,The nachos was hot and perfectly cooked. Will order again!,4,"March 03, 2025",Taco Fiesta,Mexican,36,46.3
R00755,Very disappointed. My order arrived 46 minutes later than the estimate. Really frustrating.,2,2025-06-08,Burger Barn,Burgers,80,27.85
R00924,The latte was delicious. Highly recommend.,5,2025-07-08,Morning Brew Café,Breakfast & Coffee,23,29.07
R00424,"ordered the hummus for dinner. good packaging, food stayed warm. unfortunately the courier was rude when he handed over the bag.",3,2025-03-29,Cedar Grill,Middle Eastern,33,53.89
R02245,"The driver was friendly and quick. Good packaging, food stayed warm. Will order again!",5,2026-02-18 16:04:00,Morning Brew Café,Breakfast & Coffee,28,30.55
R00312,Second order this week. The wings was hot and perfectly cooked. Thanks!,4,2025-03-06,Slice Republic,Pizza,31,63.5
R00549,"Not happy with this order. Refund was only a voucher, not my money back. My burger was missing from the bag. Please fix this.",2,2025-04-20,Burger Barn,Burgers,37,62.05
R02131,"Rainy evening order. Order was okay, nothing special.",3,2026-02-02,Shawarma Corner,Middle Eastern,26,SAR 52.74
R02973,Ordered the tiramisu for dinner. Terrible experience. Ordered three items and only got two. Won't order again.,2,2026-06-11,Pasta Piazza,Italian,31,91.24
R00307,Ugh. Support just sent a copy-paste message and closed the ticket. Really frustrating.,2,2025-03-06,Green Bowl,Healthy,26,38.29
R00288,"Mixed feelings, the fries was good but the sides were meh.",4,2025-03-01,Burger Barn,Burgers,28,38.1
R00695,Second order this week. Support sorted out my issue quickly. Food was fresh and really tasty. Thanks!,4,2025-05-24,Sakura Sushi House,Sushi,37,144.87
R00309,"The kebab plate was delicious. However, support just sent a copy-paste message and closed the ticket.",2,2025-03-06,Cedar Grill,Middle Eastern,43,98.89
R02473,  Late night order.<br>  Terrible experience.<br>  My promo code didn't work even though it was valid.<br>  Expected better.  ,3,2026-03-25 17:52:00,Burger Barn,Burgers,45,77.33
R00750,rainy evening order. the shawarma wrap was okay. arrived in about 28 minutes.,2,2025-06-06,Shawarma Corner,Middle Eastern,28,56.84
R90023,Support sorted out my issue quickly. Will order again!,5,2026-01-03,Golden Wok,Chinese,44,75.64
R01420,First time trying Cedar Grill. Packaging was flimsy and the mixed grill got squashed. Please fix this.,2,2025-10-10,Cedar Grill,Middle Eastern,27,70.13
R02393,Very disappointed. Delivery was really slow again tonight. Expected better.,2,2026-03-12,Slice Republic,Pizza,105,58.32
R01451,"Got the mixed grill and a drink. Arrived earlier than expected. However, half of my order was not in the bag, missing the mixed grill.",3,2025-10-19,Cedar Grill,Middle Eastern,26,36.76
R00909,Terrible experience. Got charged twice for the same order. The driver showed up almost an hour late. Expected better.,2.0,2025-07-06,Burger Barn,Burgers,58,61.21
R00087,"Lunch order from Cedar Grill. Nothing wrong with it, nothing exciting either.",3,2025-01-22,Cedar Grill,Middle Eastern,43,40.89
R02535,Ordered to the office today. Delivery was really slow again tonight.,2,2026-04-04,Pasta Piazza,Italian,81,45.44
R01468,My risotto was missing from the bag. Support just sent a copy-paste message and closed the ticket. Really frustrating.,2,2025-10-23,Pasta Piazza,Italian,28,52.59
R02656,Ordered to the office today. Best hummus I've had in a while. Thanks!,5,"April 21, 2026",Cedar Grill,Middle Eastern,35,109.04
R00971,"Order was okay, nothing special.",3,2025-07-20,Shawarma Corner,Middle Eastern,22,$37.58
R00014,"Delivery was fast, arrived in 18 minutes. Will order again!",5,2025-01-04,Morning Brew Café,Breakfast & Coffee,18,43.11
R00874,"First time trying Taco Fiesta. Honestly the nachos was not good, way too salty. Expected better.",2,2025-06-29,Taco Fiesta,Mexican,42,81.19
R00809,First time trying Golden Wok. Arrived earlier than expected. But i got someone else's order instead of mine.,4,"June 19, 2025",Golden Wok,Chinese,33,93.43
R02744,Average experience. Food was fine and arrived on time.,3,2026-05-05,Golden Wok,Chinese,42,74.23
R00515,Second order this week. Great deal with the promo. Thanks!,5,2025-04-15,Taco Fiesta,Mexican,36,68.67
R03089,Ordering through the app was easy. Thanks!,4,2026-06-29,Golden Wok,Chinese,36,45.53
R00410,Second order this week. Food was fresh and really tasty. Thanks!,4,2025-03-26,Cedar Grill,Middle Eastern,,69.67
R01560,"Ugh. After the update the app is so buggy, couldn't even open the menu. Didn't enjoy the food at all this time.",1,2025-11-08,Golden Wok,Chinese,45,72.67
R01338,Support sorted out my issue quickly.,5,2025-09-27,Cedar Grill,Middle Eastern,37,161.51
R02411,"Got the pizza and a drink. It was alright. Not bad, not great.",2,2026-03-15,Slice Republic,Pizza,29,60.15
R01495,"Ordered for the family on the weekend. It said 25 minutes and it took 66. After the update the app is so buggy, couldn't even open the menu. Expected better.",3,2025-10-28 19:58:00,Burger Barn,Burgers,66,52.1
R03007,Ordered to the office today. Ugh. Still waiting for my refund after two weeks. Won't order again.,1,"June 17, 2026",Morning Brew Café,Breakfast & Coffee,20,35.21
R01538,Second order this week. Ugh. Fries were cold and soggy. Won't order again.,-1,2025-11-03,BURGER BARN,Burgers,44,36.65
R01622,Not happy with this order. My milkshake was missing from the bag. It said 25 minutes and it took 69. Expected better.,2,2025-11-19,Burger Barn,Burgers,69,104.71
R00383,Second time this happened. The app says delivered but I never received anything. My order arrived 49 minutes later than the estimate. Really frustrating.,1,2025-03-20,Slice Republic,Pizza,85,139.75
R01799,amazing!,5,2025-12-15,Sakura Sushi House,Sushi,27,138.13
R02333,Ordered for the family on the weekend. Food was fresh and really tasty.,5,2026-03-03 11:48:00,Sweet Spot Desserts,Desserts,31,51.92
R02000,Late night order. Average experience. Food was fine and arrived on time.,3,2026-01-11,Slice Republic,Pizza,34,110.29
R01519,"Second order this week. Ugh. Chicken in the wrap was still pink inside, not safe. Expected better.",1,2025-11-01,Green Bowl,Healthy,28,74.4
R02230,"The sushi platter was hot and perfectly cooked. However, packaging was flimsy and the sushi platter got squashed.",4,2026-02-15,Sakura Sushi House,Sushi,51,137.67
R02085,"Delivery was fast, arrived in 26 minutes. Ordering through the app was easy. Will order again!",4,2026-01-24,Sakura Sushi House,Sushi,26,95.55
R01819,Ordering through the app was easy. The tiramisu was hot and perfectly cooked. Will order again!,4,"December 17, 2025",Pasta Piazza,Italian,34,91.68
R01394,Lunch order from Spice Route. Terrible experience. The driver showed up almost an hour late.,1,2025-10-05,Spice Route,Indian,96,109.23
R00553,Not happy with this order. Bread was stale and the dumplings tasted old. Won't order again.,1,2025-04-21 23:04:00,Golden Wok,Chinese,22,53.17
R00223,Ordered quesadilla for two. The quesadilla was delicious. Highly recommend.,4,2025-02-17,Taco Fiesta,Mexican,27,106.44
R02357,"Delivery took 59 minutes, way longer than promised. Food came cold, had to reheat the chicken sandwich myself.",10,2026-03-06 17:10:00,Burger Barn,Burgers,59,17.69
R01097,"ordered the pancakes for dinner. great flavour, generous portions. but the container was crushed when it arrived.",4,2025-08-16,Morning Brew Café,Breakfast & Coffee,31,44.98
R02765,"Ordered burger for two. Delivery was fast, arrived in 32 minutes. Thanks!",5,2026-05-10,Burger Barn,Burgers,32,23.99
R00009,N/A,5,2025-01-02,Spice Route,Indian,34,104.8
R02816,"Delivery was fast, arrived in 18 minutes. Good packaging, food stayed warm. Will order again!",4,2026-05-17,Sweet Spot Desserts,Desserts,18,31.49
R00317,Rainy evening order. The driver was friendly and quick. The only problem: my promo code didn't work even though it was valid.,3,2025-03-07,Slice Republic,Pizza,21,59.21
R01329,Ordered for the family on the weekend. The shawarma wrap was delicious. Ordering through the app was easy. Will order again!,5,2025-09-25 13:43:00,Shawarma Corner,Middle Eastern,18,65.86
R00428,"Lunch order from Morning Brew Café. Good packaging, food stayed warm. Thanks!",5,2025-03-29,Morning Brew Café,Breakfast & Coffee,33,37.74
R01526,The driver was friendly and quick. But my promo code didn't work even though it was valid.,4,2025-11-02,Golden Wok,Chinese,34,62.2
R00106,Ordered croissant for two. Great deal with the promo. Arrived earlier than expected. Will order again!,5,2025-01-25,Morning Brew Café,Breakfast & Coffee,26,33.84
R01581,The driver was friendly and quick. The only problem: customer support never replied to my complaint.,2,2025-11-11 14:12:00,Taco Fiesta,Mexican,31,33.37
R00143,Ordered for the family on the weekend. Great deal with the promo. The kebab plate was delicious. Will order again!,five,2025-02-01,Cedar Grill,Middle Eastern,28,124.46
R00122,Second time this happened. Ordered three items and only got two. Really frustrating.,2,2025-01-28,Slice Republic,Pizza,26,49.59
R02526,Food was fresh and really tasty. Thanks!,abc,2026-04-03,Spice Route,Indian,36,62.41
R03049,Arrived earlier than expected. Highly recommend.,5,2026-06-23 10:56:00,Taco Fiesta,Mexican,23,82.96
R01190,Ordered garlic bread for two. Everything was packed neatly and nothing spilled. Highly recommend.,1,2025-09-02,Slice Republic,Pizza,44,75.61
R02107,"great deal with the promo. good packaging, food stayed warm.",4,2026-01-28,Burger Barn,Burgers,48,55.4
R02767,  Great food!  ,4,10 May 2026,Shawarma Corner,Middle Eastern,21,33.53
R01564,The burger was delicious.,4,2025-11-08,Burger Barn,Burgers,41,50.42
R00116,Rainy evening order. Ordering through the app was easy. Unfortunately still waiting for my refund after two weeks.,3,2025-01-26,Golden Wok,Chinese,34,43.01
R02320,Great food!,5,2026-03-02,Pasta Piazza,Italian,34,
R01449,Good value for money. Will order again!,5,2025-10-18,Shawarma Corner,Middle Eastern,31,34.5
R02288,Lunch order from Taco Fiesta. Second time this happened. They sent a completely different quesadilla. Really frustrating.,2,2026-02-25,Taco Fiesta,Mexican,36,25.03
R02980,Best milkshake I've had in a while. Will order again!,5,2026-06-12,Burger Barn,Burgers,34,44.27
R02305,"Fine for a quick meal, the smoothie was average.",2,2026-02-28,Green Bowl,Healthy,32,53.89
R02502,Lunch order from Sweet Spot Desserts. Good value for money. Thanks!,5,2026-03-30,Sweet Spot Desserts,Desserts,31,34.56
R02046,"Lunch order from Shawarma Corner. Delivery was fast, arrived in 27 minutes. The garlic sauce was delicious. Thanks!",5,2026-01-19,Shawarma Corner,Middle Eastern,27,44.11
R00673,Ugh. The soup leaked all over the bag. Customer support never replied to my complaint. Won't order again.,2,2025-05-19,Golden Wok,Chinese,44 min,64.93
R02637,Great deal with the promo. Thanks!,5,2026-04-18,Pasta Piazza,Italian,38,59.61
R01860,"Second order this week. Not happy with this order. Delivery took 74 minutes, way longer than promised. Please fix this.",3,2025-12-23 19:14:00,Golden Wok,Chinese,74,66.02
R01731,"Lunch order from Cedar Grill. Second time this happened. After the update the app is so buggy, couldn't even open the menu. The driver showed up almost an hour late.",1,2025-12-07,Cedar Grill,Middle Eastern,91,50.01
R00592,Ugh. The sushi platter was cold when it arrived. The app says delivered but I never received anything. Expected better.,1,2025-05-03,Sakura Sushi House,Sushi,,54.79
R01601,Lunch order from Slice Republic. Best pizza I've had in a while. Will order again!,4,2025-11-15,Slice Republic,Pizza,41,
R00889,ordered the fries for dinner. second time this happened. packaging was flimsy and the fries got squashed. expected better.,3.0,2025-07-02,Burger Barn,Burgers,23,46.77
R02992,Good value for money. The only problem: delivery was really slow again tonight.,3,2026-06-14,Slice Republic,Pizza,-5,54.47
R01563,Second time this happened. It said 25 minutes and it took 56. No sauces or cutlery even though I asked for them. Expected better.,2,2025-11-08,Morning Brew Café,Breakfast & Coffee,56,50.85
R02084,Rainy evening order. Best fries I've had in a while. Highly recommend.,4,2026-01-24,Shawarma Corner,Middle Eastern,43,SAR 63.71
R00214,Terrible experience. The samosa was undercooked in the middle. Please fix this.,2,16 Feb 2025,Spice Route,Indian,41,144.87
R00779,First time trying Shawarma Corner. Good value for money. Unfortunately the fries was cold when it arrived.,3,2025-06-12,Shawarma Corner,Middle Eastern,22,59.35
R02296,"not happy with this order. chicken in the shawarma wrap was still pink inside, not safe. app froze twice while i was placing the order.",2,2026-02-27,Shawarma Corner,Middle Eastern,36,35.91
R02643,Second order this week. Ugh. Not worth the price anymore.,3,"April 19, 2026",Burger Barn,Burgers,23,57.48
R00801,Ordered mixed grill for two. Ordering through the app was easy.,4,2025-06-17,Cedar Grill,Middle Eastern,42,80.3
R02642,Late night order. Very disappointed. Paid more in fees than the food itself. The chicken plate was bland and tasted nothing like before. Expected better.,1,2026-04-19,Shawarma Corner,Middle Eastern,21,52.31
R01652,"Rainy evening order. It was alright. Not bad, not great.",4,2025-11-24,Burger Barn,Burgers,27,68.92
R01742,Average experience. Food was fine and arrived on time.,3,2025-12-08,Pasta Piazza,Italian,35,68.29
R03048,Arrived earlier than expected. Thanks!,1,2026-06-23,Sakura Sushi House,Sushi,34,SAR 161.88
R02835,Ugh. No sauces or cutlery even though I asked for them.,2,"May 20, 2026",Spice Route,Indian,40,62.32
R01727,the wrap was hot and perfectly cooked. highly recommend.,1,07 Dec 2025,Green Bowl,Healthy,33,46.89
R02888,best samosa i've had in a while. the driver was friendly and quick. thanks!,5,2026-05-28,Spice Route,Indian,18,71.87
R01344,Order status never updated after it was picked up. Expected better.,3,2025-09-28,Pasta Piazza,Italian,36,62.47
R00274,"Arrived earlier than expected. The only problem: quality has gone down, the hummus tasted cheap.",4,"February 26, 2025",Cedar Grill,Middle Eastern,28,80.25
R00072,Second order this week. Best ice cream I've had in a while. Highly recommend.,5,2025-01-18,Sweet Spot Desserts,Desserts,30,20.25
R02038,"Terrible experience. Ordered three items and only got two. Waited over 78 minutes for my food, the ETA kept changing.",1,2026-01-18,Sakura Sushi House,Sushi,78,132.49
R01088,Got the samosa and a drink. Everything was packed neatly and nothing spilled. Will order again!,5,2025-08-14,Spice Route,Indian,41,55.94
R00395,"Ordered for the family on the weekend. Arrived earlier than expected. However, half of my order was not in the bag, missing the hummus.",4,2025-03-23,Cedar Grill,Middle Eastern,24,41.25
R00584,"Ordered to the office today. Standard order, no complaints but nothing memorable.",3,2025-05-02,Pasta Piazza,Italian,44,114.23
R01743,"Second time this happened. Delivery took 64 minutes, way longer than promised. Won't order again.",2,2025-12-08,Slice Republic,Pizza,64,71.14
R02150,"Food was fresh and really tasty. But half of my order was not in the bag, missing the wings.",3,2026-02-05,Slice Republic,Pizza,33,61.11
R02156,  Ordering through the app was easy.<br>  Food was fresh and really tasty.  ,5,2026-02-06,Golden Wok,Chinese,45,65.38
R00501,Second time this happened. The soup leaked all over the bag. Support just sent a copy-paste message and closed the ticket. Expected better.,2,2025-04-13,Spice Route,Indian,35,71.95
R02169,Food was fresh and really tasty. Arrived earlier than expected. Highly recommend.,5,2026-02-07,Morning Brew Café,Breakfast & Coffee,24,45.94
R02370,Ugh. The service fee is ridiculous now.,3,08 Mar 2026,Slice Republic,Pizza,25,68.38
R90006,Late night order. Ugh. The drinks were missing again. Please fix this.,3,2026-03-29,Taco Fiesta,Mexican,41,35.96
R02918,"It was alright. Not bad, not great.",3,2026-06-03,Sakura Sushi House,Sushi,23,98.23
,Support sorted out my issue quickly. Will order again!,5,2025-11-29,Green Bowl,Healthy,39,102.96
R01260,Second order this week. Food was fresh and really tasty. The driver was friendly and quick. Thanks!,5,2025-09-13,Slice Republic,Pizza,38,66.44
R01836,"Lunch order from Sakura Sushi House. It was alright. Not bad, not great.",4,19 Dec 2025,Sakura Sushi House,Sushi,39,143.52
R01984,Ordered for the family on the weekend. Great deal with the promo. Highly recommend.,5,"January 09, 2026",Golden Wok,Chinese,28,91.34
R00206,"It was alright. Not bad, not great.",3,2025-02-15,Shawarma Corner,Middle Eastern,41,50.37
R00734,"Rainy evening order. The lasagna was hot and perfectly cooked. But delivery took 67 minutes, way longer than promised.",3,03 Jun 2025,Pasta Piazza,Italian,,100.25
R01739,Great food!,5,2025-12-08,Sakura Sushi House,Sushi,31,98.61
R00527,"Not happy with this order. Waited over 94 minutes for my food, the ETA kept changing. Won't order again.",2,2025-04-17,Slice Republic,Pizza,,54.17
R02064,"Rainy evening order. Terrible experience. Prices went up again, 36 for a small meal is too much. Won't order again.",2,2026-01-21,Sweet Spot Desserts,Desserts,25,36.07
R00899,"Good packaging, food stayed warm. Will order again!",5,"July 04, 2025",Sakura Sushi House,Sushi,72,237.17
R00378,Ugh. Payment failed but I was still charged. Expected better.,3,2025-03-18 22:17:00,Slice Republic,Pizza,,69.86
R01967,Not happy with this order. They sent a completely different garlic sauce. Won't order again.,3,2026-01-07,Shawarma Corner,Middle Eastern,23,74.84
R02855,"Best latte I've had in a while. Delivery was fast, arrived in 20 minutes. Will order again!",4,2026-05-23,Morning Brew Café,Breakfast & Coffee,20,23.6
R02900,Ugh. Delivery was really slow again tonight. Won't order again.,2,2026-05-30 22:34:00,Slice Republic,Pizza,91,118.55
R00387,"Ordered breakfast sandwich for two. Great flavour, generous portions. Will order again!",5,2025-03-21,Morning Brew Café,Breakfast & Coffee,35,31.51
R00199,not happy with this order. the service fee is ridiculous now. please fix this.,2,,Shawarma Corner,Middle Eastern,22,42.81
R01051,food was fresh and really tasty. highly recommend.,5,2025-08-07,Cedar Grill,Middle Eastern,35,50.11
R00591,Got the naan and a drink. Great deal with the promo. Thanks!,4,2025-05-03,Spice Route,Indian,18,81.62
R00520,Very disappointed. My promo code didn't work even though it was valid. Please fix this.,4,2025-04-16,Spice Route,Indian,37,31.51
R02158,Love it,5,06 Feb 2026,Pasta Piazza,Italian,30,68.84
R02178,rainy evening order. food was fresh and really tasty. highly recommend.,5,2026-02-09,Taco Fiesta,Mexican,20,48.04
R00430,"Got the hot and sour soup and a drink. Not happy with this order. Food came cold, had to reheat the hot and sour soup myself. Expected better.",2,30 Mar 2025,Golden Wok,Chinese,40,61.94
R01084,Ordered for the family on the weekend. Second time this happened. Everything was thrown in one bag with no separation. Expected better.,4,2025-08-13,Slice Republic,Pizza,40,72.44
R00208,The naan was delicious. Thanks!,5,2025-02-15,Spice Route,Indian,69,130.22
R00492,Second time this happened. My order never arrived and nobody could tell me where it was. Really frustrating.,2,2025-04-10,Slice Republic,Pizza,55,95.95
R02319,Ordered the biryani for dinner. Arrived earlier than expected. Unfortunately the delivery guy didn't follow the drop-off instructions at all.,3,2026-03-01 23:43:00,Spice Route,Indian,39,96.54
R03098,"Nothing wrong with it, nothing exciting either.",3,2026-06-30,Slice Republic,Pizza,34,64.16
R00793,Late night order. The pasta was hot and perfectly cooked. Great deal with the promo.,4,2025-06-15,Slice Republic,Pizza,30,66.21
R02655,Ugh. Drink was spilled and soaked the noodles. Really frustrating.,2,2026-04-21,Golden Wok,Chinese,42,50.67
R01187,"Food was fresh and really tasty. The only problem: half of my order was not in the bag, missing the mixed grill.",3,2025-09-02,Cedar Grill,Middle Eastern,38,75.82
R01186,First time trying Burger Barn. Not happy with this order. Drink was spilled and soaked the chicken sandwich. Won't order again.,2,2025-09-01,Burger Barn,Burgers,27,37.37
R02006,"Second time this happened. Way too expensive for the portion size. After the update the app is so buggy, couldn't even open the menu. Please fix this.",2,2026-01-12,Taco Fiesta,Mexican,35,53.69
R01537,Second order this week. The noodles was hot and perfectly cooked. But everything was thrown in one bag with no separation.,4,2025-11-03,Golden Wok,Chinese,50,82.64
R02379,"Ordered for the family on the weekend. Delivery was fast, arrived in 30 minutes. Highly recommend.",5,2026-03-10,Sakura Sushi House,Sushi,30,243.19
R01411,Rainy evening order. Ordering through the app was easy. Thanks!,5,2025-10-08,Burger Barn,Burgers,38,57.83
R01477,Ordering through the app was easy. Will order again!,4,2025-10-25,Taco Fiesta,Mexican,29,54.14
R00084,Amazing!,5,2025-01-21,pasta piazza,Italian,39,132.08
R02572,Best fried rice I've had in a while. Unfortunately the soup leaked all over the bag.,3,2026-04-09,Golden Wok,Chinese,23,57.99
R02373,Everything was thrown in one bag with no separation. Expected better.,3,2026-03-08,Taco Fiesta,Mexican,33,44.59
R00021,"Tracking was accurate the whole way. Delivery was fast, arrived in 32 minutes. Will order again!",5,2025-01-05,Taco Fiesta,Mexican,32,28.81
R01610,Rainy evening order. Decent burger but I've had better.,3,2025-11-17,Burger Barn,Burgers,37,87.75
R01746,ordered to the office today. great deal with the promo.,4,2025-12-08 14:17:00,Shawarma Corner,Middle Eastern,21,44.39
R01785,"Standard order, no complaints but nothing memorable.",4,2025-12-11,Sweet Spot Desserts,Desserts,53,36.91
R01406,"First time trying Sweet Spot Desserts. Arrived earlier than expected. Great flavour, generous portions.",5,2025-10-07,Sweet Spot Desserts,Desserts,,23.18
R02128,Ordered sushi platter for two. Arrived earlier than expected. Thanks!,4,2026-02-01,Sakura Sushi House,Sushi,28,96.08
R90018,"Delivery was fast, arrived in 25 minutes. But way too expensive for the portion size.",4,2026-06-30,Slice Republic,Pizza,25,97.18
R02867,Not happy with this order. Tracking map showed the driver going in circles. Won't order again.,2,2026-05-25,Spice Route,Indian,32,100.04
R02127,food was fine. delivery was a bit slow but acceptable.,3,"February 01, 2026",Green Bowl,Healthy,29,46.02
R00974,Ugh. The driver showed up almost an hour late. Expected better.,3,2025-07-20 20:05:00,Slice Republic,Pizza,79,84.93
R02972,Ordered for the family on the weekend. Food was fresh and really tasty. Unfortunately delivery was really slow again tonight.,3,11 Jun 2026,Slice Republic,Pizza,100,
R00884,"nothing wrong with it, nothing exciting either.",3,2025-07-02,Cedar Grill,Middle Eastern,34,98.81
R01099,Ordered to the office today. Food was fine. Delivery was a bit slow but acceptable.,3,"August 16, 2025",Taco Fiesta,Mexican,28,88.47
R00157,Terrible experience. The drinks were missing again.,2,2025-02-05,Slice Republic,Pizza,26,67.31
R02689,milkshake was as expected. Delivery took 29 minutes.,3,2026-04-26,Burger Barn,Burgers,,60.49
R00887,"Ordered the hot and sour soup for dinner. Ugh. Delivery took 61 minutes, way longer than promised. Refund was only a voucher, not my money back. Expected better.",3,2025-07-02,Golden Wok,Chinese,61,46.85
R90027,Late night order. The latte was hot and perfectly cooked.,4,2025-08-05,Morning Brew Café,Breakfast & Coffee,24,47.75
R02631,Ordered the pizza for dinner. Second time this happened. Driver refused to come up to the door and left the food downstairs. Please fix this.,2,2026-04-17 20:11:00,slice republic,Pizza,28,79.78
R01513,"Standard order, no complaints but nothing memorable.",3,2025-10-31,Sakura Sushi House,Sushi,29,88.62
R02640,Ordered to the office today. The wings was hot and perfectly cooked. But my order arrived 27 minutes later than the estimate.,3,18 Apr 2026,Slice Republic,Pizza,63,45.64
R01711,Late night order. Ordering through the app was easy. The only problem: no sauces or cutlery even though I asked for them.,3,2025-12-04,Spice Route,Indian,31,39.7
R02699,"Best salad bowl I've had in a while. However, after the update the app is so buggy, couldn't even open the menu.",3,2026-04-28,Green Bowl,Healthy,24,78.83
R02068,Ordered the salmon roll for dinner. Second time this happened. My promo code didn't work even though it was valid. Expected better.,3,2026-01-21,Sakura Sushi House,Sushi,43,129.41
R02592,Great deal with the promo. Will order again!,5,2026-04-11,Sweet Spot Desserts,Desserts,25,36.7
R01454,"Ordered the fried rice for dinner. Delivery was fast, arrived in 84 minutes. Unfortunately my order arrived 47 minutes later than the estimate.",3,2025-10-20,Golden Wok,Chinese,84,84.85
R01506,Order status never updated after it was picked up. Expected better.,3,30 Oct 2025,Pasta Piazza,Italian,38,60.68
R02821,Ordered to the office today. The pancakes was hot and perfectly cooked. Ordering through the app was easy.,5,2026-05-18 12:45:00,Morning Brew Café,Breakfast & Coffee,17,31.25
R00459,Everything was packed neatly and nothing spilled. Food was fresh and really tasty. Highly recommend.,4,2025-04-04,Cedar Grill,Middle Eastern,31 min,114.67
R02103,Arrived earlier than expected.,5,2026-01-28,  Morning Brew Café ,Breakfast & Coffee,25,16.52
R00079,Arrived earlier than expected. Unfortunately got charged twice for the same order.,4,2025-01-20,Taco Fiesta,Mexican,31,63.05
R03100,the burger was delicious.,4,2026-06-30 22:18:00,Burger Barn,Burgers,28,53.45
R01057,"ordered for the family on the weekend. good packaging, food stayed warm. highly recommend.",5,2025-08-08,Shawarma Corner,Middle Eastern,35,42.51
R00907,"Ordered the cupcakes for dinner. Great flavour, generous portions. Great deal with the promo. Highly recommend.",4,2025-07-06,Sweet Spot Desserts,Desserts,26,73.61
R01790,"Very disappointed. Food came cold, had to reheat the wings myself.",1,2025-12-12 19:20:00,Slice Republic,Pizza,36,49.35
R02361,Average experience. Food was fine and arrived on time.,3,2026-03-06,Burger Barn,Burgers,31,37.25
,The biryani was hot and perfectly cooked. Great deal with the promo. Will order again!,4,"May 28, 2026",Spice Route,Indian,38,128.01
R00381,"Half of my order was not in the bag, missing the wings.",1,2025-03-20,Slice Republic,Pizza,18,48.58
R00948,Lunch order from Sakura Sushi House. The salmon roll was hot and perfectly cooked. Thanks!,4,2025-07-13,Sakura Sushi House,Sushi,34,133.21
R01952,   ,5,2026-01-05,Taco Fiesta,Mexican,39,63.82
R02654,Perfect as always,5,2026-04-21,Taco Fiesta,Mexican,28,26.49
R00716,Second order this week. Everything was packed neatly and nothing spilled. Will order again!,5,2025-05-30,Taco Fiesta,Mexican,28,67.89
R02345,N/A,5,2026-03-05,Shawarma Corner,Middle Eastern,30,42.88
R00687,Everything was packed neatly and nothing spilled. Will order again!,5.0,2025-05-22,Slice Republic,Pizza,29,76.58
R02731,The driver was friendly and quick. Highly recommend.,4,2026-05-03,Golden Wok,Chinese,20,44.76
R01294,Terrible experience. New fees appeared at checkout that weren't shown before. Won't order again.,2,2025-09-20,Slice Republic,Pizza,46,104.57
R00306,First time trying Sweet Spot Desserts. Not happy with this order. The app says delivered but I never received anything. Won't order again.,2,2025-03-06 10:41:00,Sweet Spot Desserts,Desserts,30,47.06
R00210,Ordered biryani for two. Average experience. Food was fine and arrived on time.,3,2025-02-15,Spice Route,Indian,40,106.42
R01698,"ordered for the family on the weekend. great flavour, generous portions. thanks!",4,2025-12-02,Shawarma Corner,Middle Eastern,25,47.25
R02368,"Late night order. Delivery was fast, arrived in 28 minutes. Great deal with the promo. Highly recommend.",5,2026-03-07,Sakura Sushi House,Sushi,28,195.95
R90002,"The driver was friendly and quick. Good packaging, food stayed warm. Will order again!",5,2026-02-18 16:04:00,Morning Brew Café,Breakfast & Coffee,28,30.55
R02118,Terrible experience. Everything was thrown in one bag with no separation. Really frustrating.,3,2026-01-31,Green Bowl,Healthy,32,65.18
R00886,Ordered to the office today. Food was fresh and really tasty. Thanks!,4,2025-07-02,Cedar Grill,Middle Eastern,26,66.44
R01863,First time trying Green Bowl. Support sorted out my issue quickly. Good value for money. Will order again!,5,2025-12-23,Green Bowl,Healthy,22,61.85
R00918,"Second time this happened. Quality has gone down, the fried rice tasted cheap. Please fix this.",3,2025-07-07,Golden Wok,Chinese,31,83.98
R02096,"Food was fresh and really tasty. Delivery was fast, arrived in 34 minutes. Will order again!",5,"January 27, 2026",Burger Barn,Burgers,34,54.04
R02819,Second order this week. Best fries I've had in a while. But everything was lukewarm at best.,4,2026-05-17,Burger Barn,Burgers,39,91.4
R00192,Lunch order from Cedar Grill. Not happy with this order. My order arrived 45 minutes later than the estimate. Everything was lukewarm at best. Really frustrating.,2,2025-02-12,Cedar Grill,Middle Eastern,80,38.36
R02324,Average experience. Food was fine and arrived on time.,3,2026-03-02,Sweet Spot Desserts,Desserts,35,46.31
R02419,Food was fresh and really tasty. The only problem: it said 25 minutes and it took 64.,4,2026-03-16,Shawarma Corner,Middle Eastern,64,43.75
R01266,"Late night order. The biryani was hot and perfectly cooked. However, everything was lukewarm at best.",3,2025-09-14,SPICE ROUTE,Indian,56,122.26
R00484,"First time trying Spice Route. Nothing wrong with it, nothing exciting either.",3,2025-04-08,Spice Route,Indian,37,88.01
R00916,Late night order. The gyoza was hot and perfectly cooked. Highly recommend.,4,2025-07-06,Sakura Sushi House,Sushi,26,147.05
R02766,Late night order. Food was fresh and really tasty.,5,2026-05-10,Burger Barn,Burgers,26,60.89
R00278,The driver was friendly and quick. But ordered three items and only got two.,3,2025-02-26,Pasta Piazza,Italian,34,82.63
R00989,"Rainy evening order. Nothing wrong with it, nothing exciting either.",3,2025-07-24,Golden Wok,Chinese,37,89.04
R01660,Food was fresh and really tasty.,4,2025-11-25,Spice Route,Indian,37,112.8
R01246,"The driver was friendly and quick. However, fries were cold and soggy.",4,2025-09-10,Burger Barn,Burgers,29,46.27
R02247,First time trying Burger Barn. The fries was delicious. Thanks!,4,18 Feb 2026,Burger Barn,Burgers,32,63.96
R00572,Very disappointed. Delivery was really slow again tonight.,2,2025-04-29,Burger Barn,Burgers,79,67.06
R01436,10/10 would order again,4,2025-10-14 22:45:00,Green Bowl,Healthy,40,33.08
R00994,"Tracking was accurate the whole way. However, packaging was flimsy and the gyoza got squashed.",3,2025-07-24 16:05:00,Sakura Sushi House,Sushi,35,118.57
R01603,"Delivery was fast, arrived in 45 minutes. Ordering through the app was easy. Thanks!",5,2025-11-15 13:01:00,Slice Republic,Pizza,45,131.23
R01732,decent hot and sour soup but i've had better.,3,2025-12-07,Golden Wok,Chinese,37,107.65
R00586,"Terrible experience. My order arrived 20 minutes later than the estimate. Quality has gone down, the naan tasted cheap.",2,02 May 2025,Spice Route,Indian,60,47.83
R02731,The driver was friendly and quick. Highly recommend.,4,2026-05-03,Golden Wok,Chinese,20,44.76
R02891,Second order this week. Food was fresh and really tasty. Will order again!,4,2026-05-28 23:29:00,Spice Route,Indian,48,65.98
R90021,Ordering through the app was easy.,3,"May 11, 2026",Slice Republic,Pizza,52,57.02
R01350,"Great flavour, generous portions. Arrived earlier than expected. Will order again!",5,2025-09-29,Cedar Grill,Middle Eastern,29,71.5
R01008,"Delivery took 83 minutes, way longer than promised. My order never arrived and nobody could tell me where it was. Please fix this.",1,2025-07-26,Sakura Sushi House,Sushi,83,192.73
R00675,"Not happy with this order. Half of my order was not in the bag, missing the breakfast sandwich. The discount wasn't applied and support couldn't fix it.",3,2025-05-19,Morning Brew Café,Breakfast & Coffee,37,48.69
R01930,"Ordered pizza for two. Second time this happened. The app says delivered but I never received anything. Prices went up again, 135 for a small meal is too much. Please fix this.",1,"December 31, 2025",Slice Republic,Pizza,46,135.0
R00856,Love it,4,2025-06-26,Slice Republic,Pizza,33,52.12
R00448,Rainy evening order. Very disappointed. Not worth the price anymore. Please fix this.,2,2025-04-03,Green Bowl,Healthy,33,71.37
R02222,Great food!,4,2026-02-15,Shawarma Corner,Middle Eastern,38,31.09
R01903,Ordered to the office today. Second time this happened. The gyoza was bland and tasted nothing like before. Won't order again.,2,2025-12-29 10:39:00,Sakura Sushi House,Sushi,57,225.17
R01845,Second order this week. Everything was packed neatly and nothing spilled. But paid more in fees than the food itself.,4,2025-12-22,Slice Republic,Pizza,37,128.7
R02410,"Great deal with the promo. Good packaging, food stayed warm. Thanks!",4,2026-03-15 21:18:00,Morning Brew Café,Breakfast & Coffee,23,30.28
R02848,"First time trying Pasta Piazza. Half of my order was not in the bag, missing the tiramisu. Expected better.",2,2026-05-21,Pasta Piazza,Italian,34,57.65
R02609,Arrived earlier than expected.,5,2026-04-14,Sakura Sushi House,Sushi,25,107.98
R02190,First time trying Burger Barn. Delivery was really slow again tonight. Expected better.,1,2026-02-10,Burger Barn,Burgers,84,53.1
R02844,Terrible experience. Drink was spilled and soaked the milkshake. Really frustrating.,3,2026-05-21,Burger Barn,Burgers,24,59.34
R02651,"Second time this happened. Sauce spilled everywhere, the box was a mess. Won't order again.",4,2026-04-20,Golden Wok,Chinese,37,75.21
R01248,The hummus was delicious. Highly recommend.,5,2025-09-11,Cedar Grill,Middle Eastern,44,102.66
R00295,Lunch order from Shawarma Corner. The shawarma wrap was okay. Arrived in about 28 minutes.,3,2025-03-02,Shawarma Corner,Middle Eastern,28,33.76
R01548,Not happy with this order. Everything was lukewarm at best. Won't order again.,3,2025-11-05,Cedar Grill,Middle Eastern,21,60.04
R00589,Terrible experience. The soup leaked all over the bag. Expected better.,2,2025-05-03,Slice Republic,Pizza,,64.99
R01282,Everything was packed neatly and nothing spilled. Will order again!,5,2025-09-17 13:35:00,Shawarma Corner,Middle Eastern,27,58.6
R01663,"Delivery was fast, arrived in 32 minutes. But chicken in the wings was still pink inside, not safe.",4,2025-11-26,Slice Republic,Pizza,32,69.1
R02067,First time trying Golden Wok. Everything was packed neatly and nothing spilled. Great deal with the promo.,5,2026-01-21,Golden Wok,Chinese,51,60.5
R02464,Perfect as always,5,2026-03-23,Shawarma Corner,Middle Eastern,29,27.7
R02322,Not happy with this order. Ordered three items and only got two. Won't order again.,2,2026-03-02,Cedar Grill,Middle Eastern,25,
R02914,Food was fresh and really tasty. Highly recommend.,5,2026-06-02,Sweet Spot Desserts,Desserts,18,36.72
R02404,Ordered to the office today. Second time this happened. Everything was thrown in one bag with no separation. Expected better.,2,2026-03-15,Spice Route,Indian,43,46.05
R01418,Great deal with the promo. Highly recommend.,5,2025-10-10,BURGER BARN,Burgers,36,42.45
R00426,"Ordered for the family on the weekend. Great deal with the promo. However, the app logged me out in the middle of ordering.",2,2025-03-29,Shawarma Corner,Middle Eastern,37,
R00535,Lunch order from Taco Fiesta. Food was fresh and really tasty. Will order again!,5,2025-04-18,Taco Fiesta,Mexican,36,75.32
R01055,"Lunch order from Spice Route. Great flavour, generous portions. However, received the wrong biryani, not what I ordered.",4,2025-08-08,Spice Route,Indian,48,85.98
R02415,Tracking was accurate the whole way. Thanks!,5,2026-03-16,Green Bowl,Healthy,21,77.63
R02667,"Ordered to the office today. Great flavour, generous portions. But the butter chicken was undercooked in the middle.",3,2026-04-22,Spice Route,Indian,25,41.88
R01629,Very disappointed. App froze twice while I was placing the order. Expected better.,3,2025-11-20,Shawarma Corner,Middle Eastern,31,36.84
R00133,The croissant was delicious. Will order again!,5,2025-01-30,Morning Brew Café,Breakfast & Coffee,35,
R00007,Got the garlic sauce and a drink. Tracking was accurate the whole way. The driver was friendly and quick.,5,2025-01-02,Shawarma Corner,Middle Eastern,24,40.74
R02834,Late night order. My order arrived 28 minutes later than the estimate. Please fix this.,1,19 May 2026,Slice Republic,Pizza,64,50.37
R00422,"Ugh. Food came cold, had to reheat the pizza myself. Expected better.",3,2025-03-28,Slice Republic,Pizza,41,77.26
R02831,"Great flavour, generous portions. But my order never arrived and nobody could tell me where it was.",2,2026-05-19,Green Bowl,Healthy,43,SAR 50.54
R02175,lunch order from slice republic. food was fresh and really tasty. will order again!,4,2026-02-09,Slice Republic,Pizza,35,62.59
R01802,"second time this happened. sauce spilled everywhere, the box was a mess. please fix this.",2,2025-12-15,Taco Fiesta,Mexican,28,65.38
R01369,Ordered to the office today. Ugh. Customer support never replied to my complaint.,1,"October 02, 2025",Sakura Sushi House,Sushi,41,110.34
R00557,Food was fresh and really tasty. But ordered three items and only got two.,3,23 Apr 2025,Spice Route,Indian,41,99.67
R02179,"Lunch order from Morning Brew Café. Very disappointed. Waited over 76 minutes for my food, the ETA kept changing. Really frustrating.",3,2026-02-09 19:26:00,Morning Brew Café,Breakfast & Coffee,76 min,20.78
R03079,Lunch order from Cedar Grill. Arrived earlier than expected. Highly recommend.,5,2026-06-28,Cedar Grill,Middle Eastern,35,120.09
R02852,"Rainy evening order. The chicken sandwich was delicious. However, ordered three items and only got two.",3,2026-05-22,Burger Barn,Burgers,34,78.37
R01738,They refused to refund the missing items. Won't order again.,1,2025-12-08,Taco Fiesta,Mexican,30,
R00571,Decent pasta but I've had better.,3,2025-04-28,Slice Republic,Pizza,32,101.13
R00353,Terrible experience. I got someone else's order instead of mine. The driver showed up almost an hour late. Please fix this.,2,2025-03-14,Sakura Sushi House,Sushi,81,115.9
R00092,Second time this happened. The discount wasn't applied and support couldn't fix it.,3,2025-01-23,Slice Republic,Pizza,37,59.55
R02649,Ordered for the family on the weekend. Average experience. Food was fine and arrived on time.,4,2026-04-19 21:23:00,Cedar Grill,Middle Eastern,29,49.53
R02698,"Ordered the chicken sandwich for dinner. Delivery was fast, arrived in 38 minutes. Highly recommend.",4,2026-04-28,Burger Barn,Burgers,38,38.58
R01171,Best chicken sandwich I've had in a while.,5,2025-08-29,Burger Barn,Burgers,47,101.98
R02104,Not happy with this order. Delivery was really slow again tonight. Won't order again.,2,2026-01-28,Slice Republic,Pizza,96,87.06
R01286,Got the croissant and a drink. The croissant was hot and perfectly cooked. Great deal with the promo.,5,2025-09-18,Morning Brew Café,Breakfast & Coffee,24,
R01942,"Best tiramisu I've had in a while. However, food came cold, had to reheat the tiramisu myself.",3,"January 03, 2026",Pasta Piazza,Italian,38,59.49
R01676,Lunch order from Green Bowl. The salad bowl was delicious. Thanks!,5,2025-11-28,Green Bowl,Healthy,33,41.51
R02565,"Food was fresh and really tasty. However, customer support never replied to my complaint.",3,2026-04-08,Spice Route,Indian,30,50.37
,Ugh. Packaging was flimsy and the tacos got squashed. Expected better.,2,13 Nov 2025,Taco Fiesta,Mexican,37,SAR 46.98
R02672,  Second order this week.<br>  Very disappointed.<br>  The driver showed up almost an hour late.<br>  Expected better.  ,2,2026-04-24,Golden Wok,Chinese,78,64.95
R00698,"Mixed feelings, the chicken plate was good but the sides were meh.",3,2025-05-25,Shawarma Corner,Middle Eastern,29,26.87
R02669,Second time this happened. The delivery guy didn't follow the drop-off instructions at all. Really frustrating.,1,2026-04-23,Spice Route,Indian,28,71.17
R00349,"Ordered for the family on the weekend. Not happy with this order. Order status never updated after it was picked up. Food came cold, had to reheat the chicken sandwich myself.",2,2025-03-13 14:53:00,Burger Barn,Burgers,34,47.33
R01787,"Ordered the chicken plate for dinner. Great flavour, generous portions. Will order again!",4,2025-12-12,Shawarma Corner,Middle Eastern,30,62.66
R02499,Second order this week. Very disappointed. The burger was cold when it arrived. Won't order again.,3,2026-03-30,Burger Barn,Burgers,20,62.45
R02589,"Arrived earlier than expected. However, bread was stale and the fries tasted old.",3,2026-04-11,Shawarma Corner,Middle Eastern,,32.86
R02314,Second time this happened. They refused to refund the missing items. Expected better.,1,2026-03-01,Spice Route,Indian,36,83.55
R01138,Very disappointed. The burger was cold when it arrived. Really frustrating.,2,2025-08-23,Burger Barn,Burgers,35,47.0
R02047,"great flavour, generous portions. thanks!",5,2026-01-20,Burger Barn,Burgers,38,31.03
R01658,ordered to the office today. ordering through the app was easy. thanks!,5,2025-11-25,Spice Route,Indian,43,85.38
R03019,Best tiramisu I've had in a while. Unfortunately my order arrived 53 minutes later than the estimate.,2,2026-06-18,pasta piazza,Italian,89,43.67
R03003,"Rainy evening order. It was alright. Not bad, not great.",2,2026-06-16,Sakura Sushi House,Sushi,0,133.05
R01340,"Ordered to the office today. Not happy with this order. Received the wrong wings, not what I ordered.",2,2025-09-27 16:08:00,Slice Republic,Pizza,30,51.78
R02652,Second order this week. Arrived earlier than expected. Highly recommend.,5,2026-04-20,Sakura Sushi House,Sushi,19,190.84
R00454,Late night order. Decent noodles but I've had better.,4,2025-04-03,Golden Wok,Chinese,32,61.89
R00914,Ordered the garlic bread for dinner. Good value for money. Highly recommend.,4,2025-07-06,Slice Republic,Pizza,37,91.48
R02267,Not happy with this order. My order arrived 45 minutes later than the estimate. Support just sent a copy-paste message and closed the ticket. Please fix this.,2,"February 22, 2026",Slice Republic,Pizza,81,144.21
R01200,"Delivery was fast, arrived in 53 minutes. Great flavour, generous portions. Thanks!",5,2025-09-03,Pasta Piazza,Italian,53,80.54
R01275,Arrived earlier than expected. But the driver showed up almost an hour late.,4,2025-09-16,Burger Barn,Burgers,63,88.99
R02909,"Great flavour, generous portions. Delivery was fast, arrived in 28 minutes. Will order again!",5,2026-06-01,Taco Fiesta,Mexican,28,60.45
R00038,Ordered shawarma wrap for two. Second time this happened. My order arrived 41 minutes later than the estimate. Won't order again.,2,2025-01-09,Shawarma Corner,Middle Eastern,69,18.2
R00975,Very disappointed. Delivery was really slow again tonight. The drinks were missing again. Really frustrating.,1,2025-07-20 22:47:00,Burger Barn,Burgers,70 min,107.14
R02951,Lunch order from Golden Wok. Food was fresh and really tasty. Will order again!,5,2026-06-06 21:53:00,Golden Wok,Chinese,42,54.56
R00984,"Good packaging, food stayed warm. Will order again!",4,2025-07-22 17:09:00,Sakura Sushi House,Sushi,45,128.97
R01250,Amazing!,5,2025-09-11,Sweet Spot Desserts,Desserts,37,41.11
R02441,"Ordered the garlic sauce for dinner. Best garlic sauce I've had in a while. However, food came cold, had to reheat the garlic sauce myself.",3,2026-03-20,Shawarma Corner,Middle Eastern,15,
R01419,Lunch order from Taco Fiesta. Food was fresh and really tasty. Good value for money.,5,2025-10-10,Taco Fiesta,Mexican,43,69.64
R01285,"Ordered for the family on the weekend. Delivery was fast, arrived in 108 minutes. However, delivery took 108 minutes, way longer than promised.",3,"September 18, 2025",Slice Republic,Pizza,108,73.72
R02424,,5,2026-03-17,Shawarma Corner,Middle Eastern,32,$59.67
R00040,"great flavour, generous portions. delivery was fast, arrived in 32 minutes.",4,2025-01-09,Pasta Piazza,Italian,32,41.58
R01487,Ordered the gyoza for dinner. gyoza was as expected. Delivery took 28 minutes.,3,27 Oct 2025,Sakura Sushi House,Sushi,28,81.58
R02033,Got the butter chicken and a drink. The driver was friendly and quick.,5,2026-01-17,Spice Route,Indian,23,129.44
R00170,First time trying Morning Brew Café. Average experience. Food was fine and arrived on time.,3,2025-02-07,Morning Brew Café,Breakfast & Coffee,24,15.75
R01356,"Good packaging, food stayed warm. The pizza was delicious. Will order again!",4,2025-09-29,Slice Republic,Pizza,35,63.47
R00738,Ordered the butter chicken for dinner. The butter chicken was hot and perfectly cooked. Highly recommend.,5,2025-06-04,Spice Route,Indian,37,141.55
R01776,"Ordered to the office today. Delivery was fast, arrived in 34 minutes.",5,2025-12-11,Cedar Grill,Middle Eastern,34,52.28
R02874,Best noodles I've had in a while. Will order again!,4,2026-05-26 12:02:00,Golden Wok,Chinese,34,80.72
R01673,Amazing!,5,2025-11-28,Pasta Piazza,Italian,39,58.24
R01565,"Rainy evening order. The lasagna was delicious. However, it said 25 minutes and it took 67.",3,2025-11-08,Pasta Piazza,Italian,67,99.65
R02554,"Got the quesadilla and a drink. Order was okay, nothing special.",3,"April 06, 2026",Taco Fiesta,Mexican,25,57.79
R00635,Perfect as always,5,2025-05-12,Sakura Sushi House,Sushi,55,116.35
R02820,Lunch order from Slice Republic. Everything was packed neatly and nothing spilled. Highly recommend.,5,2026-05-17,Slice Republic,Pizza,28,72.52
R02116,The croissant was delicious. Thanks!,5,2026-01-30,Morning Brew Café,Breakfast & Coffee,35,27.38
R01641,Love it,5,2025-11-21,Shawarma Corner,Middle Eastern,37,63.2
R01291,Very disappointed. Fries were cold and soggy. Please fix this.,1,19 Sep 2025,Taco Fiesta,Mexican,32,35.31
R02703,second order this week. great deal with the promo. will order again!,5,2026-04-29,Golden Wok,Chinese,45 min,75.44
R01381,"Rainy evening order. Delivery was fast, arrived in 30 minutes. Thanks!",5,2025-10-04 12:12:00,Spice Route,Indian,30,105.78
R00580,Food was fine. Delivery was a bit slow but acceptable.,3,"May 01, 2025",Pasta Piazza,Italian,27,79.62
R00329,"Great flavour, generous portions. Highly recommend.",5,2025-03-10 13:34:00,Sweet Spot Desserts,Desserts,44,58.72
R01874,Not happy with this order. Tracking map showed the driver going in circles.,1,2025-12-24,Sakura Sushi House,Sushi,48,118.79
R00893,"Second time this happened. Delivery took 69 minutes, way longer than promised. Expected better.",1,2025-07-03 19:08:00,Sakura Sushi House,Sushi,,108.22
R01144,"Everything was packed neatly and nothing spilled. The only problem: half of my order was not in the bag, missing the pasta.",3,25 Aug 2025,Slice Republic,Pizza,52,78.27
R00781,"Great flavour, generous portions. Will order again!",5,13 Jun 2025,BURGER BARN,Burgers,31,67.58
R00160,Rainy evening order. Support sorted out my issue quickly. Will order again!,5,2025-02-05,Golden Wok,Chinese,44,58.93
R01770,Not happy with this order. Customer support never replied to my complaint. Won't order again.,3,2025-12-10,Spice Route,Indian,39,120.09
R01887,Not happy with this order. The fried rice was cold when it arrived. Please fix this.,1,2025-12-26 15:45:00,Golden Wok,Chinese,39,36.71
R02477,Ordered to the office today. Very disappointed. Courier called me five times and then got angry.,2,2026-03-26,Slice Republic,Pizza,32,49.3
R00062,Everything was packed neatly and nothing spilled. Best hot and sour soup I've had in a while. Highly recommend.,5,2025-01-16,GOLDEN WOK,Chinese,41,62.09
R00850,"Late night order. It was alright. Not bad, not great.",3,2025-06-26,Morning Brew Café,Breakfast & Coffee,22,24.78
R02273,tracking was accurate the whole way. support sorted out my issue quickly. will order again!,4,2026-02-24 11:54:00,Morning Brew Café,Breakfast & Coffee,46,24.73
R03078,"Delivery was fast, arrived in 23 minutes. Ordering through the app was easy. Highly recommend.",3,2026-06-28,Burger Barn,Burgers,23,66.75
R01838,Ordered tacos for two. Arrived earlier than expected. Will order again!,5,20 Dec 2025,Taco Fiesta,Mexican,29,32.52
R01597,"Second order this week. The fries was delicious. However, fries were cold and soggy.",3,2025-11-14,Burger Barn,Burgers,27,61.24
R01044,Rainy evening order. Tracking was accurate the whole way. The only problem: ordered three items and only got two.,2,2025-08-05,Taco Fiesta,Mexican,27,30.74
R02658,"The latte was hot and perfectly cooked. However, my promo code didn't work even though it was valid.",3,2026-04-22,Morning Brew Café,Breakfast & Coffee,23,29.22
R01545,"Tracking was accurate the whole way. However, my order never arrived and nobody could tell me where it was.",2,2025-11-04,Green Bowl,Healthy,24,73.56
R02366,Got the salmon roll and a drink. Not happy with this order. The service fee is ridiculous now. Please fix this.,1,2026-03-07 17:25:00,Sakura Sushi House,Sushi,47,98.64
R01848,good value for money.,4,2025-12-22,Morning Brew Café,Breakfast & Coffee,25,56.82
R01071,Ordered the wrap for dinner. The driver was friendly and quick. Great deal with the promo. Will order again!,3,2025-08-10,Green Bowl,Healthy,,
R00054,"Good packaging, food stayed warm. Unfortunately new fees appeared at checkout that weren't shown before.",2,2025-01-13,Cedar Grill,Middle Eastern,24,100.68
R02601,Very disappointed. Bread was stale and the carbonara tasted old. Won't order again.,2,"April 13, 2026",Pasta Piazza,Italian,47,100.84
R00259,Ordered hummus for two. Arrived earlier than expected. Thanks!,5,2025-02-24,Cedar Grill,Middle Eastern,21,92.87
R00506,Good value for money. Support sorted out my issue quickly.,5,2025-04-14,Green Bowl,Healthy,34,58.67
R00753,Lunch order from Shawarma Corner. The garlic sauce was hot and perfectly cooked. Thanks!,5,2025-06-07,Shawarma Corner,Middle Eastern,35,70.59
R02155,Ordered quesadilla for two. Best quesadilla I've had in a while.,4,2026-02-06,Taco Fiesta,Mexican,38,50.59
R00218,chicken sandwich was as expected. Delivery took 39 minutes.,3,2025-02-17,Burger Barn,Burgers,39,54.29
R00825,Late night order. The brownie was hot and perfectly cooked.,5,2025-06-21,Sweet Spot Desserts,Desserts,20,29.09
R01740,First time trying Burger Barn. Good value for money. Will order again!,4,2025-12-08 10:34:00,Burger Barn,Burgers,38,57.56
R90026,"Mixed feelings, the hot and sour soup was good but the sides were meh.",3,2026-03-21,Golden Wok,Chinese,51,61.25
R02425,"Nothing wrong with it, nothing exciting either.",2,2026-03-17,Spice Route,Indian,42,68.35
R01390,Rainy evening order. Ugh. The app says delivered but I never received anything. Won't order again.,2,2025-10-05 10:50:00,Golden Wok,Chinese,29,55.98
R02665,Late night order. App froze twice while I was placing the order. Won't order again.,3,2026-04-22 20:22:00,Pasta Piazza,Italian,47,77.7
R01267,good value for money.,4,2025-09-14,Taco Fiesta,Mexican,50,37.41
R03024,"Ugh. Half of my order was not in the bag, missing the fries. Delivery was really slow again tonight. Please fix this.",3,2026-06-19,Burger Barn,Burgers,71,75.0
R01951,Ordering through the app was easy. Thanks!,4,2026-01-05,Burger Barn,Burgers,28,53.63
R01599,Very disappointed. Courier called me five times and then got angry.,2,2025-11-14 18:55:00,Slice Republic,Pizza,56,81.36
R02186,Got the hummus and a drink. The hummus was hot and perfectly cooked. Highly recommend.,5,13/45/2025,Cedar Grill,Middle Eastern,43,67.36
R01608,N/A,5,2025-11-16,Pasta Piazza,Italian,33,101.68
R02305,"Fine for a quick meal, the smoothie was average.",2,2026-02-28,Green Bowl,Healthy,32,53.89
R00772,"Ugh. Waited over 77 minutes for my food, the ETA kept changing.",,2025-06-11,Taco Fiesta,Mexican,77,58.43
R02985,Ordered the fries for dinner. Ugh. The app keeps crashing at checkout. Please fix this.,2,2026-06-12,Shawarma Corner,Middle Eastern,20,56.06
R02938,"Lunch order from Shawarma Corner. Very disappointed. Refund was only a voucher, not my money back. Expected better.",3,2026-06-05,Shawarma Corner,Middle Eastern,26,31.92
R02859,Everything was packed neatly and nothing spilled. Highly recommend.,4,2026-05-24 11:03:00,Cedar Grill,Middle Eastern,32,72.19
R02858,Food was fine. Delivery was a bit slow but acceptable.,3,2026-05-23,Spice Route,Indian,39,94.75
R01086,The driver was friendly and quick. Highly recommend.,5,2025-08-14 11:10:00,Morning Brew Café,Breakfast & Coffee,17,66.58
R02567,garlic bread was as expected. Delivery took 37 minutes.,2,2026-04-08,Slice Republic,Pizza,37,53.42
R01755,Ordered the naan for dinner. The naan was hot and perfectly cooked. Highly recommend.,4,09 Dec 2025,Spice Route,Indian,34,82.34
R01326,The driver was friendly and quick.,5,2025-09-24,Sweet Spot Desserts,Desserts,27,41.17
R02957,Rainy evening order. The driver was friendly and quick. Unfortunately packaging was flimsy and the garlic sauce got squashed.,4,07 Jun 2026,Shawarma Corner,Middle Eastern,19,37.33
R02026,First time trying Golden Wok. Food was fresh and really tasty. Highly recommend.,5,2026-01-17,Golden Wok,Chinese,26,42.5
R01954,First time trying Spice Route. Tracking was accurate the whole way. The driver was friendly and quick. Will order again!,4,2026-01-05,Spice Route,Indian,999,102.57
R01878,"late night order. good packaging, food stayed warm. unfortunately tried to contact support, waited 40 minutes in chat with no answer.",2,2025-12-25,Burger Barn,Burgers,38,84.69
R01404,Ordering through the app was easy. Will order again!,5,2025-10-07,Sakura Sushi House,Sushi,38 min,234.81
R01917,"Ordered to the office today. Standard order, no complaints but nothing memorable.",4,2025-12-31,Shawarma Corner,Middle Eastern,34,37.07
R02277,The driver was friendly and quick. Unfortunately i got someone else's order instead of mine.,3,2026-02-24,Shawarma Corner,Middle Eastern,25,46.02
R01955,"Ordered the chicken plate for dinner. Ugh. Chicken in the chicken plate was still pink inside, not safe. Expected better.",1,2026-01-05,Shawarma Corner,Middle Eastern,22,37.51
R01164,Arrived earlier than expected. Highly recommend.,4,2025-08-28,Morning Brew Café,Breakfast & Coffee,20,34.71
R00964,First time trying Taco Fiesta. Arrived earlier than expected. Highly recommend.,5,2025-07-18,Taco Fiesta,Mexican,16 min,69.79
R03088,Ugh. They sent a completely different burrito. Expected better.,3,2026-06-29,Taco Fiesta,Mexican,33,57.09
R01996,Ordered salmon roll for two. Arrived earlier than expected. The salmon roll was hot and perfectly cooked. Will order again!,5,2026-01-10 18:14:00,Sakura Sushi House,Sushi,36,$124.46
R00399,Best nachos I've had in a while. The only problem: they sent a completely different nachos.,2,2025-03-24,Taco Fiesta,Mexican,32,62.0
R00585,Second order this week. Not happy with this order. The driver showed up almost an hour late. Please fix this.,4,2025-05-02,Pasta Piazza,Italian,99,88.05
R00949,The pancakes was delicious. Will order again!,5,2025-07-13,Morning Brew Café,Breakfast & Coffee,32,32.7
R00705,Late night order. Decent carbonara but I've had better.,2,2025-05-26,Pasta Piazza,Italian,42,80.45
R00432,good value for money. highly recommend.,5,2025-03-30,Morning Brew Café,Breakfast & Coffee,30,29.49
R01689,First time trying Sweet Spot Desserts. The driver was friendly and quick.,5,2025-11-30,Sweet Spot Desserts,Desserts,17,32.84
R00293,"Not happy with this order. Half of my order was not in the bag, missing the noodles. Please fix this.",1,2025-03-02,Golden Wok,Chinese,36,61.45
R00146,"Late night order. Great flavour, generous portions. Unfortunately fries were cold and soggy.",3,2025-02-01,Shawarma Corner,Middle Eastern,30,30.91
R00324,The hot and sour soup was delicious. Will order again!,5,2025-03-09,  Golden Wok ,Chinese,45,84.52
R02756,Food was fresh and really tasty.,5,2026-05-07,Golden Wok,Chinese,34,66.83
R02251,Second order this week. Food was fresh and really tasty. Thanks!,4,2026-02-19,Golden Wok,Chinese,24,47.6
R01166,"Ordered hummus for two. Great flavour, generous portions. The only problem: paid more in fees than the food itself.",4,2025-08-28,Cedar Grill,Middle Eastern,35,61.24
R01453,"Delivery was fast, arrived in 25 minutes. Everything was packed neatly and nothing spilled. Highly recommend.",5,2025-10-20,Sweet Spot Desserts,Desserts,,$96.21
R00003,Ordered for the family on the weekend. The pizza was hot and perfectly cooked.,5,2025-01-01,Slice Republic,Pizza,22,87.61
R01713,First time trying Burger Barn. Average experience. Food was fine and arrived on time.,3,"December 05, 2025",Burger Barn,Burgers,21,39.98
R00577,Everything was packed neatly and nothing spilled. Will order again!,5,2025-04-30 18:19:00,Shawarma Corner,Middle Eastern,36,39.56
R02453,Rainy evening order. Decent pizza but I've had better.,3,2026-03-22,Slice Republic,Pizza,27,46.78
R00340,Good value for money. The only problem: delivery was really slow again tonight.,3,2025-03-11,Slice Republic,Pizza,,72.49
R03086,Amazing!,5,2026-06-29,Pasta Piazza,Italian,40,106.64
R01814,Ordered chicken plate for two. The chicken plate was hot and perfectly cooked.,5,2025-12-17 18:12:00,Shawarma Corner,Middle Eastern,39,15.91
R00926,Great deal with the promo. The croissant was hot and perfectly cooked.,5,2025-07-08,Morning Brew Café,Breakfast & Coffee,20,29.21
R00266,Perfect as always,5,2025-02-25,Sakura Sushi House,Sushi,,91.67
R00377,Second order this week. Everything was packed neatly and nothing spilled. Thanks!,5,2025-03-18,Cedar Grill,Middle Eastern,32,68.82
R02508,"Delivery was fast, arrived in 38 minutes. Will order again!",5,2026-04-01,Golden Wok,Chinese,38,96.0
R01772,"Ordered to the office today. Great flavour, generous portions. Ordering through the app was easy.",5,2025-12-10,Shawarma Corner,Middle Eastern,18,33.95
R01464,Best burger I've had in a while. Tracking was accurate the whole way. Highly recommend.,5,2025-10-22,Burger Barn,Burgers,32,103.46
R00272,Ordered to the office today. Very disappointed. New fees appeared at checkout that weren't shown before. Not worth the price anymore. Expected better.,2,2025-02-25,Green Bowl,Healthy,29,75.35
R00697,Ordering through the app was easy.,5,2025-05-24,Morning Brew Café,Breakfast & Coffee,37,28.99
R90000,best samosa i've had in a while. the only problem: no sauces or cutlery even though i asked for them.,3,"June 15, 2025",Spice Route,Indian,45,118.81
R00245,Food was fresh and really tasty.,4,2025-02-21 19:04:00,Shawarma Corner,Middle Eastern,24,40.73
R02996,   ,4,2026-06-15 15:01:00,Burger Barn,Burgers,28,54.52
R00477,Lunch order from Slice Republic. Packaging was flimsy and the pizza got squashed. Won't order again.,3,2025-04-07,Slice Republic,Pizza,36,44.49
R02690,The pancakes was delicious. Highly recommend.,4,2026-04-27,Morning Brew Café,Breakfast & Coffee,22,36.8
R01963,Not happy with this order. No sauces or cutlery even though I asked for them. Not worth the price anymore. Really frustrating.,1,2026-01-06,Pasta Piazza,Italian,37,90.2
R00814,"Lunch order from Morning Brew Café. Second time this happened. Delivery took 66 minutes, way longer than promised. Food was marked as delivered to the wrong building, never got it. Really frustrating.",1,2025-06-20,Morning Brew Café,Breakfast & Coffee,66,41.89
R01913,"Not happy with this order. Delivery took 96 minutes, way longer than promised. Tried to contact support, waited 40 minutes in chat with no answer. Won't order again.",2,2025-12-30,Burger Barn,Burgers,96,62.47
R02412,got the chicken sandwich and a drink. not happy with this order. my order arrived 46 minutes later than the estimate. ordered three items and only got two. won't order again.,1,2026-03-15,Burger Barn,Burgers,80,45.35
R02794,,3,2026-05-13,Sweet Spot Desserts,Desserts,55,27.96
R02966,Ordered for the family on the weekend. Food was fresh and really tasty. The driver was friendly and quick. Highly recommend.,5,2026-06-10,Spice Route,Indian,35,206.26
R02874,Best noodles I've had in a while. Will order again!,4,2026-05-26 12:02:00,Golden Wok,Chinese,34,80.72
R01165,"Nothing wrong with it, nothing exciting either.",3,2025-08-28,Golden Wok,Chinese,31,48.85
R02316,Customer support never replied to my complaint. Won't order again.,2,2026-03-01,Morning Brew Café,Breakfast & Coffee,19,39.15
R00251,Rainy evening order. Great deal with the promo.,5,2025-02-22,Sweet Spot Desserts,Desserts,27,30.39
R00414,"ugh. the app says delivered but i never received anything. honestly the tacos was not good, way too salty. expected better.",1,2025-03-27 13:07:00,Taco Fiesta,Mexican,26,29.21
R00546,Second order this week. Not happy with this order. Everything was lukewarm at best.,2,2025-04-20,Sakura Sushi House,Sushi,35,113.28
R01194,Terrible experience. Everything was thrown in one bag with no separation. Expected better.,4,2025-09-03,Pasta Piazza,Italian,30,81.7
R00739,Support sorted out my issue quickly.,2,2025-06-04,Golden Wok,Chinese,28,74.42
R00311,"Late night order. Nothing wrong with it, nothing exciting either.",3,2025-03-06,Spice Route,Indian,44,95.5
R01926,"Lunch order from Pasta Piazza. Great flavour, generous portions. But half of my order was not in the bag, missing the carbonara.",3,2025-12-31,Pasta Piazza,Italian,28,102.78
R00894,First time trying Burger Barn. Food was fine. Delivery was a bit slow but acceptable.,2,2025-07-03,Burger Barn,Burgers,33,68.64
R01132,"Very disappointed. Honestly the pizza was not good, way too salty. Won't order again.",3,2025-08-22,Slice Republic,Pizza,31,45.25
R01450,10/10 would order again,5,2025-10-18,Spice Route,Indian,48,69.39
R90024,Arrived earlier than expected. Good value for money. Highly recommend.,4,2025-04-12,Spice Route,Indian,30,188.32
R00016,The pasta was hot and perfectly cooked. Highly recommend.,5,2025-01-04,Slice Republic,Pizza,27,70.75
R02135,Second time this happened. Support just sent a copy-paste message and closed the ticket. Really frustrating.,2,2026-02-02 18:25:00,Morning Brew Café,Breakfast & Coffee,29,45.67
R00722,Tracking was accurate the whole way. The only problem: the soup leaked all over the bag.,4,2025-05-31,Shawarma Corner,Middle Eastern,21,32.6
R01421,Second time this happened. Packaging was flimsy and the burrito got squashed.,2,2025-10-10,Taco Fiesta,Mexican,43,89.1
R02804,Got the naan and a drink. Second time this happened. The app logged me out in the middle of ordering. Expected better.,3,2026-05-15,Spice Route,Indian,53,77.17
R00982,Arrived earlier than expected. Will order again!,3,2025-07-22,Pasta Piazza,Italian,30,57.57
R02246,Got the ramen and a drink. Tracking was accurate the whole way. Thanks!,5,2026-02-18,Sakura Sushi House,Sushi,50,
R01540,"Support sorted out my issue quickly. Unfortunately the live tracking was useless, it said arriving for 20 minutes.",4,2025-11-04,Spice Route,Indian,41,85.91
R02695,Tracking was accurate the whole way. Thanks!,5,2026-04-28,Slice Republic,Pizza,45,61.02
R01551,First time trying Sakura Sushi House. I got someone else's order instead of mine. Really frustrating.,1,2025-11-06,Sakura Sushi House,Sushi,32,136.56
R02579,Got the biryani and a drink. The biryani was delicious. Highly recommend.,4,2026-04-10,Spice Route,Indian,40,103.71
R00364,Terrible experience. Tracking map showed the driver going in circles. Really frustrating.,3,2025-03-16,Burger Barn,Burgers,40,74.54
R00983,"Got the hot and sour soup and a drink. Great flavour, generous portions. Highly recommend.",4,2025-07-22,Golden Wok,Chinese,,43.66
R00183,Ordering through the app was easy. Thanks!,5 stars,2025-02-09,Sweet Spot Desserts,Desserts,24 min,38.44
R00986,Great food!,5,2025-07-23,Taco Fiesta,Mexican,28,SAR 37.41
R02160,Tracking was accurate the whole way. Thanks!,5,2026-02-07,Spice Route,Indian,48,115.77
R01195,Ordered acai bowl for two. Ugh. The drinks were missing again.,2,2025-09-03,Green Bowl,Healthy,39,45.46
R02015,Late night order. Decent tacos but I've had better.,3,"January 13, 2026",Taco Fiesta,Mexican,28,43.27
R01911,Got the risotto and a drink. Arrived earlier than expected. Everything was packed neatly and nothing spilled. Thanks!,4,2025-12-29,Pasta Piazza,Italian,32,91.38
R01122,"Ordered pizza for two. Very disappointed. Delivery was really slow again tonight. Sauce spilled everywhere, the box was a mess.",3,21 Aug 2025,Slice Republic,Pizza,68,101.6
R00188,Food was fine. Delivery was a bit slow but acceptable.,4,2025-02-10,Spice Route,Indian,33,81.84
R00620,Terrible experience. My garlic bread was missing from the bag. Fries were cold and soggy. Really frustrating.,4,2025-05-10,Slice Republic,Pizza,37,47.14
R01841,arrived earlier than expected. the only problem: support just sent a copy-paste message and closed the ticket.,-1,"December 21, 2025",Morning Brew Café,Breakfast & Coffee,21,43.11
R01176,Tracking was accurate the whole way. Highly recommend.,4,2025-08-30,Golden Wok,Chinese,30,72.5
R01183,"Rainy evening order. Great flavour, generous portions. Thanks!",5,31 Aug 2025,Spice Route,Indian,61,60.65
R02539,"Rainy evening order. Standard order, no complaints but nothing memorable.",3,2026-04-04,Shawarma Corner,Middle Eastern,29,63.1
R02347,Food was fresh and really tasty.,5,2026-03-05,Shawarma Corner,Middle Eastern,24,30.47
R00615,First time trying Pasta Piazza. Great deal with the promo.,5,2025-05-09,Pasta Piazza,Italian,31,78.16
R01514,"Arrived earlier than expected. However, everything was thrown in one bag with no separation.",3,2025-10-31,Sweet Spot Desserts,Desserts,23,57.08
R01467,Rainy evening order. Ugh. They sent a completely different naan. Won't order again.,3,"October 23, 2025",Spice Route,Indian,40,SAR 117.28
R00402,"Second order this week. Prices went up again, 135 for a small meal is too much. Expected better.",2,2025-03-24,Slice Republic,Pizza,32,134.52
R00995,"Ordered for the family on the weekend. Food was fresh and really tasty. The only problem: half of my order was not in the bag, missing the shawarma wrap.",2,2025-07-24,Shawarma Corner,Middle Eastern,31,38.15
R00935,The driver was friendly and quick. Highly recommend.,5,2025-07-10,Slice Republic,Pizza,27,101.94
R00372,ugh. fries were cold and soggy. expected better.,2,2025-03-17,Taco Fiesta,Mexican,38,118.66
R02187,Second time this happened. Tracking map showed the driver going in circles. Please fix this.,3,2026-02-10,Taco Fiesta,Mexican,34,92.38
R02311,"Waited over 65 minutes for my food, the ETA kept changing. Please fix this.",2,2026-03-01,Golden Wok,Chinese,65,50.75
R00594,Ordered falafel for two. Support sorted out my issue quickly. Unfortunately the falafel was bland and tasted nothing like before.,3,2025-05-03,Cedar Grill,Middle Eastern,26,170.84
,Late night order. Ugh. Fries were cold and soggy. Won't order again.,2,29 Jan 2026,Taco Fiesta,Mexican,22,54.4
R00727,The garlic sauce was hot and perfectly cooked. Good value for money. Thanks!,5,2025-06-01,Shawarma Corner,Middle Eastern,25,22.01
R00827,Late night order. The driver was friendly and quick.,5,2025-06-22,Burger Barn,Burgers,23,
R01910,  the butter chicken was delicious.  ,4,2025-12-29,Spice Route,Indian,42,116.14
R00688,"Rainy evening order. Great flavour, generous portions.",4,2025-05-22,Cedar Grill,Middle Eastern,28,76.36
R02779,ugh. tracking map showed the driver going in circles.,1,2026-05-11,Burger Barn,Burgers,27,72.98
R00137,Ordered the butter chicken for dinner. The butter chicken was hot and perfectly cooked. But still waiting for my refund after two weeks.,4,2025-01-31,Spice Route,Indian,53,54.69
R02608,"Ordered to the office today. Waited over 65 minutes for my food, the ETA kept changing. Won't order again.",1,2026-04-14 18:43:00,Sakura Sushi House,Sushi,65,146.58
R00629,Very disappointed. The drinks were missing again.,2,2025-05-11,Spice Route,Indian,36,100.56
R00335,"First time trying Pasta Piazza. Support sorted out my issue quickly. However, after the update the app is so buggy, couldn't even open the menu.",3,2025-03-10,Pasta Piazza,Italian,33,68.97
R01806,Not happy with this order. Driver refused to come up to the door and left the food downstairs. Expected better.,2,2025-12-16,Burger Barn,Burgers,37,83.83
R00391,"Second order this week. Arrived earlier than expected. However, delivery was really slow again tonight.",3,2025-03-22,Burger Barn,Burgers,71,57.69
R02462,Late night order. Best gyoza I've had in a while. Thanks!,4,"March 23, 2026",Sakura Sushi House,Sushi,43,220.63
R01110,Ordered to the office today. Good value for money. The driver was friendly and quick. Highly recommend.,4,2025-08-18,Shawarma Corner,Middle Eastern,26,39.03
R01979,  Terrible experience.<br>  Everything was thrown in one bag with no separation.  ,1,2026-01-08,Slice Republic,Pizza,37,103.84
R01818,Ordering through the app was easy. Highly recommend.,4,2025-12-17,Cedar Grill,Middle Eastern,39,53.0
R02873,Late night order. Tracking was accurate the whole way. Highly recommend.,5,2026-05-25,Sakura Sushi House,Sushi,28,112.49
R00711,"lunch order from burger barn. the driver was friendly and quick. however, still waiting for my refund after two weeks.",2,2025-05-28,Burger Barn,Burgers,26,52.58
R01040,Ordered the dumplings for dinner. Terrible experience. Fries were cold and soggy. Expected better.,3,2025-08-03,Golden Wok,Chinese,31,55.25
R02098,Arrived earlier than expected. Will order again!,5,2026-01-27 13:46:00,Taco Fiesta,Mexican,39,57.18
R02675,Late night order. The wrap was delicious. Highly recommend.,4,2026-04-24,Green Bowl,Healthy,46,51.76
R02762,10/10 would order again,4,"May 09, 2026",Green Bowl,Healthy,26,40.22
R01562,The tacos was delicious.,5,2025-11-08,Taco Fiesta,Mexican,35,46.05
R02936,Ordered to the office today. The sushi platter was delicious. Thanks!,4,2026-06-04,Sakura Sushi House,Sushi,53,129.83
R01595,Ordered pasta for two. Everything was packed neatly and nothing spilled.,4,2025-11-13,Slice Republic,Pizza,33,101.7
R03031,Best breakfast sandwich I've had in a while. The only problem: the service fee is ridiculous now.,4,2026-06-19,Morning Brew Café,Breakfast & Coffee,22,37.2
R02685,Ordered to the office today. The gyoza was okay. Arrived in about 31 minutes.,3,2026-04-26 13:42:00,Sakura Sushi House,Sushi,31,102.63
R01113,Late night order. The driver was friendly and quick. Thanks!,4,2025-08-18,Morning Brew Café,Breakfast & Coffee,13,30.43
R00466,Second order this week. The salad bowl was hot and perfectly cooked. The driver was friendly and quick. Thanks!,4,2025-04-05,Green Bowl,Healthy,34,64.43
R01561,ordered burger for two. the driver was friendly and quick. everything was packed neatly and nothing spilled.,4,2031-01-15,Burger Barn,Burgers,30,39.29
R01224,"Rainy evening order. Delivery was fast, arrived in 20 minutes. Thanks!",6,2025-09-07,Slice Republic,Pizza,20,37.22
R02234,"It was alright. Not bad, not great.",3,2026-02-16 17:30:00,Burger Barn,Burgers,39,55.04
R00171,"Late night order. Standard order, no complaints but nothing memorable.",3,2025-02-07,Golden Wok,Chinese,22,33.88
R02501,Late night order. Good value for money. Thanks!,5,2026-03-30,Golden Wok,Chinese,53,61.11
R01509,the chicken plate was hot and perfectly cooked. highly recommend.,4,2025-10-31,Shawarma Corner,Middle Eastern,27,36.55
R02016,Not happy with this order. My promo code didn't work even though it was valid. Please fix this.,3,2026-01-13,Sweet Spot Desserts,Desserts,38,43.26
R01105,"Great flavour, generous portions. Unfortunately ordered three items and only got two.",2,2025-08-17,Burger Barn,Burgers,31,57.28
R00661,"Second order this week. Best burger I've had in a while. But the live tracking was useless, it said arriving for 20 minutes.",3,2025-05-16,Burger Barn,Burgers,35 min,34.37
R02860,10/10 would order again,5,2026-05-24,Green Bowl,Healthy,30,66.34
R00339,Ordering through the app was easy. Highly recommend.,4,2025-03-11,Burger Barn,Burgers,36,64.1
R00216,Second order this week. Everything was packed neatly and nothing spilled. Will order again!,5,2025-02-16,Sakura Sushi House,Sushi,34,191.07
R01616,Second order this week. Average experience. Food was fine and arrived on time.,3,2025-11-18,Slice Republic,Pizza,32,71.64
R01342,Ugh. My order arrived 36 minutes later than the estimate. Really frustrating.,2,2025-09-27,Slice Republic,Pizza,72,142.28
R02679,Terrible experience. My card was declined in the app but works everywhere else. Please fix this.,2,2026-04-24,Cedar Grill,Middle Eastern,50,81.69
R02510,Ordered to the office today. Ugh. Driver refused to come up to the door and left the food downstairs. Please fix this.,1,2026-04-01,Sweet Spot Desserts,Desserts,28,24.33
R02987,,5,2026-06-12,Cedar Grill,Middle Eastern,28,59.84
R01847,"Delivery was fast, arrived in 32 minutes. Highly recommend.",5,2025-12-22,Green Bowl,Healthy,32,61.38
R01593,Very disappointed. Still waiting for my refund after two weeks. Expected better.,2,2025-11-13,Burger Barn,Burgers,28,50.1
R02341,Second time this happened. Not worth the price anymore. Expected better.,3,2026-03-04,Slice Republic,Pizza,28,95.62
R02065,Best tiramisu I've had in a while. The only problem: no sauces or cutlery even though I asked for them.,5,2026-01-21,Pasta Piazza,Italian,34,66.64
R02687,"Rainy evening order. Order was okay, nothing special.",3,2026-04-26,Pasta Piazza,Italian,24,78.4
R00817,Way too expensive for the portion size. Really frustrating.,3,2025-06-20,Slice Republic,Pizza,41,111.34
R01068,   ,5,2025-08-09,Cedar Grill,Middle Eastern,47,169.21
R02165,Perfect as always,4,2026-02-07,Shawarma Corner,Middle Eastern,38,61.96
R00275,tracking was accurate the whole way. everything was packed neatly and nothing spilled.,5,2025-02-26,Cedar Grill,Middle Eastern,34,123.76
R02395,"Ordered for the family on the weekend. Good packaging, food stayed warm. Unfortunately the service fee is ridiculous now.",2,2026-03-13,Burger Barn,Burgers,39,49.79
R00866,Very disappointed. Support just sent a copy-paste message and closed the ticket. Please fix this.,3,2025-06-28,Golden Wok,Chinese,43,40.82
R00102,Second time this happened. The shawarma wrap was bland and tasted nothing like before. Expected better.,3,"January 24, 2025",Shawarma Corner,Middle Eastern,39,45.5
R01502,"Customer support never replied to my complaint. After the update the app is so buggy, couldn't even open the menu. Really frustrating.",3,2025-10-30 11:00:00,Shawarma Corner,Middle Eastern,31,47.13
R02728,Not happy with this order. My promo code didn't work even though it was valid. Expected better.,3,2026-05-03,Golden Wok,Chinese,36,79.3
R00172,Very disappointed. Way too expensive for the portion size.,2,2025-02-07,Shawarma Corner,Middle Eastern,27,87.32
R00108,   ,5,2025-01-25,Sakura Sushi House,Sushi,31,216.79
R02244,Ugh. Support just sent a copy-paste message and closed the ticket. My card was declined in the app but works everywhere else. Won't order again.,2,2026-02-18,Sweet Spot Desserts,Desserts,35,29.01
R01522,  Ordered for the family on the weekend.<br>  mixed grill was as expected.<br>  Delivery took 34 minutes.  ,3,2025-11-01,Cedar Grill,Middle Eastern,34,93.07
R90014,"Ordered to the office today. Second time this happened. After the update the app is so buggy, couldn't even open the menu. Expected better.",3,2026-04-11,Burger Barn,Burgers,23,72.05
R01827,Good value for money. Best milkshake I've had in a while. Will order again!,4,18 Dec 2025,Burger Barn,Burgers,36,53.18
R02349,Second time this happened. New fees appeared at checkout that weren't shown before. The app logged me out in the middle of ordering. Won't order again.,2,2026-03-05 16:00:00,Golden Wok,Chinese,34,100.07
R00528,Ordered the pancakes for dinner. The pancakes was okay. Arrived in about 34 minutes.,2,2025-04-17,Morning Brew Café,Breakfast & Coffee,34,22.9
R02009,Love it,5,"January 12, 2026",Shawarma Corner,Middle Eastern,43,58.06
R02177,"Ordered to the office today. Support sorted out my issue quickly. Unfortunately quality has gone down, the chicken plate tasted cheap.",3,2026-02-09,Shawarma Corner,Middle Eastern,36,32.83
R02842,Amazing!,5,2026-05-20,Green Bowl,Healthy,26,52.78
R02402,Love it,3,2026-03-14 20:43:00,Spice Route,Indian,53,80.61
R02585,"Ordered to the office today. Second time this happened. After the update the app is so buggy, couldn't even open the menu. Expected better.",3,2026-04-11,Burger Barn,Burgers,23,72.05
R02741,Ordered to the office today. Arrived earlier than expected. Highly recommend.,5,2026-05-05 12:50:00,Golden Wok,Chinese,29,80.34
R02004,great food!,5,2026-01-11,Spice Route,Indian,28,123.54
R00296,The mixed grill was hot and perfectly cooked. Will order again!,3,2025-03-02,Cedar Grill,Middle Eastern,30,49.51
R00713,Great food!,5,not available,Slice Republic,Pizza,32,51.11
R00073,"Nothing wrong with it, nothing exciting either.",2,"January 18, 2025",Pasta Piazza,Italian,32,75.22
R01525,The latte was hot and perfectly cooked. But the drinks were missing again.,3,2025-11-02,Morning Brew Café,Breakfast & Coffee,28,34.05
R02421,Perfect as always,5,2026-03-17,Pasta Piazza,Italian,38,42.58
R02727,Food was fresh and really tasty. Will order again!,4,2026-05-03,Shawarma Corner,Middle Eastern,32,84.6
R03070,Ordered the nachos for dinner. Not happy with this order. The drinks were missing again. Expected better.,2,2026-06-27 18:06:00,Taco Fiesta,Mexican,27,72.3
R00482,The driver was friendly and quick. Will order again!,5,2025-04-08,Burger Barn,Burgers,21,68.42
R02365,The wings was delicious. Arrived earlier than expected. Highly recommend.,5,2026-03-07,Slice Republic,Pizza,30,55.25
R01531,Ordered the fried rice for dinner. Best fried rice I've had in a while. Highly recommend.,5,02 Nov 2025,Golden Wok,Chinese,43,76.08
R02719,Not happy with this order. The garlic bread was bland and tasted nothing like before. Expected better.,3,"May 01, 2026",  Slice Republic ,Pizza,27,102.75
R01873,Late night order. Ugh. The falafel was undercooked in the middle. Please fix this.,1,2025-12-24,Cedar Grill,Middle Eastern,37,85.55
R01515,Ordered for the family on the weekend. Great deal with the promo. The noodles was delicious. Will order again!,4,2025-10-31,Golden Wok,Chinese,38,69.33
R02081,"Great deal with the promo. Great flavour, generous portions.",4,2026-01-23,Green Bowl,Healthy,41,63.27
R01763,Ordered the wings for dinner. Arrived earlier than expected. Highly recommend.,5,2025-12-09,Slice Republic,Pizza,19,129.74
R01491,"Great flavour, generous portions.",2,2025-10-27,Sweet Spot Desserts,Desserts,40,25.97
R01172,10/10 would order again,2,2025-08-29,Morning Brew Café,Breakfast & Coffee,19,58.98
R02611,"Rainy evening order. Mixed feelings, the noodles was good but the sides were meh.",3,2026-04-15,Golden Wok,Chinese,25,59.0
R02046,"Lunch order from Shawarma Corner. Delivery was fast, arrived in 27 minutes. The garlic sauce was delicious. Thanks!",5,2026-01-19,Shawarma Corner,Middle Eastern,27,44.11
R02706,Everything was packed neatly and nothing spilled. But the salad bowl was bland and tasted nothing like before.,3,29 Apr 2026,Green Bowl,Healthy,42 min,58.82
R02212,Very disappointed. Delivery was really slow again tonight. Way too expensive for the portion size.,2,2026-02-13,Shawarma Corner,Middle Eastern,66,37.91
R02363,"Nothing wrong with it, nothing exciting either.",3,2026-03-06,Burger Barn,Burgers,35,61.61
R02423,Ordered the pancakes for dinner. Ordering through the app was easy. The driver was friendly and quick. Will order again!,4,2026-03-17,Morning Brew Café,Breakfast & Coffee,18,40.13
R00406,Second order this week. Everything was packed neatly and nothing spilled. Highly recommend.,5,,Sakura Sushi House,Sushi,34,121.26
R00758,Best lasagna I've had in a while. But my order arrived 59 minutes later than the estimate.,4,"June 08, 2025",Pasta Piazza,Italian,95,94.82
R02141,ordered samosa for two. very disappointed. the samosa was cold when it arrived. expected better.,3,2026-02-03 17:35:00,Spice Route,Indian,46,55.04
R02330,  the chicken sandwich was okay.<br>  arrived in about 27 minutes.  ,3,2026-03-02,Burger Barn,Burgers,27,45.58
R02497,Second time this happened. Paid more in fees than the food itself. Please fix this.,2,2026-03-29,Burger Barn,Burgers,57,82.47
R00098,The pizza was hot and perfectly cooked. Highly recommend.,5,2025-01-24,Slice Republic,Pizza,37,98.04
R01334,"food came cold, had to reheat the burrito myself.",2,2025-09-26,Taco Fiesta,Mexican,35,31.98
R02544,Lunch order from Shawarma Corner. Best fries I've had in a while.,5,2026-04-05,Shawarma Corner,Middle Eastern,16,31.07
R00744,Ordered for the family on the weekend. The driver was friendly and quick. The only problem: driver refused to come up to the door and left the food downstairs.,4,2025-06-05,Pasta Piazza,Italian,29,94.81
R00807,Lunch order from Green Bowl. Ordering through the app was easy. Will order again!,5,2025-06-18 19:52:00,Green Bowl,Healthy,46,34.6
R02950,"Ordered to the office today. Great flavour, generous portions. Thanks!",4,2026-06-06 17:34:00,Slice Republic,Pizza,41,65.42
R02105,First time trying Morning Brew Café. Good value for money. Highly recommend.,5,2026-01-28,Morning Brew Café,Breakfast & Coffee,26,13.49
R02662,Lunch order from Shawarma Corner. Second time this happened. Didn't enjoy the food at all this time. Bread was stale and the shawarma wrap tasted old. Won't order again.,1,"April 22, 2026",Shawarma Corner,Middle Eastern,32,44.08
R01536,Lunch order from Pasta Piazza. Best risotto I've had in a while.,5,2025-11-03,Pasta Piazza,Italian,41,115.63
R02185,garlic sauce was as expected. Delivery took 26 minutes.,3,2026-02-10,Shawarma Corner,Middle Eastern,26,22.34
R02248,The butter chicken was hot and perfectly cooked. Unfortunately the driver showed up almost an hour late.,10,2026-02-18,Spice Route,Indian,78,85.46
R02496,Late night order. Ugh. The drinks were missing again. Please fix this.,3,2026-03-29,Taco Fiesta,Mexican,41,35.96
R00149,"Ordered to the office today. Order was okay, nothing special.",3,2025-02-02 13:19:00,Cedar Grill,Middle Eastern,30,61.23
R02019,Second time this happened. My order arrived 63 minutes later than the estimate. The soup leaked all over the bag. Please fix this.,2,2026-01-14,Slice Republic,Pizza,99,41.87
R02189,"Not happy with this order. Waited over 86 minutes for my food, the ETA kept changing. The service fee is ridiculous now.",3,2026-02-10,Slice Republic,Pizza,86,125.61
R02108,Support sorted out my issue quickly. Thanks!,5,2026-01-28,Cedar Grill,Middle Eastern,39,38.13
R01316,First time trying Sweet Spot Desserts. Food was fresh and really tasty. Tracking was accurate the whole way. Highly recommend.,4,2025-09-22 14:27:00,Sweet Spot Desserts,Desserts,45,67.0
R00693,Best cupcakes I've had in a while. Will order again!,4,2025-05-23,Sweet Spot Desserts,Desserts,28,48.52
R00819,"Fine for a quick meal, the pancakes was average.",3,2025-06-21,Morning Brew Café,Breakfast & Coffee,25,35.32
R01729,,4,2025-12-07,Sakura Sushi House,Sushi,38,93.35
R01387,"Great flavour, generous portions. Will order again!",4,2025-10-04,Pasta Piazza,Italian,38,61.12
R01846,"Ordered for the family on the weekend. Arrived earlier than expected. Good packaging, food stayed warm. Highly recommend.",5,2025-12-22,Sakura Sushi House,Sushi,35,154.65
R02974,first time trying morning brew café. tracking was accurate the whole way. will order again!,5,2026-06-11,Morning Brew Café,Breakfast & Coffee,28,45.95
R02921,arrived earlier than expected.,5,2026-06-03,Shawarma Corner,Middle Eastern,18,18.94
R01600,Not happy with this order. The courier was rude when he handed over the bag. Please fix this.,2,2025-11-14,Green Bowl,Healthy,34,46.58
R02515,Got the fries and a drink. It said 25 minutes and it took 68. Really frustrating.,2,2026-04-01,Burger Barn,Burgers,68,38.03
R02616,"Great flavour, generous portions. However, the delivery guy didn't follow the drop-off instructions at all.",3,2026-04-16,Shawarma Corner,Middle Eastern,32,38.69
R00702,"Order was okay, nothing special.",3,2025-05-25,Shawarma Corner,Middle Eastern,34,56.66
R01500,First time trying Burger Barn. The app keeps crashing at checkout.,2,2025-10-29,Burger Barn,Burgers,,92.15
R02829,"Delivery was fast, arrived in 30 minutes. Highly recommend.",5,2026-05-19,Pasta Piazza,Italian,30,69.25
R00922,Got the biryani and a drink. The biryani was hot and perfectly cooked. Will order again!,5,2025-07-07,Spice Route,Indian,36,144.68
R01425,Got the shawarma wrap and a drink. The driver was friendly and quick. Will order again!,4,2025-10-12,Shawarma Corner,Middle Eastern,33,68.39
R01709,Late night order. Best wrap I've had in a while. Thanks!,5,2025-12-04,Green Bowl,Healthy,28,35.71
R00906,Everything was packed neatly and nothing spilled. Will order again!,4,2025-07-06 13:38:00,Burger Barn,Burgers,35,SAR 53.17
R00455,Got the mixed grill and a drink. Tracking was accurate the whole way. Highly recommend.,5,2025-04-04,Cedar Grill,Middle Eastern,32,69.55
R02294,Tracking was accurate the whole way. Thanks!,5,2026-02-26,Sweet Spot Desserts,Desserts,44,39.85
R03095,"Ugh. Delivery took 49 minutes, way longer than promised.",1,2026-06-30 17:18:00,Shawarma Corner,Middle Eastern,49,27.43
R02457,Terrible experience. Order status never updated after it was picked up. Really frustrating.,5,2026-03-23,Burger Barn,Burgers,51,47.11
R02017,"It was alright. Not bad, not great.",2,2026-01-14,Pasta Piazza,Italian,37,103.84
R00168,Ordered to the office today. Average experience. Food was fine and arrived on time.,4,2025-02-06 21:52:00,Taco Fiesta,Mexican,33,32.94
R00731,Great deal with the promo. Thanks!,5,2025-06-02 14:01:00,Morning Brew Café,Breakfast & Coffee,25,54.77
R02304,Ordered to the office today. Average experience. Food was fine and arrived on time.,4,2026-02-28,Slice Republic,Pizza,33,105.6
R01311,Second order this week. Very disappointed. App froze twice while I was placing the order. Really frustrating.,2,2025-09-21,Taco Fiesta,Mexican,30,50.82
R02944,Ordered the ramen for dinner. Support sorted out my issue quickly. Will order again!,1,2026-06-06,Sakura Sushi House,Sushi,40,127.17
R00027,"Great deal with the promo. However, the courier was rude when he handed over the bag.",3,2025-01-06,Golden Wok,Chinese,45,81.74
R02124,Ordered the falafel for dinner. Arrived earlier than expected. Everything was packed neatly and nothing spilled. Thanks!,5,2026-02-01,Cedar Grill,Middle Eastern,30,47.48
R01898,"Delivery was fast, arrived in 27 minutes. Will order again!",5,2025-12-28,Cedar Grill,Middle Eastern,27,173.54
R01653,"Got the chicken sandwich and a drink. Order was okay, nothing special.",3,2025-11-25,Burger Barn,Burgers,25,89.95
R01623,"Late night order. Order was okay, nothing special.",3,2025-11-19 16:38:00,Spice Route,Indian,35,56.58
R00588,Average experience. Food was fine and arrived on time.,2,2025-05-02,Burger Barn,Burgers,27,28.76
R01402,10/10 would order again,4,2025-10-07,Sweet Spot Desserts,Desserts,32,53.1
R00998,Ordered hot and sour soup for two. The hot and sour soup was hot and perfectly cooked.,5,2025-07-24,Golden Wok,Chinese,39,56.63
R01177,Ordered for the family on the weekend. Second time this happened. Packaging was flimsy and the fries got squashed. Really frustrating.,3,2025-08-30,Burger Barn,Burgers,23,24.85
R01701,10/10 would order again,4,"December 02, 2025",Sweet Spot Desserts,Desserts,33,49.49
R01041,"Lunch order from Burger Barn. Very disappointed. Half of my order was not in the bag, missing the fries. Really frustrating.",1,2025-08-03,Burger Barn,Burgers,32,42.95
R00034,Got the pasta and a drink. Not happy with this order. It said 25 minutes and it took 77. Courier called me five times and then got angry.,1,2025-01-08,Slice Republic,Pizza,77,84.01
R02378,Lunch order from Pasta Piazza. Ugh. Packaging was flimsy and the risotto got squashed. Please fix this.,3,2026-03-10,Pasta Piazza,Italian,46,39.16
R02523,"Delivery was fast, arrived in 34 minutes. Everything was packed neatly and nothing spilled. Thanks!",5,2026-04-03,Spice Route,Indian,34,111.31
R01380,The burger was hot and perfectly cooked. Thanks!,5,2025-10-04,Burger Barn,Burgers,58,70.34
R00042,"Rainy evening order. Food was fresh and really tasty. Delivery was fast, arrived in 28 minutes. Thanks!",4,2025-01-10,Burger Barn,Burgers,28,72.21
R01877,The driver was friendly and quick. Best butter chicken I've had in a while.,5,2025-12-25 15:34:00,Spice Route,Indian,34,85.8
R02272,Ordered the shawarma wrap for dinner. Very disappointed. The shawarma wrap was undercooked in the middle. Please fix this.,1,"February 23, 2026",Shawarma Corner,Middle Eastern,24,26.48
R02336,Tracking was accurate the whole way. Unfortunately the soup leaked all over the bag.,4,2026-03-03,Burger Barn,Burgers,34,73.37
R03059,biryani was as expected. Delivery took 39 minutes.,4,2026-06-25,Spice Route,Indian,39,70.92
,"Delivery was fast, arrived in 20 minutes. Highly recommend.",4,2026-02-28,Green Bowl,Healthy,20,44.25
R02911,"Rainy evening order. Very disappointed. Food came cold, had to reheat the garlic sauce myself. Expected better.",2,2026-06-02 12:13:00,Shawarma Corner,Middle Eastern,18,30.39
R02041,Ordered for the family on the weekend. The driver was friendly and quick. Will order again!,2,2026-01-18,Green Bowl,Healthy,21,
R00610,First time trying Shawarma Corner. Very disappointed. They sent a completely different fries. The fries was undercooked in the middle. Really frustrating.,1,2025-05-08,Shawarma Corner,Middle Eastern,28,32.09
R01133,Got the cheesecake and a drink. Support sorted out my issue quickly. Will order again!,5,2025-08-23,Sweet Spot Desserts,Desserts,24,39.09
R00029,Ordered the tiramisu for dinner. Great deal with the promo. Thanks!,4,2025-01-07,Pasta Piazza,Italian,41,128.44
R00442,"Good packaging, food stayed warm. Will order again!",4,2025-04-01,Pasta Piazza,Italian,38,99.58
R00666,"Second time this happened. Quality has gone down, the pasta tasted cheap. Expected better.",1,2025-05-18,Slice Republic,Pizza,50,103.92
R03085,"Lunch order from Pasta Piazza. Second time this happened. Honestly the tiramisu was not good, way too salty. Please fix this.",3,2026-06-29,Pasta Piazza,Italian,35,54.57
R00494,Ordered for the family on the weekend. Second time this happened. Ordered three items and only got two.,1,2025-04-10,Sweet Spot Desserts,Desserts,41,37.08
R01259,10/10 would order again,,2025-09-13,Sakura Sushi House,Sushi,47,150.99
R01302,Second order this week. Not happy with this order. Drink was spilled and soaked the fried rice. Expected better.,3,2025-09-20,Golden Wok,Chinese,39,64.76
R02761,"Got the ice cream and a drink. Mixed feelings, the ice cream was good but the sides were meh.",2,2026-05-09,Sweet Spot Desserts,Desserts,32,19.77
R02520,"Lunch order from Burger Barn. Ugh. Tried to contact support, waited 40 minutes in chat with no answer. Expected better.",2,2026-04-02,Burger Barn,Burgers,43,49.3
R01383,Rainy evening order. Best tiramisu I've had in a while. Will order again!,4,2025-10-04,Pasta Piazza,Italian,54,88.82
R01305,Great food!,5,2025-09-21,Slice Republic,Pizza,27,112.64
R00237,Average experience. Food was fine and arrived on time.,4,2025-02-20,Slice Republic,Pizza,35,59.77
R01986,Food was fine. Delivery was a bit slow but acceptable.,3,2026-01-09,Pasta Piazza,Italian,33,46.63
R00552,"Not happy with this order. Refund was only a voucher, not my money back. Really frustrating.",1,2025-04-21,Morning Brew Café,Breakfast & Coffee,29,$40.76
R00521,Late night order. Decent kebab plate but I've had better.,2,2025-04-16,Cedar Grill,Middle Eastern,30,31.27
R00135,Everything was packed neatly and nothing spilled. Thanks!,5,2025-01-30,Shawarma Corner,Middle Eastern,31,25.9
R01233,Arrived earlier than expected. The only problem: it said 25 minutes and it took 70.,2,2025-09-08,Golden Wok,Chinese,70,50.97
R01139,The pancakes was okay. Arrived in about 28 minutes.,4,2025-08-24 10:12:00,Morning Brew Café,Breakfast & Coffee,28,11.38
R01906,arrived earlier than expected. but the container was crushed when it arrived.,4,2025-12-29,  Golden Wok ,Chinese,50,-20
R00721,Lunch order from Burger Barn. Very disappointed. They sent a completely different burger. Please fix this.,2,2025-05-31,Burger Barn,Burgers,29,32.32
R00736,"Got the chicken sandwich and a drink. Very disappointed. Quality has gone down, the chicken sandwich tasted cheap. Won't order again.",2,2025-06-04,Burger Barn,Burgers,,37.75
R02826,Arrived earlier than expected. Good value for money. Highly recommend.,5,2026-05-19,Cedar Grill,Middle Eastern,34,109.71
R01751,"Ordered for the family on the weekend. Delivery was fast, arrived in 52 minutes. Thanks!",4,2025-12-08,Spice Route,Indian,52,82.28
R02030,lunch order from shawarma corner. food was fresh and really tasty.,5,2026-01-17,Shawarma Corner,Middle Eastern,,59.92
R00059,Perfect as always,5,2025-01-14 23:06:00,Cedar Grill,Middle Eastern,22,82.37
R00632,Late night order. Average experience. Food was fine and arrived on time.,3,2025-05-12,Burger Barn,Burgers,31,47.77
R01182,"First time trying Shawarma Corner. Good packaging, food stayed warm. Highly recommend.",5,2025-08-31,Shawarma Corner,Middle Eastern,35,44.45
R02350,Arrived earlier than expected. Will order again!,4,2026-03-05,Slice Republic,Pizza,28,107.91
R00593,Ordered for the family on the weekend. Not happy with this order. Customer support never replied to my complaint.,2,2025-05-03,Sweet Spot Desserts,Desserts,46,25.04
R01304,"Ordered noodles for two. Mixed feelings, the noodles was good but the sides were meh.",5,2025-09-21,Golden Wok,Chinese,42,70.58
R01388,"Very disappointed. Food came cold, had to reheat the noodles myself. The driver showed up almost an hour late. Really frustrating.",2,2025-10-04,Golden Wok,Chinese,48,133.49
R02081,"Great deal with the promo. Great flavour, generous portions.",4,2026-01-23,Green Bowl,Healthy,41,63.27
R02376,rainy evening order. garlic bread was as expected. delivery took 32 minutes.,3,2026-03-09,Slice Republic,Pizza,32 min,46.78
R02971,"best fried rice i've had in a while. delivery was fast, arrived in 25 minutes. highly recommend.",5,2026-06-11,Golden Wok,Chinese,25,55.31
R00905,Late night order. Tracking was accurate the whole way. Highly recommend.,5,2025-07-06,Slice Republic,Pizza,38,71.8
R02709,Arrived earlier than expected. Thanks!,4,2026-04-30,Sweet Spot Desserts,Desserts,19,40.63
R01280,Great deal with the promo. Highly recommend.,5,2025-09-17,Pasta Piazza,Italian,18,66.43
R02953,Lunch order from Cedar Grill. Everything was packed neatly and nothing spilled. The hummus was delicious. Thanks!,5,2026-06-07,Cedar Grill,Middle Eastern,35,38.58
R03063,Second order this week. Food was fresh and really tasty. Unfortunately the app keeps crashing at checkout.,3,2026-06-26,Burger Barn,Burgers,24,51.04
R02542,"Ordered hummus for two. Not happy with this order. Waited over 64 minutes for my food, the ETA kept changing. New fees appeared at checkout that weren't shown before. Really frustrating.",2,"April 05, 2026",Cedar Grill,Middle Eastern,64,159.42
R02625,the driver showed up almost an hour late.,2 stars,2026-04-16,Slice Republic,Pizza,53,98.2
R02536,"First time trying Slice Republic. Great deal with the promo. However, the driver showed up almost an hour late.",3,2026-04-04,Slice Republic,Pizza,81,84.51
R00707,Ordered for the family on the weekend. hot and sour soup was as expected. Delivery took 43 minutes.,3,2025-05-26,Golden Wok,Chinese,43,28.09
R02813,Perfect as always,5,2026-05-17,Taco Fiesta,Mexican,42,24.37
R00746,Got the hummus and a drink. Support sorted out my issue quickly. Will order again!,5,2025-06-05,Cedar Grill,Middle Eastern,32,75.96
R01940,The chicken sandwich was delicious. Highly recommend.,5,2026-01-03,Burger Barn,Burgers,29,64.04
R02422,"Not happy with this order. Delivery took 77 minutes, way longer than promised. Bread was stale and the milkshake tasted old. Won't order again.",1,2026-03-17,Burger Barn,Burgers,77,39.85
R00514,Arrived earlier than expected. The tiramisu was hot and perfectly cooked. Thanks!,4,2025-04-15,Pasta Piazza,Italian,49,79.81
R00082,Not happy with this order. The drinks were missing again. Really frustrating.,1,2025-01-20,Taco Fiesta,Mexican,25 min,43.11
R01309,ordered for the family on the weekend. second time this happened. everything was thrown in one bag with no separation. please fix this.,3,21 Sep 2025,Sweet Spot Desserts,Desserts,50,46.33
R02657,"Order was okay, nothing special.",2,2026-04-21,Pasta Piazza,Italian,38,75.14
R00915,"Ordered to the office today. Nothing wrong with it, nothing exciting either.",4,2025-07-06,Burger Barn,Burgers,29,46.35
R03043,Second time this happened. Didn't enjoy the food at all this time. Please fix this.,2,2026-06-21,burger barn,Burgers,44,42.48
R00775,"Ordered to the office today. After the update the app is so buggy, couldn't even open the menu. Expected better.",3,2025-06-12,Burger Barn,Burgers,55,49.49
R00330,"Second time this happened. The live tracking was useless, it said arriving for 20 minutes. Paid more in fees than the food itself. Won't order again.",3,2025-03-10,Shawarma Corner,Middle Eastern,27,38.91
R02055,"Rainy evening order. Good packaging, food stayed warm. Will order again!",4,2026-01-20 19:54:00,Morning Brew Café,Breakfast & Coffee,35,37.1
R02002,First time trying Slice Republic. The pizza was delicious. Thanks!,4,2026-01-11 20:17:00,Slice Republic,Pizza,30,43.02
R00944,Perfect as always,5,2025-07-12,Golden Wok,Chinese,22,78.77
R00823,Food was fresh and really tasty. Thanks!,2,2025-06-21,Morning Brew Café,Breakfast & Coffee,23,54.69
R00910,Best burrito I've had in a while. Highly recommend.,4,2025-07-06,Taco Fiesta,Mexican,33,60.72
R00182,"Ugh. Tried to contact support, waited 40 minutes in chat with no answer. Won't order again.",2,2025-02-09,Sakura Sushi House,Sushi,32,83.97
R00165,"Ordered for the family on the weekend. Mixed feelings, the garlic sauce was good but the sides were meh.",2,2025-02-06,Shawarma Corner,Middle Eastern,24,38.29
R01524,"lunch order from slice republic. nothing wrong with it, nothing exciting either.",4,2025-11-01,Slice Republic,Pizza,41,46.78
R00452,Ordering through the app was easy. Thanks!,4,2025-04-03 13:36:00,Burger Barn,Burgers,33,38.68
R01312,"Delivery was fast, arrived in 22 minutes.",5,21 Sep 2025,Burger Barn,Burgers,22,63.02
R01112,very disappointed. they sent a completely different acai bowl. expected better.,2,2025-08-18,Green Bowl,Healthy,-5,60.13
R01288,Ordered for the family on the weekend. Good value for money. The driver was friendly and quick. Thanks!,5,2025-09-19,Cedar Grill,Middle Eastern,20,63.3
R00328,"Ugh. Sauce spilled everywhere, the box was a mess.",2,2025-03-10,Slice Republic,Pizza,37,46.19
R01791,"Tracking was accurate the whole way. Great flavour, generous portions. Highly recommend.",5,2025-12-12,Golden Wok,Chinese,34,59.21
R02828,"Ordered to the office today. Good packaging, food stayed warm. Thanks!",0,2026-05-19 14:49:00,Slice Republic,Pizza,33,80.59
R02008,"The chicken sandwich was hot and perfectly cooked. However, received the wrong chicken sandwich, not what I ordered.",3,2026-01-12,Burger Barn,Burgers,49,88.38
R01859,Got the hot and sour soup and a drink. The hot and sour soup was delicious. Thanks!,5,2025-12-23,Golden Wok,Chinese,45,$82.48
R00313,Second order this week. Arrived earlier than expected. Best fries I've had in a while. Will order again!,4,06 Mar 2025,Shawarma Corner,Middle Eastern,27,40.7
R00833,Support sorted out my issue quickly. Thanks!,4,2025-06-23,Taco Fiesta,Mexican,26,49.71
R01202,Arrived earlier than expected. Highly recommend.,4,"September 04, 2025",Slice Republic,Pizza,36,39.29
R02467,Food was fresh and really tasty. The only problem: the driver showed up almost an hour late.,4,2026-03-24,Slice Republic,Pizza,76,72.47
R02100,Everything was thrown in one bag with no separation. Won't order again.,1,2026-01-27,Morning Brew Café,Breakfast & Coffee,37,40.22
R02476,  Love it  ,4,2026-03-26,Taco Fiesta,Mexican,31,39.56
R01482,Everything was packed neatly and nothing spilled. Will order again!,5,2025-10-26,Shawarma Corner,Middle Eastern,18,30.53
R00778,"Great flavour, generous portions. Unfortunately the drinks were missing again.",4,2025-06-12,Morning Brew Café,Breakfast & Coffee,22,45.52
R00800,"everything was packed neatly and nothing spilled. great flavour, generous portions.",4,2025-06-16,Taco Fiesta,Mexican,36,66.8
R00055,"The hummus was delicious. Good packaging, food stayed warm. Highly recommend.",4,2025-01-14,Cedar Grill,Middle Eastern,30,54.84
R01921,"Great flavour, generous portions. But half of my order was not in the bag, missing the pancakes.",2,2025-12-31,Morning Brew Café,Breakfast & Coffee,32,41.23
R02752,"Ordered garlic sauce for two. Good packaging, food stayed warm. The garlic sauce was delicious. Highly recommend.",4,"May 07, 2026",Shawarma Corner,Middle Eastern,29,37.95
R02300,Love it,5,2026-02-27,Pasta Piazza,Italian,35,73.28
R01702,Got the quesadilla and a drink. Everything was packed neatly and nothing spilled. Arrived earlier than expected. Highly recommend.,5,2025-12-03,Taco Fiesta,Mexican,42,42.88
R02989,Food was fresh and really tasty. Great deal with the promo. Will order again!,5,2026-06-13,Cedar Grill,Middle Eastern,50,48.39
R00988,Ordering through the app was easy. The only problem: it said 25 minutes and it took 74.,2,2025-07-24,Burger Barn,Burgers,74,39.87
R02298,  Food was fresh and really tasty.<br>  The driver was friendly and quick.<br>  Will order again!  ,4,2026-02-27,Cedar Grill,Middle Eastern,21,82.97
R01395,Terrible experience. The service fee is ridiculous now. Really frustrating.,3,2025-10-05,Spice Route,Indian,45,115.83
R00769,Got the tacos and a drink. Terrible experience. I got someone else's order instead of mine.,2,2025-06-11,Taco Fiesta,Mexican,31,SAR 60.21
R00683,Ordered croissant for two. Arrived earlier than expected. Will order again!,4,22 May 2025,Morning Brew Café,Breakfast & Coffee,14,40.14
R00286,Good value for money. Highly recommend.,5,2025-02-28,Cedar Grill,Middle Eastern,33,39.14
R02810,"Great flavour, generous portions. Highly recommend.",5,2026-05-16,Burger Barn,Burgers,32,51.47
R00429,"Not happy with this order. Waited over 93 minutes for my food, the ETA kept changing.",2,2025-03-29,Sakura Sushi House,Sushi,93,158.05
R02080,Ugh. Everything was thrown in one bag with no separation. Really frustrating.,2,2026-01-23,Golden Wok,Chinese,35,36.79
R00723,"Support sorted out my issue quickly. However, the discount wasn't applied and support couldn't fix it.",4,2025-06-01,Cedar Grill,Middle Eastern,32,66.89
R00952,"ugh. honestly the quesadilla was not good, way too salty. please fix this.",2.0,2025-07-14,Taco Fiesta,Mexican,57,44.0
R00990,"Good packaging, food stayed warm. Ordering through the app was easy. Highly recommend.",5,2025-07-24,Sakura Sushi House,Sushi,52,130.58
R02975,not happy with this order. it said 25 minutes and it took 58. won't order again.,2,2026-06-11,Slice Republic,Pizza,58,80.48
R02459,First time trying Golden Wok. Second time this happened. New fees appeared at checkout that weren't shown before. Won't order again.,3,2026-03-23,Golden Wok,Chinese,40,69.13
R00327,"Sauce spilled everywhere, the box was a mess. The tiramisu was cold when it arrived.",2,2025-03-10,Pasta Piazza,Italian,44,99.7
R01384,Terrible experience. The app logged me out in the middle of ordering. Really frustrating.,2 stars,04 Oct 2025,Sakura Sushi House,Sushi,35,136.86
R01725,Terrible experience. The garlic bread was undercooked in the middle. Won't order again.,2,2025-12-06,Slice Republic,Pizza,30,138.58
R01087,"Ordered the hummus for dinner. Second time this happened. Prices went up again, 95 for a small meal is too much. Won't order again.",0,2025-08-14,Cedar Grill,Middle Eastern,28,95.28
R00342,Very disappointed. The service fee is ridiculous now. Please fix this.,2,2025-03-12,Shawarma Corner,Middle Eastern,24,39.37
R00148,Food was fresh and really tasty. Highly recommend.,4/5,2025-02-02,Taco Fiesta,Mexican,28,88.85
R02772,Customer support never replied to my complaint. They refused to refund the missing items. Won't order again.,1,2026-05-11,Sakura Sushi House,Sushi,34,142.02
R01108,Great food!,5,2025-08-18,Green Bowl,Healthy,48,41.87
R00849,Not happy with this order. The pasta was cold when it arrived. Won't order again.,1,2025-06-25,Slice Republic,Pizza,28,141.86
R00967,"Good packaging, food stayed warm. But the discount wasn't applied and support couldn't fix it.",2,2025-07-19,Morning Brew Café,Breakfast & Coffee,21,SAR 49.81
R02624,Ordered for the family on the weekend. Second time this happened. The app logged me out in the middle of ordering. Won't order again.,3,2026-04-16,Shawarma Corner,Middle Eastern,45,46.2
R00662,Very disappointed. Ordered three items and only got two. Expected better.,1,2025-05-16 19:51:00,Sakura Sushi House,Sushi,34,81.18
R01003,Ordered for the family on the weekend. Terrible experience. Fries were cold and soggy.,2,2025-07-25,Morning Brew Café,Breakfast & Coffee,27 min,35.21
R02494,terrible experience. my mixed grill was missing from the bag. expected better.,2,2026-03-29,Cedar Grill,Middle Eastern,36,
R03005,"Arrived earlier than expected. However, the driver showed up almost an hour late.",4,2026-06-17,Sweet Spot Desserts,Desserts,44,26.25
R02827,Ugh. Packaging was flimsy and the falafel got squashed. Expected better.,3,2026-05-19,Cedar Grill,Middle Eastern,33,73.48
R01880,Bread was stale and the cupcakes tasted old. Expected better.,1,2025-12-25 16:43:00,Sweet Spot Desserts,Desserts,21,46.44
R03000,Tracking was accurate the whole way. Highly recommend.,5,2026-06-16,Green Bowl,Healthy,22,71.01
R01204,The driver was friendly and quick. Will order again!,5,2025-09-05,Sweet Spot Desserts,Desserts,27,68.37
R01991,Ordered for the family on the weekend. Second time this happened. Everything was lukewarm at best. Please fix this.,3,2026-01-10 15:04:00,Taco Fiesta,Mexican,,37.34
R00025,The garlic bread was delicious. Thanks!,4,06 Jan 2025,Slice Republic,Pizza,33,69.87
R02993,"ordered the mixed grill for dinner. not happy with this order. honestly the mixed grill was not good, way too salty.",2,2026-06-14,Cedar Grill,Middle Eastern,33,79.47
R02163,"second order this week. ugh. prices went up again, 44 for a small meal is too much. really frustrating.",3,2026-02-07,Shawarma Corner,Middle Eastern,19,
R02216,Arrived earlier than expected.,5,2026-02-13,Green Bowl,Healthy,-5,51.9
R02452,Ordered the fries for dinner. Arrived earlier than expected. Highly recommend.,5,2026-03-22,Burger Barn,Burgers,23,58.09
R00876,"Ordered the garlic bread for dinner. Ugh. Waited over 83 minutes for my food, the ETA kept changing. Won't order again.",1,"June 30, 2025",Slice Republic,Pizza,83,55.35
R02869,The hot and sour soup was delicious. Thanks!,4,"May 25, 2026",Golden Wok,Chinese,36,53.09
R00939,Ordered the acai bowl for dinner. The driver was friendly and quick. Highly recommend.,5,2025-07-11,Green Bowl,Healthy,25,62.59
R02670,Second order this week. Ordering through the app was easy. Thanks!,5,2026-04-23,Sakura Sushi House,Sushi,44,107.22
R01862,Ordering through the app was easy. Best breakfast sandwich I've had in a while. Will order again!,5,2025-12-23,Morning Brew Café,Breakfast & Coffee,30,22.35
R00386,The quesadilla was okay. Arrived in about 31 minutes.,3,2025-03-21 17:29:00,Taco Fiesta,Mexican,31,28.92
R02622,Got the brownie and a drink. The brownie was hot and perfectly cooked. Thanks!,5,2026-04-16,Sweet Spot Desserts,Desserts,26,39.84
R02671,Love it,4,2026-04-23,Burger Barn,Burgers,30,37.49
R02343,Late night order. The latte was delicious. Highly recommend.,5,"March 04, 2026",Morning Brew Café,Breakfast & Coffee,16,42.83
R02228,Rainy evening order. Very disappointed. Didn't enjoy the food at all this time. The app keeps crashing at checkout.,4,2026-02-15,Sweet Spot Desserts,Desserts,37,44.5
R00937,Got the burrito and a drink. The burrito was hot and perfectly cooked. Will order again!,4,2025-07-11,Taco Fiesta,Mexican,34,60.91
R02746,Ugh. The courier was rude when he handed over the bag. Won't order again.,3.0,2026-05-06,Cedar Grill,Middle Eastern,35,121.99
R01768,first time trying slice republic. the pizza was hot and perfectly cooked. good value for money.,5,2025-12-10,SLICE REPUBLIC,Pizza,33,55.88
R01333,Rainy evening order. Ordering through the app was easy. Will order again!,5,"September 25, 2025",Sakura Sushi House,Sushi,41,140.41
R01935,Lunch order from Spice Route. Best naan I've had in a while. Highly recommend.,4,2026-01-01 21:03:00,Spice Route,Indian,45,83.77
R00936,Ordered for the family on the weekend. The driver was friendly and quick. Will order again!,4,2025-07-10,Golden Wok,Chinese,74,98.74
R00567,Second time this happened. Bread was stale and the fries tasted old. Expected better.,2,2025-04-27,Shawarma Corner,Middle Eastern,28,74.28
R01855,"Delivery was fast, arrived in 18 minutes. Will order again!",5,2025-12-22,Burger Barn,Burgers,18,60.86
R02584,The tiramisu was hot and perfectly cooked. Everything was packed neatly and nothing spilled.,4,2026-04-10,Pasta Piazza,Italian,-5,63.37
R01646,Rainy evening order. Ugh. The delivery guy didn't follow the drop-off instructions at all.,2,2025-11-23,Pasta Piazza,Italian,0,74.77
R02261,"Second order this week. Second time this happened. Honestly the salad bowl was not good, way too salty. Won't order again.",2,2026-02-21 10:47:00,Green Bowl,Healthy,28,49.26
R01793,Rainy evening order. Great deal with the promo.,5,2025-12-14,Spice Route,Indian,33,109.86
R01431,Ordered for the family on the weekend. The app logged me out in the middle of ordering. Please fix this.,3,2025-10-14 13:07:00,Cedar Grill,Middle Eastern,27,89.93
R02474,"Support sorted out my issue quickly. Great flavour, generous portions.",5,2026-03-25,Slice Republic,Pizza,32,85.33
R01014,Ordered pasta for two. Ugh. Delivery was really slow again tonight.,2,2025-07-28 15:38:00,Slice Republic,Pizza,53,75.75
R01929,late night order. not happy with this order. the drinks were missing again. won't order again.,3,31 Dec 2025,Spice Route,Indian,50,124.52
R02399,Ordered the burger for dinner. Average experience. Food was fine and arrived on time.,2,2026-03-14,Burger Barn,Burgers,28 min,57.59
R00127,Very disappointed. Delivery fee plus service fee doubled the price of my order. Please fix this.,2,"January 29, 2025",Sweet Spot Desserts,Desserts,34,20.92
R02233,"First time trying Slice Republic. Ugh. Food came cold, had to reheat the pasta myself. Delivery took 112 minutes, way longer than promised. Won't order again.",2,2026-02-16,  Slice Republic ,Pizza,112,100.29
R01348,Second order this week. Not happy with this order. It said 25 minutes and it took 86. Expected better.,1,2025-09-29,Shawarma Corner,Middle Eastern,86,44.01
R00356,Rainy evening order. The driver was friendly and quick.,5,2025-03-14,Spice Route,Indian,29,64.39
R00828,"  Got the pizza and a drink.<br>  Great flavour, generous portions.<br>  The only problem: quality has gone down, the pizza tasted cheap.  ",4,"June 22, 2025",Slice Republic,Pizza,35,101.8
R01640,The risotto was hot and perfectly cooked. The driver was friendly and quick. Highly recommend.,4,2025-11-21,Pasta Piazza,Italian,21,82.01
R00985,Ugh. Drink was spilled and soaked the milkshake. Courier called me five times and then got angry. Really frustrating.,2 stars,2025-07-22,Burger Barn,Burgers,37,63.82
R00363,Ordered for the family on the weekend. Not happy with this order. Courier called me five times and then got angry. Please fix this.,2,2025-03-16,Golden Wok,Chinese,31,79.94
R00346,"Not happy with this order. Waited over 101 minutes for my food, the ETA kept changing. Food was marked as delivered to the wrong building, never got it. Really frustrating.",1,2025-03-12,Slice Republic,Pizza,101,99.45
R02196,Ordered brownie for two. Not happy with this order. Courier called me five times and then got angry. Really frustrating.,2,2026-02-11,Sweet Spot Desserts,Desserts,32,29.37
R02707,"The fries was hot and perfectly cooked. However, the driver showed up almost an hour late.",3,2026-04-29,Burger Barn,Burgers,75,44.16
R00712,"Ordered for the family on the weekend. Delivery was fast, arrived in 25 minutes. Thanks!",4,29 May 2025,Burger Barn,Burgers,25,81.17
R02926,The dumplings was delicious. Will order again!,4,2026-06-03,Golden Wok,Chinese,29,54.08
R00011,Rainy evening order. They refused to refund the missing items. The chicken plate was bland and tasted nothing like before. Really frustrating.,2,03 Jan 2025,Shawarma Corner,Middle Eastern,21,41.83
R03028,Best tacos I've had in a while. Thanks!,4,2026-06-19,Taco Fiesta,Mexican,32,56.14
R02117,Ordered for the family on the weekend. Tracking was accurate the whole way. Unfortunately fries were cold and soggy.,3,"January 30, 2026",Burger Barn,Burgers,28,
R01835,The driver showed up almost an hour late.,2,2025-12-19,Burger Barn,Burgers,75,41.55
R00794,"Standard order, no complaints but nothing memorable.",2,2025-06-15,Shawarma Corner,Middle Eastern,,72.91
R02945,Ordered to the office today. Food was fresh and really tasty. Highly recommend.,4,2026-06-06,Shawarma Corner,Middle Eastern,27,35.88
R00095,Ordering through the app was easy.,4,2025-01-23,Pasta Piazza,Italian,50,72.06
R00130,Love it,5,"January 30, 2025",Cedar Grill,Middle Eastern,41,72.46
R02388,,5,2026-03-11,Sweet Spot Desserts,Desserts,19,45.39
R03091,"First time trying Green Bowl. Great flavour, generous portions. Thanks!",5,2026-06-29,GREEN BOWL,Healthy,36,62.91
R01901,Decent ramen but I've had better.,4,2025-12-28,Sakura Sushi House,Sushi,27,207.96
R02550,Terrible experience. Delivery was really slow again tonight. Expected better.,2,2026-04-06,Green Bowl,Healthy,48,67.03
R01933,Great deal with the promo.,5,2026-01-01,Green Bowl,Healthy,34,32.04
R02291,first time trying sweet spot desserts. everything was packed neatly and nothing spilled. will order again!,4,2026-02-26 13:14:00,Sweet Spot Desserts,Desserts,53,31.92
R01866,Support sorted out my issue quickly. Best pancakes I've had in a while. Highly recommend.,4,2025-12-24,Morning Brew Café,Breakfast & Coffee,36,SAR 26.73
R01659,second time this happened. fries were cold and soggy. won't order again.,3,2025-11-25,Burger Barn,Burgers,33,76.01
R00517,"Ordered the fried rice for dinner. Great flavour, generous portions. Arrived earlier than expected. Highly recommend.",4,2025-04-15,Golden Wok,Chinese,24,43.52
R01858,Rainy evening order. Not worth the price anymore. Expected better.,3,23 Dec 2025,Slice Republic,Pizza,30,76.88
R01278,Food was fresh and really tasty.,4,2025-09-16,Shawarma Corner,Middle Eastern,27,55.77
R00951,Very disappointed. My order arrived 40 minutes later than the estimate. Really frustrating.,2,"July 14, 2025",Slice Republic,Pizza,76,74.51
R01121,Ordered pasta for two. Good value for money. The pasta was delicious. Thanks!,5,2025-08-20,Slice Republic,Pizza,,59.04
R02205,great deal with the promo. thanks!,5,2026-02-12,Taco Fiesta,Mexican,25,34.62
R00420,"Ordered for the family on the weekend. Arrived earlier than expected. The only problem: prices went up again, 88 for a small meal is too much.",4,2025-03-27,Sakura Sushi House,Sushi,39,87.67
R00923,Food was fresh and really tasty. The driver was friendly and quick. Will order again!,4,2025-07-08 13:16:00,Spice Route,Indian,25,57.23
R02346,Great deal with the promo. The tacos was delicious. Thanks!,4,"March 05, 2026",Taco Fiesta,Mexican,22,98.76
R00478,Lunch order from Slice Republic. Ugh. The delivery guy didn't follow the drop-off instructions at all. Won't order again.,1,2025-04-07 19:47:00,Slice Republic,Pizza,33,84.34
R02036,Ordered to the office today. Second time this happened. The container was crushed when it arrived. Expected better.,3,2026-01-18,Golden Wok,Chinese,38,42.99
R02323,Support sorted out my issue quickly. The burger was delicious. Thanks!,5,2026-03-02,Burger Barn,Burgers,34,71.71
R01693,The driver was friendly and quick. Best nachos I've had in a while.,5,"December 01, 2025",Taco Fiesta,Mexican,19,29.81
R02359,Ordered to the office today. The carbonara was delicious. Thanks!,5,2026-03-06,Pasta Piazza,Italian,36,92.21
R01472,Ordered wrap for two. Food was fresh and really tasty. Thanks!,5,2025-10-23,Green Bowl,Healthy,33,46.99
R01203,amazing!,5,2025-09-04,Burger Barn,Burgers,23,56.46
R01670,Lunch order from Golden Wok. Terrible experience. The container was crushed when it arrived. My noodles was missing from the bag.,1,2025-11-27,Golden Wok,Chinese,41,85.04
R02956,The shawarma wrap was hot and perfectly cooked. Thanks!,4,2026-06-07,Shawarma Corner,Middle Eastern,27,23.24
R01971,"Mixed feelings, the mixed grill was good but the sides were meh.",4,2026-01-07,Cedar Grill,Middle Eastern,,129.92
R02152,Great deal with the promo. Best pancakes I've had in a while. Highly recommend.,4,not available,Morning Brew Café,Breakfast & Coffee,19,26.49
R00821,Support sorted out my issue quickly.,5,2025-06-21,Slice Republic,Pizza,51,83.51
R01998,Got the nachos and a drink. Average experience. Food was fine and arrived on time.,4,2026-01-11,Taco Fiesta,Mexican,25,99.26
R03052,10/10 would order again,5,2026-06-23,Golden Wok,Chinese,44,78.14
R01249,got the croissant and a drink. the driver was friendly and quick. thanks!,5,2025-09-11,Morning Brew Café,Breakfast & Coffee,36,34.36
R02342,Rainy evening order. Not happy with this order. Didn't enjoy the food at all this time.,2,2026-03-04,Slice Republic,Pizza,23,88.98
R02833,The latte was delicious.,4,2026-05-19,MORNING BREW CAFÉ,Breakfast & Coffee,30,59.96
R02191,"Got the fries and a drink. Mixed feelings, the fries was good but the sides were meh.",4,"February 11, 2026",Burger Barn,Burgers,34,50.31
R02782,"Ordered to the office today. Good packaging, food stayed warm.",5,2026-05-12,Sweet Spot Desserts,Desserts,41,28.72
R01047,Terrible experience. Courier called me five times and then got angry. Won't order again.,2,2025-08-06,Burger Barn,Burgers,44,
R01889,The fries was hot and perfectly cooked. Will order again!,5,2025-12-26,Shawarma Corner,Middle Eastern,40,43.2
R00616,The driver was friendly and quick.,5,2025-05-09,Golden Wok,Chinese,32,132.21
R01319,best tacos i've had in a while. thanks!,5,2025-09-22,Taco Fiesta,Mexican,49,64.72
R03069,"Second time this happened. Waited over 47 minutes for my food, the ETA kept changing. Expected better.",2,2026-06-27 13:34:00,Morning Brew Café,Breakfast & Coffee,47,18.68
R02137,  Amazing!  ,5,2026-02-03,Morning Brew Café,Breakfast & Coffee,,46.13
R02619,"great flavour, generous portions.",5,2026-04-16,Burger Barn,Burgers,32,38.39
R01773,"It was alright. Not bad, not great.",4,2025-12-10,Pasta Piazza,Italian,29 min,71.89
R01367,The shawarma wrap was delicious. Thanks!,4,2025-10-01,Shawarma Corner,Middle Eastern,23,56.07
R00132,Food was fresh and really tasty.,5,2025-01-30,Shawarma Corner,Middle Eastern,31,35.96
R00078,Not happy with this order. The driver showed up almost an hour late. Please fix this.,2,2025-01-19,Slice Republic,Pizza,61,44.77
R02053,Ordering through the app was easy. Thanks!,5,2026-01-20,Sakura Sushi House,Sushi,25,179.94
R00725,"  The driver was friendly and quick.<br>  However, order status never updated after it was picked up.  ",3,2025-06-01,Slice Republic,Pizza,57,43.71
R01315,Second order this week. Ordering through the app was easy. Will order again!,5,2025-09-22 10:11:00,Burger Barn,Burgers,32,89.35
R01852,"Ugh. Food came cold, had to reheat the fried rice myself. Still waiting for my refund after two weeks.",1,"December 22, 2025",Golden Wok,Chinese,37,77.8
R02448,"Fine for a quick meal, the nachos was average.",3,2026-03-21,Taco Fiesta,Mexican,38,SAR 34.48
R02648,Amazing!,4,2026-04-19 20:58:00,Sakura Sushi House,Sushi,44,88.8
R01373,First time trying Pasta Piazza. Drink was spilled and soaked the risotto. Please fix this.,1,2025-10-02,Pasta Piazza,Italian,52,46.51
R01856,"Lunch order from Green Bowl. Delivery was fast, arrived in 44 minutes. However, still waiting for my refund after two weeks.",2,2025-12-23,Green Bowl,Healthy,44,68.64
R01320,Ugh. The soup leaked all over the bag. Expected better.,3,2025-09-23,Golden Wok,Chinese,35,49.71
R03058,Very disappointed. My smoothie was missing from the bag. Please fix this.,2,2026-06-25,Green Bowl,Healthy,39,36.71
R02317,Ugh. New fees appeared at checkout that weren't shown before. Please fix this.,1,2026-03-01,Golden Wok,Chinese,29,70.62
R00376,"late night order. great flavour, generous portions. but my falafel was missing from the bag.",3,2025-03-18,Cedar Grill,Middle Eastern,34,44.46
R01909,Late night order. They sent a completely different fries. Please fix this.,2,2025-12-29,Shawarma Corner,Middle Eastern,27,48.09
R00334,Second order this week. Decent naan but I've had better.,3,2025-03-10,Spice Route,Indian,56,114.38
R02403,Ordered for the family on the weekend. Food was fresh and really tasty. Thanks!,5,14 Mar 2026,Sakura Sushi House,Sushi,43,200.93
R02454,Ordered salmon roll for two. Terrible experience. No sauces or cutlery even though I asked for them. Please fix this.,2,2026-03-22,Sakura Sushi House,Sushi,36,69.67
R01605,Ordered to the office today. Great deal with the promo.,5,2025-11-15,Spice Route,Indian,44,125.38
R01119,Arrived earlier than expected. Highly recommend.,4,2025-08-19,Sweet Spot Desserts,Desserts,26,49.65
R03011,Very disappointed. The discount wasn't applied and support couldn't fix it. Not worth the price anymore. Please fix this.,3,2026-06-17,Green Bowl,Healthy,47,68.03
R01944,Second order this week. The driver was friendly and quick. Will order again!,5,2026-01-04,Sakura Sushi House,Sushi,28,$172.27
R02413,The acai bowl was hot and perfectly cooked. Highly recommend.,4,2026-03-15,Green Bowl,Healthy,28,89.54
R02686,Ordered garlic bread for two. It said 25 minutes and it took 63. No sauces or cutlery even though I asked for them. Please fix this.,2,2026-04-26,Slice Republic,Pizza,63,78.12
R01343,Terrible experience. Ordered three items and only got two. Expected better.,2,2025-09-27,Taco Fiesta,Mexican,31,34.67
R00321,Food was fresh and really tasty. Will order again!,4,"March 08, 2025",Green Bowl,Healthy,41,54.83
R01620,The driver was friendly and quick. Will order again!,5,"November 19, 2025",Burger Barn,Burgers,44,49.29
R03022,Very disappointed. No sauces or cutlery even though I asked for them. Please fix this.,2,2026-06-18,Slice Republic,Pizza,32,63.52
R02061,"Ordered the ramen for dinner. Standard order, no complaints but nothing memorable.",4,2026-01-21,Sakura Sushi House,Sushi,32,206.92
R02220,Ugh. They refused to refund the missing items. Won't order again.,2,2026-02-14 20:24:00,Slice Republic,Pizza,45,64.38
R01674,Tracking was accurate the whole way.,4,28 Nov 2025,Morning Brew Café,Breakfast & Coffee,22,43.01
R01943,"First time trying Morning Brew Café. It was alright. Not bad, not great.",3,2026-01-04,Morning Brew Café,Breakfast & Coffee,24,22.72
R00261,the naan was delicious.,4,2025-02-24,Spice Route,Indian,38,85.75
R02507,"Good packaging, food stayed warm. Thanks!",4,2026-03-31,Morning Brew Café,Breakfast & Coffee,40,27.39
R02040,"Very disappointed. My card was declined in the app but works everywhere else. Honestly the shawarma wrap was not good, way too salty.",2,2026-01-18,Shawarma Corner,Middle Eastern,28,52.32
R00690,"Very disappointed. Order status never updated after it was picked up. Delivery took 76 minutes, way longer than promised.",4,2025-05-23,Pasta Piazza,Italian,76,80.53
R00902,"Second time this happened. Delivery took 78 minutes, way longer than promised.",3,2025-07-04,Burger Barn,Burgers,78,74.15
R02027,My order never arrived and nobody could tell me where it was.,1,2026-01-17,Spice Route,Indian,45,104.2
R00139,"rainy evening order. nothing wrong with it, nothing exciting either.",3,2025-01-31,Green Bowl,Healthy,29,67.62
R01918,Ordered the pizza for dinner. The pizza was hot and perfectly cooked. Unfortunately the pizza was bland and tasted nothing like before.,3,2025-12-31 11:35:00,Slice Republic,Pizza,29,
R01829,Got the quesadilla and a drink. Great deal with the promo. Will order again!,5,2025-12-18,Taco Fiesta,Mexican,24,40.66
R01574,arrived earlier than expected. will order again!,5,2025-11-09,Burger Barn,Burgers,32 min,49.96
R00320,second order this week. very disappointed. the driver showed up almost an hour late. expected better.,3,2025-03-08,Green Bowl,Healthy,52,87.43
R00654,Lunch order from Slice Republic. Terrible experience. Ordered three items and only got two. Really frustrating.,1,2025-05-15,Slice Republic,Pizza,48,97.76
R02138,"Good packaging, food stayed warm. Thanks!",4,2026-02-03,Burger Barn,Burgers,34,61.54
R02475,Got the pizza and a drink. The pizza was delicious. Thanks!,4,2026-03-26,Slice Republic,Pizza,33,63.94
R00559,Not happy with this order. Didn't enjoy the food at all this time. Really frustrating.,3,2025-04-24,Burger Barn,Burgers,43,64.89
R02188,Food was fine. Delivery was a bit slow but acceptable.,3,2026-02-10,Green Bowl,Healthy,30,37.45
R00113,Rainy evening order. Average experience. Food was fine and arrived on time.,3,2025-01-26,Pasta Piazza,Italian,38,101.75
R00532,"Delivery was fast, arrived in 15 minutes. Thanks!",4,2025-04-18,Shawarma Corner,Middle Eastern,15,55.16
R00225,,2,2025-02-18,Spice Route,Indian,37,91.13
R00724,Best ramen I've had in a while. Will order again!,10,2025-06-01,Sakura Sushi House,Sushi,33,115.61
R02586,"Late night order. Not happy with this order. The live tracking was useless, it said arriving for 20 minutes. Expected better.",3,2026-04-11,Burger Barn,Burgers,45,73.39
R02871,Food was fresh and really tasty. Highly recommend.,5,2026-05-25,Sweet Spot Desserts,Desserts,26,28.58
R01434,"Delivery was fast, arrived in 19 minutes. Highly recommend.",4,2025-10-14,Green Bowl,Healthy,19,68.73
R02482,The chicken plate was hot and perfectly cooked. Tracking was accurate the whole way.,5,2026-03-27,Shawarma Corner,Middle Eastern,31,40.86
R02552,"Ugh. Sauce spilled everywhere, the box was a mess. Please fix this.",2,2026-04-06,Taco Fiesta,Mexican,26,51.46
R01459,Ordered for the family on the weekend. The lasagna was hot and perfectly cooked. Thanks!,4,21 Oct 2025,Pasta Piazza,Italian,41 min,102.71
R02876,Not happy with this order. Delivery was really slow again tonight. Please fix this.,1,2026-05-26 22:31:00,Shawarma Corner,Middle Eastern,67,69.41
R00847,The fries was delicious.,5,2025-06-25 18:57:00,Shawarma Corner,Middle Eastern,30,63.83
R00194,The quesadilla was delicious. Will order again!,5,2025-02-12,Taco Fiesta,Mexican,34,45.17
R01465,,4,2025-10-22,Green Bowl,Healthy,21,72.79
R00947,Second order this week. Food was fresh and really tasty. Will order again!,5,"July 13, 2025",Spice Route,Indian,33,58.41
R02022,"Got the hot and sour soup and a drink. The hot and sour soup was hot and perfectly cooked. However, my order arrived 38 minutes later than the estimate.",2,2026-01-15,Golden Wok,Chinese,75,43.03
R01630,"Ordered fries for two. It was alright. Not bad, not great.",2,2025-11-20,Burger Barn,Burgers,36,37.96
R00118,The risotto was hot and perfectly cooked. Highly recommend.,4,2025-01-27,Pasta Piazza,Italian,48,121.06
R00646,The pancakes was delicious. Highly recommend.,4,2025-05-14,Morning Brew Café,Breakfast & Coffee,33,31.66
R01871,Lunch order from Spice Route. Good value for money. The naan was hot and perfectly cooked. Will order again!,4,2025-12-24,Spice Route,Indian,42,73.8
R00004,Amazing!,4,2025-01-02 11:45:00,Sweet Spot Desserts,Desserts,34,31.41
R00075,Got the samosa and a drink. The samosa was okay. Arrived in about 33 minutes.,4,2025-01-19,Spice Route,Indian,33,78.05
R01756,not happy with this order. delivery was really slow again tonight. really frustrating.,2,09 Dec 2025,Green Bowl,Healthy,94,80.65
R00468,"Nothing wrong with it, nothing exciting either.",4,2025-04-06,Slice Republic,Pizza,30,72.85
R00006,Rainy evening order. Very disappointed. Not worth the price anymore. Won't order again.,3,2025-01-02,Burger Barn,Burgers,33,62.93
R01247,Good value for money.,5,2025-09-11,Golden Wok,Chinese,33,95.36
R00920,Terrible experience. Support just sent a copy-paste message and closed the ticket. Please fix this.,3,2025-07-07,Pasta Piazza,Italian,39,64.61
R00229,late night order. second time this happened. the mixed grill was cold when it arrived.,3,2025-02-19,Cedar Grill,Middle Eastern,45,114.26
R01064,Decent latte but I've had better.,4,09 Aug 2025,Morning Brew Café,Breakfast & Coffee,28,25.43
R00243,The garlic sauce was cold when it arrived. Won't order again.,2,2025-02-21 15:05:00,Shawarma Corner,Middle Eastern,28,52.16
R02431,  Best fried rice I've had in a while.<br>  Great deal with the promo.<br>  Will order again!  ,4,2026-03-18,Golden Wok,Chinese,37,40.58
R01161,Great deal with the promo. Will order again!,4,2025-08-28,Taco Fiesta,Mexican,29,27.98
R02678,"Lunch order from Taco Fiesta. Food was fresh and really tasty. However, everything was lukewarm at best.",3,2026-04-24,Taco Fiesta,Mexican,35,38.08
R01527,Not happy with this order. My order arrived 36 minutes later than the estimate. Got charged twice for the same order. Really frustrating.,1,2025-11-02,Slice Republic,Pizza,72,131.86
R01606,Ordered the pasta for dinner. Not happy with this order. The pasta was cold when it arrived. My order arrived 15 minutes later than the estimate. Really frustrating.,3,2025-11-16 10:19:00,Slice Republic,Pizza,51,81.06
R02967,"Order was okay, nothing special.",3,2026-06-10 13:10:00,Slice Republic,Pizza,37,75.43
R02714,Ordered chicken plate for two. Terrible experience. Delivery fee plus service fee doubled the price of my order.,2,2026-04-30,Shawarma Corner,Middle Eastern,32,37.49
R02710,The pasta was delicious. Thanks!,5,2026-04-30,Slice Republic,Pizza,,59.04
R01990,"Rainy evening order. Great flavour, generous portions. But it said 25 minutes and it took 79.",2,10 Jan 2026,Burger Barn,Burgers,79,47.87
R02660,"Order was okay, nothing special.",3,2026-04-22,Burger Barn,Burgers,32,43.21
R01976,Everything was packed neatly and nothing spilled.,5,2026-01-08,Green Bowl,Healthy,26,60.76
R01762,   ,4,09 Dec 2025,Slice Republic,Pizza,39,81.43
R01306,"Second time this happened. Sauce spilled everywhere, the box was a mess. Please fix this.",2,2025-09-21,Slice Republic,Pizza,37,82.18
R01542,"Got the chicken plate and a drink. It was alright. Not bad, not great.",3,not available,Shawarma Corner,Middle Eastern,23,44.78
R00623,Ordered smoothie for two. Arrived earlier than expected. Best smoothie I've had in a while. Thanks!,5,10 May 2025,Green Bowl,Healthy,26,59.37
R02466,"The burger was hot and perfectly cooked. Delivery was fast, arrived in 23 minutes.",5,2026-03-24,Burger Barn,Burgers,23,63.08
R01494,"Ordered the naan for dinner. Fine for a quick meal, the naan was average.",3,2025-10-28,Spice Route,Indian,62,66.27
R00111,"Rainy evening order. Very disappointed. Waited over 103 minutes for my food, the ETA kept changing. Expected better.",3,2025-01-25,Taco Fiesta,Mexican,103,46.54
R02276,"Arrived earlier than expected. However, the drinks were missing again.",3,2026-02-24,Taco Fiesta,Mexican,41,58.13
R02416,"Ordered the noodles for dinner. Sauce spilled everywhere, the box was a mess.",2,2026-03-16,Golden Wok,Chinese,22,93.28
R01170,Ugh. I got someone else's order instead of mine. Please fix this.,2,2025-08-29,Burger Barn,Burgers,38,56.1
R02620,The carbonara was delicious. Highly recommend.,5,2026-04-16,Pasta Piazza,Italian,37,79.03
R00233,Second time this happened. The driver showed up almost an hour late. Won't order again.,2,2025-02-19,Spice Route,Indian,92,106.03
R00067,Good value for money. Thanks!,5,2025-01-17,Burger Barn,Burgers,42,45.25
R02883,Ordered fries for two. Ugh. The delivery guy didn't follow the drop-off instructions at all. Please fix this.,4,2026-05-27,Shawarma Corner,Middle Eastern,33,38.14
R02073,Ordered for the family on the weekend. Terrible experience. The driver showed up almost an hour late. The delivery guy didn't follow the drop-off instructions at all. Expected better.,2,2026-01-22,Golden Wok,Chinese,95,116.92
R02193,Late night order. The salmon roll was delicious. Highly recommend.,5,2026-02-11,Sakura Sushi House,Sushi,37,351.52
R00537,Ugh. Customer support never replied to my complaint. My order arrived 43 minutes later than the estimate. Expected better.,1,2025-04-18,Burger Barn,Burgers,77,83.37
R00126,Second order this week. The driver was friendly and quick. Thanks!,5,2025-01-29,BURGER BARN,Burgers,24,25.94
R02134,food was fresh and really tasty. highly recommend.,5,2026-02-02,Sweet Spot Desserts,Desserts,29,30.35
R01255,The acai bowl was delicious. Will order again!,4,2025-09-12,Green Bowl,Healthy,38,60.51
R02646,"Ordered to the office today. Very disappointed. The service fee is ridiculous now. Waited over 67 minutes for my food, the ETA kept changing. Won't order again.",1,2026-04-19,Sweet Spot Desserts,Desserts,67,58.92
R01977,Everything was packed neatly and nothing spilled. The only problem: everything was lukewarm at best.,4,2026-01-08,Shawarma Corner,Middle Eastern,38,35.98
R02621,"Fine for a quick meal, the salmon roll was average.",4,2026-04-16,Sakura Sushi House,Sushi,28,222.32
R02479,"Ordered for the family on the weekend. Great deal with the promo. Delivery was fast, arrived in 29 minutes. Will order again!",4,2026-03-26,Cedar Grill,Middle Eastern,29,104.79
R02076,"Ugh. Food came cold, had to reheat the wings myself.",4,23 Jan 2026,Slice Republic,Pizza,50,52.65
R00485,Lunch order from Golden Wok. Decent fried rice but I've had better.,3,2025-04-08 23:38:00,Golden Wok,Chinese,33,56.38
R01655,Late night order. Support sorted out my issue quickly. But ordered three items and only got two.,3,2025-11-25 13:33:00,Golden Wok,Chinese,34,92.62
R02882,Ordered to the office today. Second time this happened. The drinks were missing again. Please fix this.,2,2026-05-27,Sakura Sushi House,Sushi,32,93.6
R02417,Perfect as always,4,2026-03-16,Sakura Sushi House,Sushi,45,122.74
R02796,Late night order. The samosa was okay. Arrived in about 48 minutes.,4,2026-05-14,Spice Route,Indian,48,95.83
R01775,Rainy evening order. The burrito was delicious. Everything was packed neatly and nothing spilled. Will order again!,5,2025-12-11,Taco Fiesta,Mexican,,35.37
R00919,"Ordered for the family on the weekend. Arrived earlier than expected. Great flavour, generous portions. Will order again!",4,2025-07-07,Shawarma Corner,Middle Eastern,21 min,43.63
R01647,Great deal with the promo. But no sauces or cutlery even though I asked for them.,3,2025-11-24 11:24:00,Taco Fiesta,Mexican,29,70.5
R01027,got the pasta and a drink. arrived earlier than expected. thanks!,5,"July 31, 2025",Slice Republic,Pizza,27,50.93
R01031,The cupcakes was okay. Arrived in about 33 minutes.,3,01 Aug 2025,Sweet Spot Desserts,Desserts,33,$53.92
R00883,"Rainy evening order. Good packaging, food stayed warm. Highly recommend.",5,2025-07-01,Green Bowl,Healthy,28,51.41
R01336,"Delivery was fast, arrived in 29 minutes.",5,2025-09-26,Spice Route,Indian,29 min,SAR 133.66
R03032,The kebab plate was delicious. Arrived earlier than expected. Highly recommend.,4,2026-06-19,Cedar Grill,Middle Eastern,35,54.42
R00365,The ramen was hot and perfectly cooked. But it said 25 minutes and it took 88.,4,"March 16, 2025",Sakura Sushi House,Sushi,88,95.98
R02126,"Nothing wrong with it, nothing exciting either.",3,2026-02-01,Shawarma Corner,Middle Eastern,19,80.3
R00028,Ugh. My milkshake was missing from the bag. Please fix this.,2,2025-01-07,Burger Barn,Burgers,0,39.57
R00474,Lunch order from Pasta Piazza. Great deal with the promo.,4,2025-04-06,Pasta Piazza,Italian,29,36.16
R00526,"Great flavour, generous portions. However, delivery took 93 minutes, way longer than promised.",3,2025-04-17,Golden Wok,Chinese,93,53.68
R00726,Ugh. My order arrived 42 minutes later than the estimate. Expected better.,3,2025-06-01,  Burger Barn ,Burgers,76,44.15
R00056,Got the chicken sandwich and a drink. Arrived earlier than expected. Highly recommend.,5,2025-01-14 15:30:00,Burger Barn,Burgers,,55.72
R00639,The driver was friendly and quick. The salmon roll was hot and perfectly cooked.,5,2025-05-13 11:55:00,SAKURA SUSHI HOUSE,Sushi,33,157.12
R00303,Food was fresh and really tasty. But customer support never replied to my complaint.,3,05 Mar 2025,Cedar Grill,Middle Eastern,22,74.03
R02776,Great food!,5,2026-05-11,Burger Barn,Burgers,33,SAR 34.51
R01277,Got the burrito and a drink. Food was fresh and really tasty.,5,2025-09-16,Taco Fiesta,Mexican,22,55.47
R02806,Got the salmon roll and a drink. Not happy with this order. My order arrived 44 minutes later than the estimate. Fries were cold and soggy. Really frustrating.,1,2026-05-15,Sakura Sushi House,Sushi,82,140.73
R00625,Arrived earlier than expected. Will order again!,5,2025-05-10 21:20:00,Green Bowl,Healthy,20,125.57
R02056,"Great deal with the promo. Great flavour, generous portions.",4,20 Jan 2026,Slice Republic,Pizza,67,34.52
R01281,"First time trying Cedar Grill. Great flavour, generous portions. Highly recommend.",4,2025-09-17,Cedar Grill,Middle Eastern,32,112.76
R01050,"Great flavour, generous portions. Ordering through the app was easy. Highly recommend.",1,2025-08-07,Green Bowl,Healthy,30,56.79
R00337,Rainy evening order. Food was fresh and really tasty. But drink was spilled and soaked the hot and sour soup.,2,2025-03-11,GOLDEN WOK,Chinese,41,76.39
R00048,Ordered to the office today. Courier called me five times and then got angry. The fried rice was bland and tasted nothing like before. Expected better.,2,2025-01-12 15:43:00,Golden Wok,Chinese,33,96.61
R00107,Perfect as always,5,2025-01-25,Morning Brew Café,Breakfast & Coffee,,32.63
R01080,"First time trying Cedar Grill. Great flavour, generous portions. Delivery was fast, arrived in 34 minutes.",5,2025-08-13,Cedar Grill,Middle Eastern,34,118.48
R02287,"Good packaging, food stayed warm. The tacos was delicious. Highly recommend.",5,2026-02-25,Taco Fiesta,Mexican,50,55.27
R02262,second time this happened. the app logged me out in the middle of ordering. expected better.,3,2026-02-21,Golden Wok,Chinese,38,73.19
R01145,Ordered the burger for dinner. burger was as expected. Delivery took 34 minutes.,3,"August 25, 2025",Burger Barn,Burgers,34,74.27
R02541,the mixed grill was hot and perfectly cooked. will order again!,4,2026-04-04,Cedar Grill,Middle Eastern,33,43.26
R02297,The salad bowl was hot and perfectly cooked. Highly recommend.,5,2026-02-27,Green Bowl,Healthy,20,40.83
R01837,Fries were cold and soggy. No sauces or cutlery even though I asked for them. Please fix this.,2,2025-12-19,Burger Barn,Burgers,37,101.12
R01754,"ordered for the family on the weekend. it was alright. not bad, not great.",3,2025-12-09,Sweet Spot Desserts,Desserts,31,29.91
R01102,Ordered falafel for two. Everything was packed neatly and nothing spilled. Great deal with the promo. Highly recommend.,5,2025-08-16,Cedar Grill,Middle Eastern,42,112.28
R01969,Rainy evening order. Very disappointed. My order arrived 29 minutes later than the estimate.,2,2026-01-07,Taco Fiesta,Mexican,62,29.44
R02931,Ordered the gyoza for dinner. Ugh. Paid more in fees than the food itself.,2,2026-06-04,Sakura Sushi House,Sushi,33,$151.91
R00524,  The driver was friendly and quick.<br>  Thanks!  ,5,2025-04-16,Green Bowl,Healthy,19,100.15
R02281,"Not happy with this order. Half of my order was not in the bag, missing the ramen.",2,2026-02-25 10:38:00,Sakura Sushi House,Sushi,34,82.48
R01429,the chicken sandwich was delicious. will order again!,1,2025-10-14,Burger Barn,Burgers,26,SAR 77.60
R02786,Way too expensive for the portion size. The soup leaked all over the bag. Please fix this.,3,2026-05-12,Spice Route,Indian,31,77.41
R00604,First time trying Pasta Piazza. Food was fine. Delivery was a bit slow but acceptable.,3,2025-05-06,Pasta Piazza,Italian,33,71.64
R01490,Late night order. Ordered three items and only got two. The driver showed up almost an hour late. Won't order again.,1,2025-10-27,Shawarma Corner,Middle Eastern,96,20.5
R02504,Ordered fried rice for two. Second time this happened. Drink was spilled and soaked the fried rice. Delivery was really slow again tonight. Please fix this.,2,2026-03-31 16:42:00,  Golden Wok ,Chinese,89,
R00061,"Ordered the fries for dinner. The live tracking was useless, it said arriving for 20 minutes. Really frustrating.",2,2025-01-15 13:16:00,Burger Barn,Burgers,33,54.46
R02927,"Second time this happened. The app keeps crashing at checkout. Food was marked as delivered to the wrong building, never got it. Expected better.",2,2026-06-03 23:02:00,Burger Barn,Burgers,39,25.93
R00672,The driver was friendly and quick. Highly recommend.,5,2025-05-19,Cedar Grill,Middle Eastern,26,107.48
R00093,10/10 would order again,5,2025-01-23,Cedar Grill,Middle Eastern,31,55.67
R00667,"Good packaging, food stayed warm. Best biryani I've had in a while. Highly recommend.",4,2025-05-18,Spice Route,Indian,56,61.56
R01888,Got the burger and a drink. Very disappointed. My order arrived 43 minutes later than the estimate. Really frustrating.,1,2025-12-26,Burger Barn,Burgers,77,51.7
R00281,Good value for money. The shawarma wrap was delicious. Highly recommend.,5,2025-02-27,Shawarma Corner,Middle Eastern,28,24.46
R01720,very disappointed. delivery fee plus service fee doubled the price of my order. app froze twice while i was placing the order. please fix this.,2,2025-12-06,Shawarma Corner,Middle Eastern,25,56.45
R00360,"Ordered for the family on the weekend. Great flavour, generous portions. Highly recommend.",5,2025-03-15,Sakura Sushi House,Sushi,36,102.1
R00900,Food was fresh and really tasty. Highly recommend.,5,2025-07-04,Taco Fiesta,Mexican,,69.4
R01936,"Second order this week. Great flavour, generous portions. The only problem: my order never arrived and nobody could tell me where it was.",3,2026-01-01,Sakura Sushi House,Sushi,30,96.31
R01995,Perfect as always,5,2026-01-10,Shawarma Corner,Middle Eastern,36,68.23
R02465,The driver was friendly and quick. Highly recommend.,4,2026-03-23,Green Bowl,Healthy,29,48.57
R00761,"Ordered to the office today. Delivery was fast, arrived in 24 minutes. Great deal with the promo. Will order again!",5,2025-06-08 18:33:00,Sweet Spot Desserts,Desserts,24,42.13
R02159,"Ugh. Waited over 63 minutes for my food, the ETA kept changing. Please fix this.",2,2026-02-06,Slice Republic,Pizza,63,50.3
R02792,"Lunch order from Golden Wok. Great flavour, generous portions. Highly recommend.",5,2026-05-13,Golden Wok,Chinese,37,122.62
R00043,Good value for money. Highly recommend.,5,2025-01-11,Spice Route,Indian,44,100.71
R02174,Food was fresh and really tasty. Highly recommend.,5,2026-02-09,Burger Barn,Burgers,39,SAR 50.60
R00205,Perfect as always,5,2025-02-15 12:39:00,Golden Wok,Chinese,32,59.12
R01474,Terrible experience. App froze twice while I was placing the order.,3,24 Oct 2025,Sakura Sushi House,Sushi,,158.83
R02101,  Ordered the cupcakes for dinner.<br>  Ordering through the app was easy.  ,6,2026-01-28,Sweet Spot Desserts,Desserts,30,35.61
R00069,Arrived earlier than expected.,5,2025-01-17 19:03:00,Sweet Spot Desserts,Desserts,28,31.08
R01876,Best naan I've had in a while. Thanks!,-1,2025-12-25,Spice Route,Indian,41,28.55
R02534,Late night order. Best naan I've had in a while. Thanks!,5,2026-04-04 14:01:00,Spice Route,Indian,45,167.23
R02232,"Fine for a quick meal, the naan was average.",2,2026-02-16,Spice Route,Indian,47,59.79
R00138,"First time trying Slice Republic. Ordering through the app was easy. However, waited over 62 minutes for my food, the ETA kept changing.",2,2025-01-31 14:13:00,Slice Republic,Pizza,62,69.67
R00797,First time trying Slice Republic. Very disappointed. It said 25 minutes and it took 74. Please fix this.,1,2025-06-16,Slice Republic,Pizza,74,65.15
R02181,"Rainy evening order. Good packaging, food stayed warm. Highly recommend.",5,2026-02-10,Shawarma Corner,Middle Eastern,29,29.05
R02129,"Late night order. Second time this happened. Waited over 52 minutes for my food, the ETA kept changing. Won't order again.",1,2026-02-01 18:38:00,cedar grill,Middle Eastern,52,56.25
R00759,Best smoothie I've had in a while.,5,2025-06-08 13:18:00,Green Bowl,Healthy,35,53.31
R00542,Second time this happened. Everything was lukewarm at best. The app says delivered but I never received anything. Won't order again.,2,2025-04-19 17:34:00,GOLDEN WOK,Chinese,47,41.34
R01020,Ugh. My order arrived 38 minutes later than the estimate.,1,2025-07-29,Cedar Grill,Middle Eastern,73,SAR 56.97
R02440,Second order this week. Ugh. I got someone else's order instead of mine. Really frustrating.,1,2026-03-20,Slice Republic,Pizza,46,58.13
R00166,"First time trying Slice Republic. Ugh. Delivery took 52 minutes, way longer than promised.",1,2025-02-06 20:41:00,Slice Republic,Pizza,52,41.62
R00249,Ordered for the family on the weekend. Not happy with this order. Everything was lukewarm at best. Won't order again.,2,2025-02-22,Burger Barn,Burgers,34,35.06
R01332,Rainy evening order. The noodles was okay. Arrived in about 37 minutes.,3,2025-09-25,Golden Wok,Chinese,37,129.51
R02018,"Good packaging, food stayed warm. The ice cream was hot and perfectly cooked. Thanks!",4,2026-01-14,Sweet Spot Desserts,Desserts,27,32.83
R00447,Love it,5,2025-04-02,Sweet Spot Desserts,Desserts,23,33.9
R01359,"  Second order this week.<br>  Great flavour, generous portions.<br>  Thanks!  ",5,2025-09-30,Burger Barn,Burgers,33 min,90.04
R02146,Food was fresh and really tasty. Will order again!,3,2026-02-05,Sweet Spot Desserts,Desserts,42,50.98
R01330,The garlic sauce was okay. Arrived in about 33 minutes.,4,25 Sep 2025,Shawarma Corner,Middle Eastern,33,20.93
R03096,"Not happy with this order. Waited over 77 minutes for my food, the ETA kept changing.",1,2026-06-30,Burger Barn,Burgers,77,150.28
R02151,"First time trying Sakura Sushi House. The sushi platter was delicious. Delivery was fast, arrived in 19 minutes. Will order again!",5,2026-02-05,Sakura Sushi House,Sushi,19,151.22
R00435,Very disappointed. My order arrived 37 minutes later than the estimate. Won't order again.,2,31 Mar 2025,Morning Brew Café,Breakfast & Coffee,63,30.04
R02123,Ordered to the office today. Second time this happened. Drink was spilled and soaked the acai bowl. Order status never updated after it was picked up. Please fix this.,2,2026-02-01,Green Bowl,Healthy,29,55.68
R00578,rainy evening order. everything was packed neatly and nothing spilled. unfortunately the drinks were missing again.,3,2025-04-30,Golden Wok,Chinese,38,110.9
R02546,"The cupcakes was delicious. Good packaging, food stayed warm.",4,2026-04-05,Sweet Spot Desserts,Desserts,30,
R02919,ordered smoothie for two. good value for money. highly recommend.,5,2026-06-03,Green Bowl,Healthy,34,
R02449,"Mixed feelings, the hot and sour soup was good but the sides were meh.",3,2026-03-21,Golden Wok,Chinese,51,61.25
R01849,First time trying Burger Barn. The burger was delicious. Unfortunately delivery was really slow again tonight.,3,2025-12-22,Burger Barn,Burgers,83,$88.09
R00763,The shawarma wrap was delicious. The only problem: not worth the price anymore.,4,2025-06-09,Shawarma Corner,Middle Eastern,26,66.03
R00389,"Tracking was accurate the whole way. But delivery took 84 minutes, way longer than promised.",4,2025-03-21,Golden Wok,Chinese,84,74.86
R00236,"terrible experience. prices went up again, 153 for a small meal is too much. they sent a completely different sushi platter. really frustrating.",3,2025-02-20,Sakura Sushi House,Sushi,33,153.19
R02773,Very disappointed. The driver showed up almost an hour late. Expected better.,10,2026-05-11,Shawarma Corner,Middle Eastern,76,27.56
R01985,"late night order. great flavour, generous portions. will order again!",5,2026-01-09,Pasta Piazza,Italian,42,115.82
R00268,"second order this week. food came cold, had to reheat the mixed grill myself. won't order again.",3,2025-02-25,Cedar Grill,Middle Eastern,31,54.46
R00771,"Second order this week. Everything was packed neatly and nothing spilled. Great flavour, generous portions. Will order again!",5,2025-06-11,Cedar Grill,Middle Eastern,,60.72
R02166,Rainy evening order. Very disappointed. The shawarma wrap was undercooked in the middle. Won't order again.,1,2026-02-07,Shawarma Corner,Middle Eastern,20,38.62
R00438,Late night order. Ugh. Delivery was really slow again tonight.,2,2025-04-01,Shawarma Corner,Middle Eastern,91,46.9
R00674,Ordered to the office today. Arrived earlier than expected. Highly recommend.,5,2025-05-19,Cedar Grill,Middle Eastern,29,54.35
R00250,The wings was delicious. Will order again!,4,2025-02-22,Slice Republic,Pizza,33,51.0
R02202,Second time this happened. Payment failed but I was still charged. Really frustrating.,2,2026-02-12 11:13:00,Spice Route,Indian,34,81.09
R01575,The burger was okay. Arrived in about 29 minutes.,3,09 Nov 2025,Burger Barn,Burgers,,34.9
R02143,The garlic sauce was hot and perfectly cooked. Thanks!,4,2026-02-04,Shawarma Corner,Middle Eastern,27,33.02
R02082,Not worth the price anymore. Packaging was flimsy and the ice cream got squashed. Won't order again.,3,2026-01-24,Sweet Spot Desserts,Desserts,36,
R02787,not happy with this order. support just sent a copy-paste message and closed the ticket. expected better.,1,2026-05-12 22:40:00,Burger Barn,Burgers,38,48.34
R02818,Got the sushi platter and a drink. Food was fresh and really tasty. Unfortunately the app keeps crashing at checkout.,3,2026-05-17,Sakura Sushi House,Sushi,40,131.24
R02917,Ordering through the app was easy. Thanks!,4,2026-06-03,Burger Barn,Burgers,34,89.14
R00449,"Ordered to the office today. Order was okay, nothing special.",3,2025-04-03,Burger Barn,Burgers,38,77.11
R01470,"Second time this happened. Delivery took 71 minutes, way longer than promised.",2,2025-10-23,spice route,Indian,71,92.66
R00717,"Great flavour, generous portions.",5,"May 30, 2025",Spice Route,Indian,59,
R02553,Got the ice cream and a drink. The ice cream was delicious. Will order again!,4,2026-04-06,Sweet Spot Desserts,Desserts,30,20.17
R02783,"First time trying Taco Fiesta. It was alright. Not bad, not great.",3,2026-05-12,Taco Fiesta,Mexican,43,81.36
R02049,second order this week. the driver was friendly and quick. thanks!,5,"January 20, 2026",Cedar Grill,Middle Eastern,34,102.02
R01902,Ordered mixed grill for two. Great deal with the promo. The mixed grill was delicious. Will order again!,5,2025-12-28,Cedar Grill,Middle Eastern,47,43.33
R01169,Terrible experience. It said 25 minutes and it took 81. Won't order again.,3,2025-08-29,Slice Republic,Pizza,81,56.81
R00083,Food was fresh and really tasty.,5,2025-01-21 17:46:00,Spice Route,Indian,43,99.81
R02581,ordering through the app was easy. highly recommend.,5,2026-04-10,Shawarma Corner,Middle Eastern,22,35.68
R01461,The chicken sandwich was hot and perfectly cooked. Highly recommend.,5,2025-10-21,  Burger Barn ,Burgers,19,62.87
R01894,lunch order from sakura sushi house. best ramen i've had in a while. unfortunately my order arrived 48 minutes later than the estimate.,4,2025-12-27 20:26:00,Sakura Sushi House,Sushi,86,88.16
R01669,The driver was friendly and quick. The only problem: still waiting for my refund after two weeks.,3,27 Nov 2025,Burger Barn,Burgers,23,54.88
R02001,First time trying Slice Republic. Food was fresh and really tasty. Unfortunately didn't enjoy the food at all this time.,3,2026-01-11,Slice Republic,Pizza,31,92.65
R00476,Ordered to the office today. Average experience. Food was fine and arrived on time.,3,2025-04-07,Morning Brew Café,Breakfast & Coffee,19,33.05
R00518,Tracking was accurate the whole way. Food was fresh and really tasty. Thanks!,5,15 Apr 2025,Pasta Piazza,Italian,27,66.7
R00405,Everything was packed neatly and nothing spilled. Thanks!,4,2025-03-25 12:52:00,Slice Republic,Pizza,40,42.44
R00385,The garlic bread was okay. Arrived in about 32 minutes.,3,2025-03-20,Slice Republic,Pizza,32,SAR 93.51
R02591,Decent wings but I've had better.,3,2026-04-11,Slice Republic,Pizza,48,64.84
R02153,Average experience. Food was fine and arrived on time.,3,2026-02-06,Slice Republic,Pizza,27,79.08
R01634,Ordered to the office today. nachos was as expected. Delivery took 34 minutes.,4,2025-11-21,Taco Fiesta,Mexican,34 min,41.07
R03042,  First time trying Burger Barn.<br>  Terrible experience.<br>  Fries were cold and soggy.<br>  Really frustrating.  ,2,2026-06-21,Burger Barn,Burgers,35,64.45
R00689,First time trying Taco Fiesta. Everything was packed neatly and nothing spilled. Great deal with the promo. Thanks!,4,2025-05-22,Taco Fiesta,Mexican,39,67.11
R01241,falafel was as expected. Delivery took 31 minutes.,2,2025-09-09,Cedar Grill,Middle Eastern,31,94.43
R00063,The shawarma wrap was delicious. Thanks!,5,2025-01-16,Shawarma Corner,Middle Eastern,29,27.37
R00853,Perfect as always,4,2025-06-26,Slice Republic,Pizza,49,64.91
R02929,"Mixed feelings, the fried rice was good but the sides were meh.",2,2026-06-04,Golden Wok,Chinese,36,50.61
R02638,good value for money. the only problem: my order arrived 62 minutes later than the estimate.,4,2026-04-18,Shawarma Corner,Middle Eastern,90,
R01263,got the garlic sauce and a drink. terrible experience. the courier was rude when he handed over the bag. please fix this.,2,2025-09-14,Shawarma Corner,Middle Eastern,40,43.66
R00224,Ordered the acai bowl for dinner. Food was fresh and really tasty. Highly recommend.,4,2025-02-17,Green Bowl,Healthy,22,$105.20
R02194,First time trying Taco Fiesta. Terrible experience. The tacos was cold when it arrived. Delivery was really slow again tonight. Please fix this.,1,2026-02-11 13:24:00,Taco Fiesta,Mexican,62,39.63
R00374,Very disappointed. My order arrived 27 minutes later than the estimate. Please fix this.,2,2025-03-18,Shawarma Corner,Middle Eastern,55,44.49
R01825,"The live tracking was useless, it said arriving for 20 minutes.",1,2025-12-18,Taco Fiesta,Mexican,35,44.44
R02701,Ordered burger for two. The app logged me out in the middle of ordering. Won't order again.,3,2026-04-29,Burger Barn,Burgers,40,80.42
R03053,The breakfast sandwich was hot and perfectly cooked. But bread was stale and the breakfast sandwich tasted old.,3,13/45/2025,Morning Brew Café,Breakfast & Coffee,28,47.71
R02764,Average experience. Food was fine and arrived on time.,3,2026-05-10,Taco Fiesta,Mexican,34,74.26
R02857,Ordered to the office today. Second time this happened. Delivery was really slow again tonight. My pasta was missing from the bag.,1,23 May 2026,Slice Republic,Pizza,82,
R00010,The driver was friendly and quick.,5,2025-01-03,Morning Brew Café,Breakfast & Coffee,,25.65
R02498,"Great flavour, generous portions. Highly recommend.",4,2026-03-30,Shawarma Corner,Middle Eastern,19,60.26
R01945,Perfect as always,5,2026-01-04,Green Bowl,Healthy,22,71.28
R01839,The driver was friendly and quick. The pancakes was hot and perfectly cooked. Will order again!,5,2025-12-20,Morning Brew Café,Breakfast & Coffee,23,38.6
R00709,"Food came cold, had to reheat the biryani myself. Expected better.",2,2025-05-27,Spice Route,Indian,39,55.72
R00256,Very disappointed. The courier was rude when he handed over the bag. They sent a completely different chicken sandwich.,2,2025-02-23 21:01:00,Burger Barn,Burgers,32,50.45
R01618,"Lunch order from Green Bowl. Terrible experience. After the update the app is so buggy, couldn't even open the menu. Won't order again.",2,2025-11-18,Green Bowl,Healthy,34,112.71
R00390,rainy evening order. the garlic bread was delicious. highly recommend.,4,2025-03-21,Slice Republic,Pizza,32,103.21
R01582,"ordered the burrito for dinner. support sorted out my issue quickly. however, received the wrong burrito, not what i ordered.",3,2025-11-11,Taco Fiesta,Mexican,29,102.36
R00925,"prices went up again, 198 for a small meal is too much. won't order again.",3,2025-07-08,Sakura Sushi House,Sushi,33,SAR 198.00
R02509,Best biryani I've had in a while. Thanks!,4,2026-04-01,Spice Route,Indian,28,66.24
R02037,Very disappointed. The driver showed up almost an hour late. Please fix this.,3,2026-01-18,Spice Route,Indian,87,73.25
R02895,"Late night order. Terrible experience. Ordered three items and only got two. Delivery took 63 minutes, way longer than promised. Really frustrating.",1,2026-05-29,Shawarma Corner,Middle Eastern,63,54.43
R01225,The falafel was okay. Arrived in about 34 minutes.,3,2025-09-08,Cedar Grill,Middle Eastern,34,
R01947,Lunch order from Burger Barn. The chicken sandwich was delicious. Good value for money. Highly recommend.,4,2026-01-04,Burger Barn,Burgers,30,48.76
R00740,"I got someone else's order instead of mine. After the update the app is so buggy, couldn't even open the menu. Please fix this.",2,2025-06-04 19:56:00,Spice Route,Indian,32,71.36
R00041,"Good packaging, food stayed warm. Highly recommend.",4,2025-01-09,Taco Fiesta,Mexican,,64.2
R00869,"Ordered to the office today. Good value for money. However, refund was only a voucher, not my money back.",3,2025-06-29 13:21:00,Pasta Piazza,Italian,43,39.15
R00540,Ordered the ramen for dinner. The ramen was hot and perfectly cooked. Will order again!,5,2025-04-19,Sakura Sushi House,Sushi,44,160.73
R02674,Good value for money. The only problem: my order arrived 42 minutes later than the estimate.,4,2026-04-24,Spice Route,Indian,82,103.18
R01372,"Second time this happened. Half of my order was not in the bag, missing the salad bowl. Won't order again.",1,2025-10-02,Green Bowl,Healthy,32,55.81
R01146,Ugh. Didn't enjoy the food at all this time. Really frustrating.,2,2025-08-25,Taco Fiesta,Mexican,31,41.66
R01032,"Got the pancakes and a drink. Good packaging, food stayed warm. Thanks!",5,2025-08-01,Morning Brew Café,Breakfast & Coffee,21,38.94
R00373,Lunch order from Spice Route. Very disappointed. Delivery was really slow again tonight. Really frustrating.,1,2025-03-18,Spice Route,Indian,92,61.87
R00668,Late night order. The tacos was delicious. Thanks!,4,2025-05-18,Taco Fiesta,Mexican,,37.47
R00358,"Mixed feelings, the wrap was good but the sides were meh.",4,2025-03-15,Green Bowl,Healthy,34,47.05
R00968,First time trying Golden Wok. noodles was as expected. Delivery took 33 minutes.,3,2025-07-19,Golden Wok,Chinese,33,
R01354,Love it,5,2025-09-29,Slice Republic,Pizza,19,77.36
R01036,"Good packaging, food stayed warm.",4,2025-08-02,Sakura Sushi House,Sushi,47,94.83
R00471,The chicken sandwich was delicious. The only problem: my chicken sandwich was missing from the bag.,4,2025-04-06 15:31:00,Burger Barn,Burgers,31,48.63
R01397,The driver was friendly and quick. Will order again!,4,2025-10-06,Pasta Piazza,Italian,33,100.55
R02790,Tracking map showed the driver going in circles. Really frustrating.,3,2026-05-13,Golden Wok,Chinese,52,60.25
R01550,  The driver was friendly and quick.  ,5,2025-11-05 20:25:00,Green Bowl,Healthy,24,71.04
,late night order. app froze twice while i was placing the order.,3,2025-09-12,Slice Republic,Pizza,46,118.19
R02095,Lunch order from Cedar Grill. Terrible experience. The app keeps crashing at checkout. Expected better.,2,2026-01-26,Cedar Grill,Middle Eastern,31 min,201.18
R01556,"Ordered for the family on the weekend. Standard order, no complaints but nothing memorable.",2,2025-11-07,Cedar Grill,Middle Eastern,45,62.3
R02755,"Arrived earlier than expected. However, my chicken sandwich was missing from the bag.",4,2026-05-07,Burger Barn,Burgers,32,70.38
R01251,Amazing!,5,11 Sep 2025,Morning Brew Café,Breakfast & Coffee,21,37.95
R01700,The fries was delicious. Highly recommend.,5,2025-12-02,Burger Barn,Burgers,38,42.88
R01253,Rainy evening order. Food was fresh and really tasty. Thanks!,4,2025-09-12,Shawarma Corner,Middle Eastern,38,35.41
R02963,"ordered noodles for two. second time this happened. honestly the noodles was not good, way too salty. my card was declined in the app but works everywhere else. really frustrating.",2,2026-06-09,Golden Wok,Chinese,,54.14
R00080,Lunch order from Green Bowl. Decent smoothie but I've had better.,2,2025-01-20,Green Bowl,Healthy,21,81.18
R01173,Ordered ice cream for two. The driver was friendly and quick. Will order again!,4,2025-08-29,Sweet Spot Desserts,Desserts,33,34.27
R00815,Amazing!,4,20 Jun 2025,Shawarma Corner,Middle Eastern,27,35.55
R01853,"ordered for the family on the weekend. very disappointed. waited over 80 minutes for my food, the eta kept changing. please fix this.",1,2025-12-22,Burger Barn,Burgers,80,55.13
R02221,"Food was fresh and really tasty. Good packaging, food stayed warm.",abc,13/45/2025,Taco Fiesta,Mexican,30,44.85
R02799,"Late night order. Second time this happened. Sauce spilled everywhere, the box was a mess. Won't order again.",2,2026-05-14,Cedar Grill,Middle Eastern,29,113.41
R02106,"Nothing wrong with it, nothing exciting either.",3,2026-01-28,Spice Route,Indian,44,90.9
R00134,Rainy evening order. Everything was packed neatly and nothing spilled. Highly recommend.,5,2025-01-30,Green Bowl,Healthy,28,33.19
R01141,"Delivery was fast, arrived in 92 minutes. But it said 25 minutes and it took 92.",3,2025-08-24,Slice Republic,Pizza,92,127.27
R00934,Second time this happened. Drink was spilled and soaked the tiramisu. Expected better.,1,2025-07-09 18:20:00,Pasta Piazza,Italian,36,80.49
R00929,Rainy evening order. Ugh. The app logged me out in the middle of ordering. Please fix this.,3,2025-07-09,Slice Republic,Pizza,38,83.03
R00824,got the chicken plate and a drink. ordering through the app was easy. will order again!,5,2025-06-21,Shawarma Corner,Middle Eastern,23,45.53
R01532,The hummus was okay. Arrived in about 36 minutes.,3,2025-11-02,Cedar Grill,Middle Eastern,36,119.21
R01215,"Not happy with this order. After the update the app is so buggy, couldn't even open the menu. No sauces or cutlery even though I asked for them. Expected better.",3,2025-09-07,Spice Route,Indian,40,SAR 66.81
R00505,Food was fresh and really tasty. Arrived earlier than expected. Thanks!,5,2025-04-14,Slice Republic,Pizza,37,104.01
R03091,"First time trying Green Bowl. Great flavour, generous portions. Thanks!",5,2026-06-29,GREEN BOWL,Healthy,36,62.91
R02396,love it,5,2026-03-13,Cedar Grill,Middle Eastern,29,40.59
R01997,   ,2,2026-01-10 22:29:00,Spice Route,Indian,46,73.82
R02435,Amazing!,5,2026-03-19,Green Bowl,Healthy,23,35.48
R01959,"Delivery was fast, arrived in 28 minutes.",5,2026-01-06,Green Bowl,Healthy,28,37.82
R01385,"Ordered for the family on the weekend. Standard order, no complaints but nothing memorable.",3,2025-10-04 17:46:00,Spice Route,Indian,47,62.5
R00895,Ordered kebab plate for two. Ordering through the app was easy. Will order again!,4,2025-07-03,Cedar Grill,Middle Eastern,18,76.68
R00829,Ordered chicken sandwich for two. Average experience. Food was fine and arrived on time.,3,"June 23, 2025",Burger Barn,Burgers,43,20.84
R01191,"Great flavour, generous portions. Highly recommend.",4,2025-09-02,Green Bowl,Healthy,23 min,56.2
R02524,"Great flavour, generous portions. Unfortunately no sauces or cutlery even though I asked for them.",3,2026-04-03,Spice Route,Indian,39,64.36
R01684,"Got the brownie and a drink. Delivery was fast, arrived in 24 minutes. Highly recommend.",5,29 Nov 2025,Sweet Spot Desserts,Desserts,24,27.78
R02740,  Food was fresh and really tasty.<br>  Highly recommend.  ,5,2026-05-04,Golden Wok,Chinese,39,51.58
R02724,Ordered the hot and sour soup for dinner. The driver was friendly and quick. Highly recommend.,5,2026-05-02,Golden Wok,Chinese,33,140.51
R00480,Ordered the samosa for dinner. Great deal with the promo.,5,2025-04-07,Spice Route,Indian,30,77.52
R00653,Ugh. Delivery was really slow again tonight. Expected better.,3,2025-05-14 23:47:00,Burger Barn,Burgers,58,88.26
R00173,"Very disappointed. Waited over 97 minutes for my food, the ETA kept changing.",1,2031-01-15,Slice Republic,Pizza,97,92.13
R00039,The shawarma wrap was hot and perfectly cooked.,5,2025-01-09,Shawarma Corner,Middle Eastern,33,75.65
R03044,Food was fresh and really tasty. Good value for money. Will order again!,4,2026-06-22,Burger Barn,Burgers,29,51.72
R00714,Late night order. Best tiramisu I've had in a while.,5,"May 29, 2025",Pasta Piazza,Italian,33,76.9
R00091,Not happy with this order. Everything was lukewarm at best. The driver showed up almost an hour late. Won't order again.,2,"January 23, 2025",Morning Brew Café,Breakfast & Coffee,67,
R01986,Food was fine. Delivery was a bit slow but acceptable.,3,2026-01-09,Pasta Piazza,Italian,33,46.63
R01206,"Ordered for the family on the weekend. Arrived earlier than expected. But after the update the app is so buggy, couldn't even open the menu.",4,2025-09-05,Morning Brew Café,Breakfast & Coffee,18,19.84
R02635,Second time this happened. The driver showed up almost an hour late.,1,2026-04-18,Slice Republic,Pizza,88,63.65
R02751,"It was alright. Not bad, not great.",3,2026-05-06,Golden Wok,Chinese,37,93.97
R01828,Ordered biryani for two. The driver was friendly and quick. Thanks!,4,2025-12-18,Spice Route,Indian,24,62.02
R01156,"Second time this happened. Food came cold, had to reheat the fries myself. Please fix this.",2,2025-08-27,Burger Barn,Burgers,29,49.42
R01325,"Second order this week. Great flavour, generous portions. Thanks!",5,"September 23, 2025",Morning Brew Café,Breakfast & Coffee,30,23.46
R00217,Ordered to the office today. The tiramisu was hot and perfectly cooked.,5,2025-02-17,Pasta Piazza,Italian,29,82.62
R00511,Amazing!,5,2025-04-14,Morning Brew Café,Breakfast & Coffee,18,34.45
R01681,"Lunch order from Taco Fiesta. The driver was friendly and quick. However, tried to contact support, waited 40 minutes in chat with no answer.",3,29 Nov 2025,Taco Fiesta,Mexican,27,77.82
R00500,"The burger was delicious. However, it said 25 minutes and it took 71.",2,2025-04-12,Burger Barn,Burgers,71,45.03
R03081,"Delivery was fast, arrived in 17 minutes. Thanks!",5,2026-06-28,Burger Barn,Burgers,17,70.48
R01857,The nachos was delicious.,5,2025-12-23,Taco Fiesta,Mexican,42,65.67
R01389,The driver was friendly and quick. The only problem: my naan was missing from the bag.,3,2025-10-05,Spice Route,Indian,37 min,120.54
R01520,the salad bowl was delicious.,4,2025-11-01,GREEN BOWL,Healthy,24,-20
R02387,Rainy evening order. Second time this happened. My order arrived 28 minutes later than the estimate. Won't order again.,1,2026-03-11,Sweet Spot Desserts,Desserts,58,17.28
R02898,Decent smoothie but I've had better.,2,2026-05-30,Green Bowl,Healthy,20,64.92
R02077,The samosa was okay. Arrived in about 39 minutes.,3,2026-01-23,Spice Route,Indian,39,63.37
R01541,   ,3,2025-11-04,Green Bowl,Healthy,38,73.21
R01218,"Great flavour, generous portions. But my order arrived 40 minutes later than the estimate.",3,2025-09-07,Taco Fiesta,Mexican,73,58.24
R01417,Average experience. Food was fine and arrived on time.,4,2025-10-10 16:39:00,Shawarma Corner,Middle Eastern,37 min,37.11
R02218,"Mixed feelings, the ramen was good but the sides were meh.",3,14 Feb 2026,Sakura Sushi House,Sushi,51,127.48
R02683,"Great flavour, generous portions. The only problem: support just sent a copy-paste message and closed the ticket.",2,2026-04-25,Pasta Piazza,Italian,31,43.21
R01677,Very disappointed. No sauces or cutlery even though I asked for them. Won't order again.,2,2025-11-29,Taco Fiesta,Mexican,49 min,43.64
R01198,"Late night order. Second time this happened. Delivery took 82 minutes, way longer than promised. Expected better.",3,2025-09-03,Shawarma Corner,Middle Eastern,82,36.46
R01543,ordering through the app was easy. thanks!,5,2025-11-04,Shawarma Corner,Middle Eastern,27,48.0
R02540,"First time trying Sakura Sushi House. Mixed feelings, the gyoza was good but the sides were meh.",2,2026-04-04,Sakura Sushi House,Sushi,30,127.88
R00954,Ordered chicken sandwich for two. Best chicken sandwich I've had in a while. Highly recommend.,5,2025-07-14,Burger Barn,Burgers,30,30.3
R00751,"Nothing wrong with it, nothing exciting either.",3,2025-06-07,Cedar Grill,Middle Eastern,39,82.53
R00235,"Very disappointed. Half of my order was not in the bag, missing the acai bowl. Really frustrating.",2,2025-02-20,Green Bowl,Healthy,34,70.04
R00733,Second order this week. pancakes was as expected. Delivery took 20 minutes.,3,2025-06-02 20:24:00,Morning Brew Café,Breakfast & Coffee,20,35.46
R90020,"Got the pizza and a drink. It was alright. Not bad, not great.",2,2026-03-15,Slice Republic,Pizza,29,60.15
R01157,"Got the shawarma wrap and a drink. Order was okay, nothing special.",0,2025-08-27,Shawarma Corner,Middle Eastern,40,29.97
R02739,Not happy with this order. My order never arrived and nobody could tell me where it was. Really frustrating.,2,2026-05-04,Sweet Spot Desserts,Desserts,25,28.27
R02446,"Ordered to the office today. Waited over 67 minutes for my food, the ETA kept changing. Please fix this.",1,2026-03-21 17:53:00,Slice Republic,Pizza,67,32.62
R01210,"Order was okay, nothing special.",4,2025-09-06,Taco Fiesta,Mexican,27,55.09
R01066,Best burrito I've had in a while. Highly recommend.,5,2025-08-09,Taco Fiesta,Mexican,34,34.26
R02157,Ugh. Didn't enjoy the food at all this time. Please fix this.,3,2026-02-06,Golden Wok,Chinese,33 min,33.26
R01063,Great food!,5,2025-08-09,Cedar Grill,Middle Eastern,36,59.24
R02617,tracking was accurate the whole way. unfortunately delivery fee plus service fee doubled the price of my order.,4,2026-04-16,Shawarma Corner,Middle Eastern,27,40.87
R01168,Late night order. Tracking was accurate the whole way. But order status never updated after it was picked up.,4,2025-08-28,Burger Barn,Burgers,30,64.44
R01493,Second order this week. The mixed grill was hot and perfectly cooked. Highly recommend.,4,2025-10-28,Cedar Grill,Middle Eastern,27,69.09
R02636,Rainy evening order. Very disappointed. Everything was thrown in one bag with no separation. Expected better.,3,2026-04-18,Morning Brew Café,Breakfast & Coffee,28,56.92
R00885,Second time this happened. It said 25 minutes and it took 86. Won't order again.,2,2025-07-02,Burger Barn,Burgers,86,74.14
R00144,"Ordered for the family on the weekend. Support sorted out my issue quickly. But honestly the wings was not good, way too salty.",4,2025-02-01,Slice Republic,Pizza,32,137.81
R02241,Decent cheesecake but I've had better.,4,2026-02-17,Sweet Spot Desserts,Desserts,32,40.18
R00851,Ordered to the office today. Terrible experience. They refused to refund the missing items. Fries were cold and soggy. Won't order again.,2,2025-06-26,Burger Barn,Burgers,49,52.34
R00718,Ordered for the family on the weekend. The brownie was hot and perfectly cooked. Will order again!,5,2025-05-30,Sweet Spot Desserts,Desserts,29,
R03025,"Great flavour, generous portions. Unfortunately food was marked as delivered to the wrong building, never got it.",2,2026-06-19,Spice Route,Indian,73 min,105.44
R02503,"The tiramisu was delicious. But honestly the tiramisu was not good, way too salty.",4,2026-03-31,Pasta Piazza,Italian,45,117.56
R00265,10/10 would order again,5,"February 25, 2025",Morning Brew Café,Breakfast & Coffee,32,45.15
R00076,Arrived earlier than expected. Ordering through the app was easy.,5,2025-01-19,Taco Fiesta,Mexican,20,44.72
R02493,Second order this week. Ugh. My order arrived 46 minutes later than the estimate. Drink was spilled and soaked the salmon roll.,2,"March 29, 2026",Sakura Sushi House,Sushi,84,105.19
R00396,Arrived earlier than expected. Highly recommend.,4,2025-03-23 22:27:00,Pasta Piazza,Italian,30,85.13
R02711,Ordered kebab plate for two. Best kebab plate I've had in a while.,5,2026-04-30,Cedar Grill,Middle Eastern,28,49.72
R02225,Best naan I've had in a while. Highly recommend.,4,2026-02-15,Spice Route,Indian,37,77.78
R02982,Ordering through the app was easy. Highly recommend.,5,2026-06-12,Spice Route,Indian,42,65.99
R00397,Ugh. It said 25 minutes and it took 88. Won't order again.,2,2025-03-23,Slice Republic,Pizza,88,61.32
R01366,Got the chicken sandwich and a drink. Average experience. Food was fine and arrived on time.,5,01 Oct 2025,Burger Barn,Burgers,40,43.93
R02663,Very disappointed. The service fee is ridiculous now. Won't order again.,2,2026-04-22,Sweet Spot Desserts,Desserts,24,40.28
R01904,Ordered to the office today. Very disappointed. I got someone else's order instead of mine. Please fix this.,1,2025-12-29,Sweet Spot Desserts,Desserts,25,31.96
R00596,"Lunch order from Golden Wok. Standard order, no complaints but nothing memorable.",3,2025-05-04,Golden Wok,Chinese,37,127.43
R02110,lunch order from taco fiesta. best burrito i've had in a while. thanks!,4,29 Jan 2026,Taco Fiesta,Mexican,34,70.48
R01297,Lunch order from Sakura Sushi House. Good value for money. Highly recommend.,5,2025-09-20,Sakura Sushi House,Sushi,58,248.29
R01822,The quesadilla was delicious.,4,"December 17, 2025",Taco Fiesta,Mexican,34,27.05
R00873,Best hot and sour soup I've had in a while. Will order again!,4,2025-06-29,Golden Wok,Chinese,43,95.51
R03097,Second time this happened. Not worth the price anymore. Really frustrating.,2,2026-06-30,Taco Fiesta,Mexican,39,42.79
R02327,The container was crushed when it arrived. My order arrived 37 minutes later than the estimate.,3,2026-03-02 20:15:00,Golden Wok,Chinese,74,51.17
R01549,10/10 would order again,5,2025-11-05,Shawarma Corner,Middle Eastern,45,75.75
R00037,"Second time this happened. The app keeps crashing at checkout. Delivery took 65 minutes, way longer than promised.",1,2025-01-09,Shawarma Corner,Middle Eastern,65,27.25
R03054,Tracking was accurate the whole way.,1,2026-06-24,Taco Fiesta,Mexican,35 min,44.55
R02144,Very disappointed. Still waiting for my refund after two weeks. Really frustrating.,2,2026-02-04,Slice Republic,Pizza,34,100.05
R02722,"Ordered to the office today. Good packaging, food stayed warm. Thanks!",4,2026-05-02,Sakura Sushi House,Sushi,35,158.23
R00978,"Ordered chicken sandwich for two. Standard order, no complaints but nothing memorable.",3,2025-07-21 15:27:00,Burger Barn,Burgers,34,SAR 55.47
R01572,Best dumplings I've had in a while. Unfortunately paid more in fees than the food itself.,4,2025-11-09,Golden Wok,Chinese,41,72.18
R01123,Ordered smoothie for two. The smoothie was okay. Arrived in about 23 minutes.,3,2025-08-21,Green Bowl,Healthy,23,86.78
R02240,Ordered for the family on the weekend. Support sorted out my issue quickly. Will order again!,4,2026-02-17,Cedar Grill,Middle Eastern,45,110.45
R02505,"Waited over 48 minutes for my food, the ETA kept changing. Please fix this.",2,2026-03-31 17:08:00,Burger Barn,Burgers,48,36.22
R01893,Late night order. Good value for money. Highly recommend.,5,27 Dec 2025,cedar grill,Middle Eastern,40,95.38
R00676,Good value for money.,5,2025-05-20 13:28:00,Burger Barn,Burgers,27,116.74
R00729,"Delivery was fast, arrived in 25 minutes. Highly recommend.",5,02 Jun 2025,Green Bowl,Healthy,25,52.83
R00413,Second order this week. Ugh. Bread was stale and the cupcakes tasted old. The driver showed up almost an hour late.,1,2025-03-26,Sweet Spot Desserts,Desserts,68,32.02
R01517,10/10 would order again,5,2025-11-01,Spice Route,Indian,38,94.3
R01650,First time trying Spice Route. They sent a completely different biryani. Ordered three items and only got two. Really frustrating.,1,2025-11-24,Spice Route,Indian,28,167.64
R00826,"Very disappointed. Delivery took 48 minutes, way longer than promised. Everything was thrown in one bag with no separation. Please fix this.",2,2025-06-21,Slice Republic,Pizza,48,87.44
R00617,The driver was friendly and quick. Thanks!,4,2025-05-09,pasta piazza,Italian,37,50.98
R00115,Late night order. Best fries I've had in a while. Tracking was accurate the whole way. Highly recommend.,4,"January 26, 2025",Burger Barn,Burgers,30,47.67
R00418,"Good packaging, food stayed warm. Will order again!",5,2025-03-27,Morning Brew Café,Breakfast & Coffee,37,36.91
R01626,The burger was delicious.,4,2025-11-19,Burger Barn,Burgers,40,77.76
R02653,Tracking was accurate the whole way. But everything was thrown in one bag with no separation.,4,2026-04-20,Sakura Sushi House,Sushi,44,267.28
R02517,Ugh. Packaging was flimsy and the ice cream got squashed. Not worth the price anymore. Really frustrating.,2,2026-04-02,Sweet Spot Desserts,Desserts,28,24.62
R00090,"Rainy evening order. Second time this happened. Waited over 95 minutes for my food, the ETA kept changing. Really frustrating.",1,2025-01-23,Golden Wok,Chinese,95,52.33
R02083,Amazing!,5,2026-01-24,Sakura Sushi House,Sushi,34,209.19
R00754,Ordered the garlic sauce for dinner. Everything was thrown in one bag with no separation. Really frustrating.,2,2025-06-07 22:15:00,Shawarma Corner,Middle Eastern,27,54.58
R02547,"Lunch order from Green Bowl. Good packaging, food stayed warm. Good value for money.",4,2026-04-05,Green Bowl,Healthy,27,98.6
R01631,Tracking was accurate the whole way. Thanks!,5,2025-11-20,Shawarma Corner,Middle Eastern,19,60.48
R00012,Rainy evening order. Good value for money. Everything was packed neatly and nothing spilled. Thanks!,4,2025-01-04 13:58:00,Shawarma Corner,Middle Eastern,999,22.86
R02445,"Lunch order from Spice Route. Order was okay, nothing special.",2,2026-03-21,Spice Route,Indian,29 min,57.85
R00285,The driver was friendly and quick.,4,2025-02-28,Taco Fiesta,Mexican,23,47.82
R01067,"Ordered fries for two. Food was fresh and really tasty. Delivery was fast, arrived in 23 minutes.",5,2025-08-09,Burger Barn,Burgers,23,45.66
R01192,Got the pasta and a drink. Not happy with this order. Got charged twice for the same order. The driver showed up almost an hour late. Really frustrating.,2,2025-09-02,Slice Republic,Pizza,84,57.39
R01441,Great food!,5,2025-10-16,Golden Wok,Chinese,28,70.77
R02984,Food was fresh and really tasty.,5,2026-06-12,Spice Route,Indian,77,67.15
R02983,Ugh. The app says delivered but I never received anything. Really frustrating.,3,2026-06-12,Burger Barn,Burgers,28,76.67
R02886,"  First time trying Slice Republic.<br>  Terrible experience.<br>  Paid more in fees than the food itself.<br>  Delivery took 55 minutes, way longer than promised.<br>  Expected better.  ",2,2026-05-28,Slice Republic,Pizza,55,74.69
R01569,10/10 would order again,4,2025-11-08,Sakura Sushi House,Sushi,55,177.81
R02428,Ordered for the family on the weekend. Average experience. Food was fine and arrived on time.,3,2026-03-18,Sakura Sushi House,Sushi,29,174.55
R02743,Ordered fries for two. Very disappointed. The fries was undercooked in the middle.,1,"May 05, 2026",Burger Barn,Burgers,29,37.75
R01688,"Delivery was fast, arrived in 22 minutes. Thanks!",4,2025-11-30,Cedar Grill,Middle Eastern,22,39.88
R00852,got the naan and a drink. the driver was friendly and quick. everything was packed neatly and nothing spilled. will order again!,4,2025-06-26,Spice Route,Indian,33,103.27
R02208,Late night order. Best fries I've had in a while. The only problem: delivery was really slow again tonight.,2,2026-02-12,Burger Barn,Burgers,81,46.2
R00896,Late night order. Everything was packed neatly and nothing spilled. Unfortunately i got someone else's order instead of mine.,4,"July 03, 2025",Slice Republic,Pizza,45,57.09
R00497,Support sorted out my issue quickly.,5,2025-04-11,Taco Fiesta,Mexican,31,82.89
R02306,"Lunch order from Shawarma Corner. Food came cold, had to reheat the garlic sauce myself. Didn't enjoy the food at all this time. Please fix this.",1,2026-02-28,Shawarma Corner,Middle Eastern,28 min,43.76
R01783,Late night order. The hummus was hot and perfectly cooked. Ordering through the app was easy. Highly recommend.,5,2025-12-11 16:13:00,Cedar Grill,Middle Eastern,35,78.21
R00336,"Second order this week. Not happy with this order. Prices went up again, 42 for a small meal is too much. Expected better.",2,2025-03-11,Shawarma Corner,Middle Eastern,30,42.29
R00516,Support sorted out my issue quickly. Highly recommend.,5,"April 15, 2025",Burger Barn,Burgers,48,67.06
R01349,Perfect as always,4,2025-09-29,Shawarma Corner,Middle Eastern,38,52.38
R01016,Ordering through the app was easy. Thanks!,5,2025-07-29,Morning Brew Café,Breakfast & Coffee,49,40.13
R02991,Ugh. Payment failed but I was still charged. Please fix this.,2,2026-06-14,Cedar Grill,Middle Eastern,30,89.98
R02986,Ugh. Ordered three items and only got two. Please fix this.,2,2026-06-12,Burger Barn,Burgers,31,33.06
R01782,Late night order. Ugh. They refused to refund the missing items. Please fix this.,2,2025-12-11,Burger Barn,Burgers,49,70.2
R02570,They sent a completely different pizza. Really frustrating.,2,2026-04-09,Slice Republic,Pizza,53,SAR 66.02
R01786,"Rainy evening order. It was alright. Not bad, not great.",4,2025-12-12,Spice Route,Indian,41,64.13
R02071,Lunch order from Burger Barn. The app logged me out in the middle of ordering. Please fix this.,3,2026-01-22,Burger Barn,Burgers,35,67.72
R00357,Got the cupcakes and a drink. The cupcakes was delicious. Highly recommend.,5,2025-03-14,Sweet Spot Desserts,Desserts,27,22.79
R03035,Ugh. Customer support never replied to my complaint. Expected better.,1,2026-06-20,Pasta Piazza,Italian,29,92.51
R01313,Late night order. The driver was friendly and quick. Thanks!,4,2025-09-21,Slice Republic,Pizza,34,74.15
R01636,nachos was as expected. Delivery took 26 minutes.,3,2025-11-21,Taco Fiesta,Mexican,26,32.54
R00551,The croissant was delicious. Arrived earlier than expected. Will order again!,5,2025-04-21,Morning Brew Café,Breakfast & Coffee,20,31.16
R02389,Best gyoza I've had in a while. Will order again!,4,2026-03-11,Sakura Sushi House,Sushi,47,53.88
R02480,Lunch order from Sweet Spot Desserts. Everything was packed neatly and nothing spilled.,4,2026-03-27,Sweet Spot Desserts,Desserts,27,38.81
R02522,Lunch order from Spice Route. The samosa was okay. Arrived in about 30 minutes.,3,2026-04-03,Spice Route,Indian,30,53.96
R02266,"Good value for money. However, the fried rice was cold when it arrived.",3,2026-02-22,Golden Wok,Chinese,40,70.31
R01228,"Good packaging, food stayed warm. Highly recommend.",4,08 Sep 2025,Morning Brew Café,Breakfast & Coffee,29,36.48
R02853,Got the gyoza and a drink. The gyoza was hot and perfectly cooked.,5,2026-05-23 14:05:00,Sakura Sushi House,Sushi,57,100.48
R00958,First time trying Shawarma Corner. Food was fresh and really tasty. But customer support never replied to my complaint.,3,2025-07-16,Shawarma Corner,Middle Eastern,23,28.86
R01774,Ordered burger for two. Good value for money. Thanks!,5,2025-12-10,Burger Barn,Burgers,,96.34
R02142,Perfect as always,5,2026-02-03,Green Bowl,Healthy,32,59.2
R01009,not happy with this order. i got someone else's order instead of mine. ordered three items and only got two. won't order again.,2,"July 26, 2025",Taco Fiesta,Mexican,39,55.46
R01093,"Standard order, no complaints but nothing memorable.",4,2025-08-14,Morning Brew Café,Breakfast & Coffee,26,35.31
R02847,arrived earlier than expected. thanks!,5,2026-05-21,Shawarma Corner,Middle Eastern,24,58.03
R00997,Rainy evening order. Food was fresh and really tasty. Thanks!,5,2025-07-24,Sakura Sushi House,Sushi,39,176.69
R01680,"The gyoza was hot and perfectly cooked. But prices went up again, 158 for a small meal is too much.",4,2025-11-29,Sakura Sushi House,Sushi,44,157.94
R00154,Ugh. Delivery was really slow again tonight. Really frustrating.,2,2025-02-04,Pasta Piazza,Italian,66,57.2
R02965,"Quality has gone down, the kebab plate tasted cheap. The discount wasn't applied and support couldn't fix it. Really frustrating.",3,2026-06-09,Cedar Grill,Middle Eastern,49,71.06
R00581,Ordered the dumplings for dinner. The driver was friendly and quick.,5,2025-05-01,Golden Wok,Chinese,28,38.5
R01471,The driver was friendly and quick. The only problem: i got someone else's order instead of mine.,2,2025-10-23,Sweet Spot Desserts,Desserts,25,77.3
R00704,The cheesecake was hot and perfectly cooked. Will order again!,4,2025-05-26,Sweet Spot Desserts,Desserts,33,30.97
R01213,10/10 would order again,5,"September 06, 2025",Cedar Grill,Middle Eastern,42,76.19
R00897,Ordering through the app was easy. Food was fresh and really tasty.,5,2025-07-04,Golden Wok,Chinese,30,57.88
R00488,The quesadilla was hot and perfectly cooked.,5,2025-04-09,Taco Fiesta,Mexican,29,64.11
R00560,"Lunch order from Slice Republic. Very disappointed. Waited over 73 minutes for my food, the ETA kept changing. Still waiting for my refund after two weeks. Expected better.",3,2025-04-25,Slice Republic,Pizza,73,115.04
R01142,The chicken sandwich was delicious.,5,2025-08-24,Burger Barn,Burgers,25,42.41
R01120,Ordered chicken sandwich for two. Terrible experience. It said 25 minutes and it took 80. Really frustrating.,2,2025-08-19,Burger Barn,Burgers,80,43.02
R00513,"Ordered to the office today. Ugh. I got someone else's order instead of mine. Waited over 105 minutes for my food, the ETA kept changing. Please fix this.",3,2025-04-15,Pasta Piazza,Italian,105,106.49
R00634,The driver was friendly and quick. Unfortunately i got someone else's order instead of mine.,3,2025-05-12,Slice Republic,Pizza,32,75.7
R02750,"Ugh. After the update the app is so buggy, couldn't even open the menu. Won't order again.",3,2026-05-06,Burger Barn,Burgers,43,37.98
R01665,First time trying Morning Brew Café. latte was as expected. Delivery took 27 minutes.,3,26 Nov 2025,Morning Brew Café,Breakfast & Coffee,27,31.79
R01013,"Prices went up again, 67 for a small meal is too much. Really frustrating.",2,2025-07-28,Burger Barn,Burgers,29,66.62
R01932,10/10 would order again,4,"January 01, 2026",Burger Barn,Burgers,,35.42
R01151,Everything was packed neatly and nothing spilled. But packaging was flimsy and the naan got squashed.,4,2025-08-26,Spice Route,Indian,39,152.58
R02988,The driver was friendly and quick. Will order again!,5,2026-06-13,Cedar Grill,Middle Eastern,19,99.3
R00117,Tracking was accurate the whole way. Highly recommend.,5,2025-01-27 17:34:00,Shawarma Corner,Middle Eastern,29,39.76
R00741,Ugh. The app keeps crashing at checkout. Please fix this.,3,2025-06-04,Slice Republic,Pizza,36,65.71
R02943,"Ordered the falafel for dinner. Delivery was fast, arrived in 29 minutes.",4,2026-06-06,Cedar Grill,Middle Eastern,29,127.98
R01975,"Second time this happened. After the update the app is so buggy, couldn't even open the menu. Really frustrating.",3,2026-01-08,Spice Route,Indian,35,222.57
R01082,"Good packaging, food stayed warm. Great flavour, generous portions. Will order again!",5,2025-08-13,Shawarma Corner,Middle Eastern,39,17.38
R01811,Lunch order from Cedar Grill. Arrived earlier than expected. Thanks!,5,"December 17, 2025",Cedar Grill,Middle Eastern,34,50.38
R00831,Good value for money. Will order again!,4,2025-06-23,Cedar Grill,Middle Eastern,22,57.36
R00120,Second order this week. Not happy with this order. The driver showed up almost an hour late. Won't order again.,2,28 Jan 2025,Morning Brew Café,Breakfast & Coffee,75,46.07
R00657,Ordered for the family on the weekend. Ugh. The courier was rude when he handed over the bag. Please fix this.,2,2025-05-15,Morning Brew Café,Breakfast & Coffee,19,76.79
R02910,"The driver was friendly and quick. But food came cold, had to reheat the lasagna myself.",3,2026-06-01,Pasta Piazza,Italian,33 min,66.56
R02865,Lunch order from Green Bowl. Ordering through the app was easy. Arrived earlier than expected. Will order again!,4,2026-05-25,Green Bowl,Healthy,31,33.86
R01339,Second time this happened. Payment failed but I was still charged. Won't order again.,2,2025-09-27,Slice Republic,Pizza,41,90.02
R00636,"First time trying Green Bowl. Great flavour, generous portions. Thanks!",5,2025-05-12,Green Bowl,Healthy,33,49.37
R00370,Arrived earlier than expected.,4,2025-03-17,Burger Barn,Burgers,27,58.3
R00269,Best brownie I've had in a while. Highly recommend.,5,2025-02-25,Sweet Spot Desserts,Desserts,33,25.88
R02704,"Second time this happened. Refund was only a voucher, not my money back. Food was marked as delivered to the wrong building, never got it.",1,2026-04-29,Morning Brew Café,Breakfast & Coffee,21 min,30.89
R00047,Lunch order from Burger Barn. Food was fresh and really tasty.,5,2025-01-12,Burger Barn,Burgers,44,97.9
R00992,"Second time this happened. No sauces or cutlery even though I asked for them. Prices went up again, 179 for a small meal is too much. Expected better.",1,24 Jul 2025,Sakura Sushi House,Sushi,34,179.47
R00877,  Arrived earlier than expected.<br>  Highly recommend.  ,4,2025-06-30,Burger Barn,Burgers,27,70.75
R00774,"Ugh. Refund was only a voucher, not my money back. Really frustrating.",1,2025-06-11,Burger Barn,Burgers,43,53.34
R01220,Great food!,1,"September 07, 2025",Sweet Spot Desserts,Desserts,22,35.82
R01127,Perfect as always,5,2025-08-21,Sakura Sushi House,Sushi,41,161.87
R00005,Best brownie I've had in a while. Thanks!,4,2025-01-02,Sweet Spot Desserts,Desserts,23,34.38
R01596,Rainy evening order. The driver was friendly and quick. But i got someone else's order instead of mine.,3,2025-11-14,Burger Barn,Burgers,27,89.52
R02312,"Standard order, no complaints but nothing memorable.",2,2026-03-01,Sweet Spot Desserts,Desserts,20,36.83
R03056,cupcakes was as expected. Delivery took 23 minutes.,3,24 Jun 2026,Sweet Spot Desserts,Desserts,23,40.1
R02492,Ordered the garlic bread for dinner. Not happy with this order. The app says delivered but I never received anything.,2,2026-03-29,Slice Republic,Pizza,55,65.26
R01078,Ordered for the family on the weekend. The pizza was delicious. Everything was packed neatly and nothing spilled.,4,2025-08-12,Slice Republic,Pizza,37,49.23
R00838,Got the burger and a drink. Good value for money. Thanks!,5,2025-06-24,Burger Barn,Burgers,29,57.24
R00682,"Nothing wrong with it, nothing exciting either.",3,2025-05-21,Slice Republic,Pizza,39,72.86
R01716,"Ordered hummus for two. It was alright. Not bad, not great.",3,2025-12-05,Cedar Grill,Middle Eastern,38,152.89
R02353,first time trying pasta piazza. the tiramisu was delicious.,5,2026-03-06,Pasta Piazza,Italian,31,87.0
,Average experience. Food was fine and arrived on time.,2,2026-04-16 14:59:00,Slice Republic,Pizza,29,67.41
R02362,lunch order from taco fiesta. second time this happened. support just sent a copy-paste message and closed the ticket. please fix this.,2,2026-03-06,Taco Fiesta,Mexican,40,42.72
R02198,Ordered the hot and sour soup for dinner. Tracking was accurate the whole way. Unfortunately the hot and sour soup was cold when it arrived.,4,"February 11, 2026",Golden Wok,Chinese,36,110.22
R01149,Second time this happened. The driver showed up almost an hour late. My order never arrived and nobody could tell me where it was.,2,25 Aug 2025,Slice Republic,Pizza,51,160.32
R00575,Best wings I've had in a while. The driver was friendly and quick. Highly recommend.,4,"April 29, 2025",Slice Republic,Pizza,48,87.28
R00051,Terrible experience. Didn't enjoy the food at all this time. Really frustrating.,2,2025-01-12,Slice Republic,Pizza,49,46.61
R00854,Ordered for the family on the weekend. The driver was friendly and quick. Will order again!,4,2025-06-26,Taco Fiesta,Mexican,16,57.92
R01983,10/10 would order again,4,2026-01-09,Shawarma Corner,Middle Eastern,33,55.4
R02775,"Very disappointed. Received the wrong nachos, not what I ordered. Won't order again.",3,2026-05-11,Taco Fiesta,Mexican,27,21.3
R01824,"Ordered to the office today. Great flavour, generous portions. Highly recommend.",5,18 Dec 2025,Morning Brew Café,Breakfast & Coffee,20,$21.16
R00834,Rainy evening order. Good value for money. Best pancakes I've had in a while.,5,2025-06-23,Morning Brew Café,Breakfast & Coffee,23,36.08
R01116,Rainy evening order. Ugh. Way too expensive for the portion size. Won't order again.,3,2025-08-19,Shawarma Corner,Middle Eastern,39,48.96
R01167,Late night order. The milkshake was hot and perfectly cooked. Highly recommend.,5,"August 28, 2025",Burger Barn,Burgers,31,
R02519,Terrible experience. Bread was stale and the naan tasted old.,1,2026-04-02,Spice Route,Indian,62,73.32
R01907,Got the risotto and a drink. The risotto was okay. Arrived in about 36 minutes.,4,2025-12-29,Pasta Piazza,Italian,36,74.06
R00972,Rainy evening order. Ugh. Delivery was really slow again tonight.,2,2025-07-20,Burger Barn,Burgers,70,43.49
R02702,the shawarma wrap was okay. arrived in about 28 minutes.,3,2026-04-29,Shawarma Corner,Middle Eastern,28,39.58
R00400,Love it,4,24 Mar 2025,Burger Barn,Burgers,49,131.44
R02560,Ordered ice cream for two. Not happy with this order. The courier was rude when he handed over the bag.,3,2026-04-07,Sweet Spot Desserts,Desserts,,40.0
R02369,"The smoothie was hot and perfectly cooked. However, food came cold, had to reheat the smoothie myself.",4,08 Mar 2026,Green Bowl,Healthy,24,
R00020,Terrible experience. Delivery was really slow again tonight.,2,2025-01-05,Slice Republic,Pizza,81,75.93
R00685,Terrible experience. Bread was stale and the cheesecake tasted old. Won't order again.,2,2025-05-22,Sweet Spot Desserts,Desserts,32,30.71
R00036,"Second order this week. The dumplings was delicious. However, drink was spilled and soaked the dumplings.",3,2025-01-09,Golden Wok,Chinese,31,37.26
R03012,Late night order. Decent chicken sandwich but I've had better.,3,2026-06-17,Burger Barn,Burgers,25,81.32
R00525,Ordered the salad bowl for dinner. Second time this happened. Delivery fee plus service fee doubled the price of my order. Expected better.,2,2025-04-17,Green Bowl,Healthy,28,63.22
R02456,Great food!,,2026-03-22,Cedar Grill,Middle Eastern,40,98.69
R00921,  First time trying Shawarma Corner.<br>  The shawarma wrap was hot and perfectly cooked.<br>  Will order again!  ,5,2025-07-07,Shawarma Corner,Middle Eastern,25,53.1
R01842,The breakfast sandwich was hot and perfectly cooked. Will order again!,5,2025-12-21,Morning Brew Café,Breakfast & Coffee,30,79.53
R01891,"Second time this happened. Sauce spilled everywhere, the box was a mess. Really frustrating.",3,2025-12-27,Burger Barn,Burgers,40,46.5
R00538,Tracking was accurate the whole way. Will order again!,5,2025-04-18,Golden Wok,Chinese,35 min,61.81
R02807,Food was fine. Delivery was a bit slow but acceptable.,3,2026-05-16,Morning Brew Café,Breakfast & Coffee,26,30.96
R01706,Got the naan and a drink. Food was fresh and really tasty. Thanks!,4,2025-12-04,Spice Route,Indian,42,42.03
R00931,Arrived earlier than expected. Highly recommend.,4,not available,Burger Barn,Burgers,33,35.4
R00246,Second time this happened. The drinks were missing again. Really frustrating.,2,2025-02-21,Spice Route,Indian,39,116.11
R00785,Lunch order from Sakura Sushi House. Very disappointed. Driver refused to come up to the door and left the food downstairs. Expected better.,2,2025-06-14,Sakura Sushi House,Sushi,32,130.6
R01410,"Arrived earlier than expected. However, no sauces or cutlery even though I asked for them.",3,2025-10-08,Burger Barn,Burgers,32,78.94
R02538,Ordered the brownie for dinner. Tracking was accurate the whole way. Will order again!,5,"April 04, 2026",Sweet Spot Desserts,Desserts,22,32.27
R00155,"Ugh. Delivery took 83 minutes, way longer than promised. Won't order again.",5,2025-02-05,Slice Republic,Pizza,83,82.03
R01687,Best sushi platter I've had in a while. Highly recommend.,1,"November 30, 2025",Sakura Sushi House,Sushi,48,257.88
R00626,Second time this happened. Didn't enjoy the food at all this time. Expected better.,3,2025-05-10,Pasta Piazza,Italian,32,77.6
R02734,Perfect as always,5,2026-05-04,Shawarma Corner,Middle Eastern,29,41.14
R03060,The kebab plate was hot and perfectly cooked. Unfortunately the discount wasn't applied and support couldn't fix it.,4,2026-06-25 20:55:00,Cedar Grill,Middle Eastern,999,75.25
R01347,Late night order. Great deal with the promo.,5,2025-09-28,Shawarma Corner,Middle Eastern,35,34.34
R00570,The kebab plate was okay. Arrived in about 34 minutes.,3,2025-04-28,Cedar Grill,Middle Eastern,34,87.32
R00694,Food was fresh and really tasty. Highly recommend.,4,2025-05-24,Sweet Spot Desserts,Desserts,38,53.89
R01759,"Ugh. Waited over 71 minutes for my food, the ETA kept changing. Really frustrating.",3.0,2025-12-09,Burger Barn,Burgers,71,64.25
R01817,Second order this week. Arrived earlier than expected. Highly recommend.,4,2025-12-17,Cedar Grill,Middle Eastern,21,116.32
R02066,"Second time this happened. Honestly the milkshake was not good, way too salty.",2,2026-01-21,Burger Barn,Burgers,58,43.89
R00128,ordered smoothie for two. tracking was accurate the whole way. will order again!,4,2025-01-29,Green Bowl,Healthy,32,21.51
R90004,"Delivery was fast, arrived in 17 minutes. Thanks!",5,2026-06-28,Burger Barn,Burgers,17,70.48
R02007,Food was fine. Delivery was a bit slow but acceptable.,4,2026-01-12,Cedar Grill,Middle Eastern,34,67.21
R00981,Great food!,5,2025-07-21,Spice Route,Indian,27,$39.79
R90001,Not happy with this order. Bread was stale and the dumplings tasted old. Won't order again.,1,2025-04-21 23:04:00,Golden Wok,Chinese,22,53.17
R00191,Ordered chicken plate for two. Arrived earlier than expected. Will order again!,5,2025-02-10,Shawarma Corner,Middle Eastern,32,59.48
R01140,rainy evening order. everything was packed neatly and nothing spilled. the only problem: the pasta was cold when it arrived.,3,2025-08-24,Slice Republic,Pizza,33,137.48
R00993,"Lunch order from Burger Barn. Food was fresh and really tasty. Unfortunately delivery took 72 minutes, way longer than promised.",3,2025-07-24,Burger Barn,Burgers,72,67.19
R00700,Lunch order from Pasta Piazza. Not happy with this order. The courier was rude when he handed over the bag. Won't order again.,3,2025-05-25,  Pasta Piazza ,Italian,54,80.63
R00607,First time trying Taco Fiesta. Everything was lukewarm at best.,1,2025-05-07,Taco Fiesta,Mexican,40,32.08
R00181,Food was fresh and really tasty. Arrived earlier than expected. Will order again!,10,2025-02-09,Spice Route,Indian,32,94.67
R00302,"arrived earlier than expected. the only problem: tried to contact support, waited 40 minutes in chat with no answer.",2,2025-03-04,Shawarma Corner,Middle Eastern,24,56.8
R02545,"First time trying Taco Fiesta. Very disappointed. Chicken in the tacos was still pink inside, not safe. Expected better.",1,2026-04-05,Taco Fiesta,Mexican,27,69.86
R02958,"Second time this happened. Food came cold, had to reheat the fries myself. Expected better.",2,2026-06-07,Shawarma Corner,Middle Eastern,22,48.02
R01061,  Arrived earlier than expected.<br>  Great deal with the promo.<br>  Will order again!  ,4,2025-08-08 20:06:00,Slice Republic,Pizza,999,52.46
R03002,"Everything was packed neatly and nothing spilled. Delivery was fast, arrived in 24 minutes. Will order again!",5,2026-06-16,Green Bowl,Healthy,24,38.11
R03062,"Ordered salad bowl for two. Great deal with the promo. Great flavour, generous portions. Highly recommend.",5,2026-06-25,Green Bowl,Healthy,34,54.55
R02566,"Not happy with this order. Half of my order was not in the bag, missing the pasta. Really frustrating.",3.0,"April 08, 2026",Slice Republic,Pizza,31,43.75
R01070,Ordered to the office today. Food was fresh and really tasty. Thanks!,5,2025-08-10 16:00:00,Taco Fiesta,Mexican,33,49.02
R02525,"Good packaging, food stayed warm. Highly recommend.",4,2026-04-03,Sweet Spot Desserts,Desserts,22,
R02206,"Great flavour, generous portions.",4,2026-02-12,Sakura Sushi House,Sushi,58,166.93
R01244,Great deal with the promo. Thanks!,5,2025-09-10,Slice Republic,Pizza,34 min,87.97
R00017,"lunch order from green bowl. best smoothie i've had in a while. delivery was fast, arrived in 20 minutes. will order again!",4,2025-01-05,Green Bowl,Healthy,20,45.63
R90007,Everything was packed neatly and nothing spilled. Thanks!,4,2025-03-25 12:52:00,Slice Republic,Pizza,40,42.44
R00547,Late night order. Very disappointed. It said 25 minutes and it took 72.,1,2025-04-20,Green Bowl,Healthy,72,68.97
R00659,Ordered the falafel for dinner. Decent falafel but I've had better.,3,2025-05-16,Cedar Grill,Middle Eastern,44,59.01
R02879,Second order this week. Best burger I've had in a while. Great deal with the promo.,4,2026-05-27,Burger Barn,Burgers,39,111.77
R02913,"Got the hot and sour soup and a drink. Great flavour, generous portions. However, my hot and sour soup was missing from the bag.",3,2026-06-02 17:47:00,Golden Wok,Chinese,46,56.02
R01505,Support sorted out my issue quickly.,4,2025-10-30,Slice Republic,Pizza,28,93.02
R00960,"Second order this week. It was alright. Not bad, not great.",3,"July 17, 2025",Pasta Piazza,Italian,56,52.67
R02332,"Ordered for the family on the weekend. Great flavour, generous portions. Highly recommend.",5,03 Mar 2026,Sweet Spot Desserts,Desserts,27,13.86
R00798,"Great flavour, generous portions. Unfortunately my order never arrived and nobody could tell me where it was.",3,2025-06-16 10:55:00,Shawarma Corner,Middle Eastern,26,40.53
R00226,"Great flavour, generous portions.",5,2025-02-18,Burger Barn,Burgers,35,77.7
R02075,"Ordered to the office today. Second time this happened. Honestly the noodles was not good, way too salty. Won't order again.",2,2026-01-22 20:19:00,Golden Wok,Chinese,33,72.68
R01800,Ordered to the office today. Ugh. My pizza was missing from the bag. Please fix this.,2,2025-12-15,Slice Republic,Pizza,38,57.92
R02486,Support sorted out my issue quickly. Will order again!,5,2026-03-27,Green Bowl,Healthy,27,39.44
R02132,"Delivery was fast, arrived in 30 minutes. The fries was hot and perfectly cooked. Thanks!",4,2026-02-02,Burger Barn,Burgers,30,72.82
R02278,"Ordered the falafel for dinner. Arrived earlier than expected. But tried to contact support, waited 40 minutes in chat with no answer.",3,2026-02-24,Cedar Grill,Middle Eastern,45,46.72
R02086,Rainy evening order. The carbonara was okay. Arrived in about 30 minutes.,3,2026-01-24,Pasta Piazza,Italian,30,98.81
R01694,Got the brownie and a drink. Ordering through the app was easy. Will order again!,5,2025-12-01 19:24:00,Sweet Spot Desserts,Desserts,44,31.18
R02798,"delivery was fast, arrived in 32 minutes. the wings was delicious. highly recommend.",5,2026-05-14,Slice Republic,Pizza,32,76.15
R01046,10/10 would order again,4,2025-08-06,Slice Republic,Pizza,35,53.47
R00470,The burrito was delicious. Unfortunately my burrito was missing from the bag.,2,2025-04-06,Taco Fiesta,Mexican,36,28.16
R00955,Second time this happened. Way too expensive for the portion size. Please fix this.,2,2025-07-15,Golden Wok,Chinese,50,42.73
R90003,Food was fine. Delivery was a bit slow but acceptable.,3,2025-07-14,Cedar Grill,Middle Eastern,41,55.33
R02736,"Great flavour, generous portions. Thanks!",5,2026-05-04,Green Bowl,Healthy,30,91.04
R00640,Rainy evening order. The quesadilla was okay. Arrived in about 32 minutes.,3,13 May 2025,Taco Fiesta,Mexican,32,95.09
R02961,It said 25 minutes and it took 82. Please fix this.,2,2026-06-08,TACO FIESTA,Mexican,82,42.86
R01219,"Got the garlic sauce and a drink. Fine for a quick meal, the garlic sauce was average.",3,2025-09-07 14:19:00,Shawarma Corner,Middle Eastern,26,41.27
R01159,Late night order. Arrived earlier than expected. Highly recommend.,5,2025-08-27,Golden Wok,Chinese,33,71.91
R01416,Food was fresh and really tasty. Everything was packed neatly and nothing spilled. Highly recommend.,4,2025-10-09,Taco Fiesta,Mexican,39,30.22
R02890,Amazing!,5,2026-05-28,Sweet Spot Desserts,Desserts,27,-20
R01528,Great food!,5,2025-11-02,Pasta Piazza,Italian,33,52.76
R02044,Ordering through the app was easy. Support sorted out my issue quickly. Highly recommend.,5,2026-01-19,Taco Fiesta,Mexican,25,47.96
R01301,Ordered hummus for two. Good value for money. Highly recommend.,5,2025-09-20,Cedar Grill,Middle Eastern,33,106.41
R03050,"Ordered the naan for dinner. It was alright. Not bad, not great.",3,2026-06-23,Spice Route,Indian,39,61.65
R02849,best sushi platter i've had in a while. support sorted out my issue quickly. thanks!,4,2026-05-22,Sakura Sushi House,Sushi,45,97.11
R01604,Ordering through the app was easy. Best acai bowl I've had in a while. Highly recommend.,4,15 Nov 2025,Green Bowl,Healthy,51,$53.77
R00161,Ordered the hot and sour soup for dinner. Best hot and sour soup I've had in a while. Highly recommend.,5,2025-02-05 19:55:00,Golden Wok,Chinese,27,118.77
R01705,Ordered kebab plate for two. Food was fresh and really tasty. Arrived earlier than expected. Thanks!,5,2025-12-04,Cedar Grill,Middle Eastern,27,127.34
R00957,The driver was friendly and quick. Will order again!,5,2025-07-15,Sakura Sushi House,Sushi,26,114.75
R02870,Ordered butter chicken for two. The butter chicken was hot and perfectly cooked. Highly recommend.,5,2026-05-25,Spice Route,Indian,36,41.13
R03101,Ugh. I got someone else's order instead of mine. Please fix this.,2,2026-06-30,Pasta Piazza,Italian,31,84.45
R00878,First time trying Sweet Spot Desserts. Great deal with the promo. The ice cream was hot and perfectly cooked. Thanks!,5,2025-06-30,Sweet Spot Desserts,Desserts,29,29.34
R01920,Not happy with this order. My order arrived 51 minutes later than the estimate.,2,2025-12-31,Slice Republic,Pizza,87,76.55
R01885,"Ordered chicken plate for two. Delivery was fast, arrived in 25 minutes. Everything was packed neatly and nothing spilled. Will order again!",5,2025-12-26,Shawarma Corner,Middle Eastern,25,
R02201,"Rainy evening order. Fine for a quick meal, the carbonara was average.",3,2026-02-12,Pasta Piazza,Italian,45,104.81
R00099,Rainy evening order. sushi platter was as expected. Delivery took 46 minutes.,4,2025-01-24,Sakura Sushi House,Sushi,46,121.58
R03010,"fine for a quick meal, the garlic sauce was average.",3,2026-06-17,Shawarma Corner,Middle Eastern,28,36.87
R02558,Rainy evening order. Very disappointed. New fees appeared at checkout that weren't shown before. Really frustrating.,1,2026-04-07,Golden Wok,Chinese,38,SAR 62.49
R00254,Second time this happened. Tracking map showed the driver going in circles. Really frustrating.,3,2025-02-23,Shawarma Corner,Middle Eastern,23,40.06
R00104,lunch order from shawarma corner. best fries i've had in a while. but not worth the price anymore.,4,2025-01-25,Shawarma Corner,Middle Eastern,27,80.59
R01446,Lunch order from Slice Republic. My order arrived 55 minutes later than the estimate. Customer support never replied to my complaint. Won't order again.,1,2025-10-17,Slice Republic,Pizza,,53.38
R01444,"Order was okay, nothing special.",3,2025-10-17,Shawarma Corner,Middle Eastern,30,52.81
R01649,Ordered the garlic sauce for dinner. Food was fresh and really tasty. Highly recommend.,4,24 Nov 2025,Shawarma Corner,Middle Eastern,23,SAR 95.63
R00587,"Terrible experience. Half of my order was not in the bag, missing the naan. Please fix this.",1,2025-05-02 19:51:00,Spice Route,Indian,28,83.82
R00628,Lunch order from Morning Brew Café. Support sorted out my issue quickly. Unfortunately support just sent a copy-paste message and closed the ticket.,3,2025-05-11 11:24:00,Morning Brew Café,Breakfast & Coffee,41,41.94
R01697,"Support sorted out my issue quickly. Great flavour, generous portions. Thanks!",5,2025-12-02,Golden Wok,Chinese,33,66.42
R02102,"Ordered pizza for two. Good packaging, food stayed warm. Unfortunately still waiting for my refund after two weeks.",3,2026-01-28,Slice Republic,Pizza,28,70.65
R02200,Ordered to the office today. Average experience. Food was fine and arrived on time.,2,"February 11, 2026",Slice Republic,Pizza,41,73.34
R00404,Ordered the chicken plate for dinner. Everything was packed neatly and nothing spilled. Food was fresh and really tasty.,4,"March 25, 2025",Shawarma Corner,Middle Eastern,28,80.02
R01155,Ordered for the family on the weekend. Great deal with the promo. Thanks!,5,2025-08-27,Taco Fiesta,Mexican,41,86.49
R02256,the pancakes was hot and perfectly cooked. thanks!,4,2026-02-20,Morning Brew Café,Breakfast & Coffee,24,13.09
R02864,"Terrible experience. Tried to contact support, waited 40 minutes in chat with no answer. New fees appeared at checkout that weren't shown before. Really frustrating.",1,2026-05-25,Sakura Sushi House,Sushi,46,225.83
R01683,Amazing!,4,2025-11-29,Golden Wok,Chinese,23,121.0
R02057,ordered the pizza for dinner. the driver was friendly and quick. highly recommend.,5,2026-01-20,Slice Republic,Pizza,34,84.06
R03027,first time trying morning brew café. ugh. didn't enjoy the food at all this time. really frustrating.,2,2026-06-19,Morning Brew Café,Breakfast & Coffee,16,18.09
R00453,Lunch order from Cedar Grill. Ordering through the app was easy. Thanks!,5,2025-04-03 15:15:00,Cedar Grill,Middle Eastern,47,114.11
R02302,First time trying Sakura Sushi House. Everything was packed neatly and nothing spilled. The salmon roll was delicious. Thanks!,5,2026-02-27 23:26:00,Sakura Sushi House,Sushi,42,112.19
R01328,"Ugh. Sauce spilled everywhere, the box was a mess. Won't order again.",3,25 Sep 2025,Shawarma Corner,Middle Eastern,26,52.95
R02050,Best pasta I've had in a while. Thanks!,5,2026-01-20,Slice Republic,Pizza,48,81.61
R00881,"Ugh. Waited over 54 minutes for my food, the ETA kept changing. Food came cold, had to reheat the chicken sandwich myself.",2,2025-07-01,Burger Barn,Burgers,54,53.61
R03066,Second order this week. Food was fresh and really tasty. Highly recommend.,4,2026-06-26,Golden Wok,Chinese,44,
R00624,"Great flavour, generous portions. The only problem: tried to contact support, waited 40 minutes in chat with no answer.",3,2025-05-10,Burger Barn,Burgers,35 min,59.98
R02394,Ugh. Fries were cold and soggy.,1,"March 13, 2026",Slice Republic,Pizza,29,64.78
R02953,Lunch order from Cedar Grill. Everything was packed neatly and nothing spilled. The hummus was delicious. Thanks!,5,2026-06-07,Cedar Grill,Middle Eastern,35,38.58
R01788,"Ordered pizza for two. Delivery was fast, arrived in 65 minutes. Unfortunately the driver showed up almost an hour late.",4,2025-12-12,Slice Republic,Pizza,65,51.1
R00263,"Order was okay, nothing special.",3,2025-02-24,Slice Republic,Pizza,29,74.18
R01635,Ugh. The drinks were missing again.,1,2025-11-21,Spice Route,Indian,39,90.7
R01439,Best ramen I've had in a while.,4,2025-10-15,Sakura Sushi House,Sushi,51,
R02199,Late night order. Food was fresh and really tasty. Highly recommend.,5,"February 11, 2026",Sakura Sushi House,Sushi,25,145.65
R01970,"Not happy with this order. Delivery took 74 minutes, way longer than promised. Please fix this.",2,2026-01-07,Slice Republic,Pizza,74,50.65
R02521,   ,2,2026-04-02,Slice Republic,Pizza,25,71.56
R01803,Ordered butter chicken for two. Food was fresh and really tasty. Thanks!,4,2025-12-15,Spice Route,Indian,46,96.15
R00641,The driver was friendly and quick. Highly recommend.,5,2025-05-13,Morning Brew Café,Breakfast & Coffee,21,40.86
R90015,Food was fresh and really tasty. The driver was friendly and quick.,5,2025-05-14,Cedar Grill,Middle Eastern,23,74.81
R02386,Best hummus I've had in a while. Thanks!,4,2026-03-11,CEDAR GRILL,Middle Eastern,38,61.58
R02599,"Ordered for the family on the weekend. Delivery was fast, arrived in 25 minutes. Will order again!",4,2026-04-13,Cedar Grill,Middle Eastern,25,100.43
R03013,Very disappointed. Not worth the price anymore. Please fix this.,2,2026-06-17,Pasta Piazza,Italian,37,40.31
R01960,"Late night order. Nothing wrong with it, nothing exciting either.",2,2026-01-06,Spice Route,Indian,42,103.8
R00489,"Good packaging, food stayed warm. Highly recommend.",5,2025-04-09,Sweet Spot Desserts,Desserts,23,36.4
R01844,"Quality has gone down, the garlic bread tasted cheap. Please fix this.",3,2025-12-21,Slice Republic,Pizza,30,51.97
R01735,Ordered for the family on the weekend. Good value for money. Thanks!,5,2025-12-07,Shawarma Corner,Middle Eastern,24,60.95
R02912,Late night order. Food was fine. Delivery was a bit slow but acceptable.,2,2026-06-02,Slice Republic,Pizza,26,102.02
R00147,The hummus was okay. Arrived in about 30 minutes.,3,"February 02, 2025",Cedar Grill,Middle Eastern,30,92.16
R01535,"Very disappointed. Waited over 54 minutes for my food, the ETA kept changing. Won't order again.",1,2025-11-03,Taco Fiesta,Mexican,54,43.08
R01987,"late night order. fine for a quick meal, the pizza was average.",3,2026-01-09,Slice Republic,Pizza,66,94.47
R01370,food was fresh and really tasty. highly recommend.,4,2025-10-02,Sweet Spot Desserts,Desserts,35,45.55
R02451,"First time trying Burger Barn. Ugh. Food came cold, had to reheat the milkshake myself. Please fix this.",2,2026-03-22,Burger Barn,Burgers,31,61.04
R00496,"Nothing wrong with it, nothing exciting either.",4,2025-04-11,Cedar Grill,Middle Eastern,40,80.71
R02812,Ordered for the family on the weekend. Best tacos I've had in a while.,5,2026-05-16 18:33:00,Taco Fiesta,Mexican,36,48.15
R00660,Rainy evening order. Everything was packed neatly and nothing spilled. Unfortunately my order arrived 38 minutes later than the estimate.,3,2025-05-16,Shawarma Corner,Middle Eastern,66,85.99
R01795,"Food was marked as delivered to the wrong building, never got it. Expected better.",1,2025-12-14,Shawarma Corner,Middle Eastern,33,$32.02
R02512,Got the gyoza and a drink. Second time this happened. Delivery was really slow again tonight.,2,2026-04-01,Sakura Sushi House,Sushi,65,114.84
R00187,"Rainy evening order. Very disappointed. Honestly the garlic sauce was not good, way too salty.",2,2025-02-10,Shawarma Corner,Middle Eastern,31,47.59
R01148,Arrived earlier than expected. The garlic bread was delicious. Highly recommend.,4,2025-08-25,Slice Republic,Pizza,26,67.33
R00609,Terrible experience. The driver showed up almost an hour late. Please fix this.,2,2025-05-08,Slice Republic,Pizza,71,52.47
R02192,"Great flavour, generous portions. But my order never arrived and nobody could tell me where it was.",2,2026-02-11,Slice Republic,Pizza,38,57.43
R02800,"Rainy evening order. Delivery was fast, arrived in 24 minutes. The wrap was hot and perfectly cooked. Thanks!",5,2026-05-14,Green Bowl,Healthy,24,
R01931,Arrived earlier than expected. But the salad bowl was undercooked in the middle.,2,2026-01-01,Green Bowl,Healthy,29,43.3
R00198,Terrible experience. The container was crushed when it arrived. Expected better.,1,2025-02-13,Burger Barn,Burgers,34,53.14
R02932,First time trying Golden Wok. The driver was friendly and quick. Support sorted out my issue quickly.,4,2026-06-04,Golden Wok,Chinese,31,55.07
R02328,"Great flavour, generous portions.",4,2026-03-02,Shawarma Corner,Middle Eastern,26,25.09
R00294,"Ordered ice cream for two. Good value for money. The only problem: waited over 61 minutes for my food, the ETA kept changing.",3,2025-03-02,Sweet Spot Desserts,Desserts,61,27.54
R00767,Food was fresh and really tasty. Will order again!,2,2025-06-10,Burger Barn,Burgers,23,43.39
R00401,Late night order. Ordering through the app was easy. Arrived earlier than expected.,5,2025-03-24 13:44:00,Cedar Grill,Middle Eastern,37,50.32
R00123,Ordered burrito for two. Terrible experience. No sauces or cutlery even though I asked for them.,1,2025-01-28,Taco Fiesta,Mexican,24,50.94
R00203,The dumplings was delicious. But the app says delivered but I never received anything.,2,2025-02-14,Golden Wok,Chinese,36,66.86
R00836,Not happy with this order. Packaging was flimsy and the ice cream got squashed. My promo code didn't work even though it was valid. Expected better.,3,2025-06-24,Sweet Spot Desserts,Desserts,31,18.07
R02295,The salad bowl was hot and perfectly cooked. Thanks!,4,2026-02-27,Green Bowl,Healthy,33,37.66
R01440,Ordered the cupcakes for dinner. Not happy with this order. Driver refused to come up to the door and left the food downstairs. Expected better.,2,2025-10-15 19:55:00,Sweet Spot Desserts,Desserts,19,25.34
R01734,Very disappointed. I got someone else's order instead of mine. Expected better.,1,2025-12-07,Pasta Piazza,Italian,32,65.31
R01696,Great deal with the promo. Ordering through the app was easy. Highly recommend.,5,2025-12-02,Sakura Sushi House,Sushi,42,168.46
R00680,"Good packaging, food stayed warm. Will order again!",5,2025-05-21,Sweet Spot Desserts,Desserts,28,47.56
R01708,Rainy evening order. Good value for money. Will order again!,4,2025-12-04,Cedar Grill,Middle Eastern,34 min,85.0
R03099,"Ugh. After the update the app is so buggy, couldn't even open the menu. Please fix this.",2,2026-06-30,Slice Republic,Pizza,37,90.84
R01154,Terrible experience. The driver showed up almost an hour late. Expected better.,2,2025-08-27 12:34:00,Green Bowl,Healthy,57,85.69
R01662,"Late night order. Good packaging, food stayed warm. Will order again!",4,2025-11-26,Golden Wok,Chinese,49,40.09
R02433,Arrived earlier than expected. Highly recommend.,4,2026-03-19,Burger Barn,Burgers,41,67.08
R01760,First time trying Slice Republic. Very disappointed. Fries were cold and soggy. Really frustrating.,3,2025-12-09,Slice Republic,Pizza,36,83.52
R00855,Late night order. Food was fine. Delivery was a bit slow but acceptable.,3,2025-06-26,Shawarma Corner,Middle Eastern,24,29.25
R01590,Terrible experience. The driver showed up almost an hour late. Please fix this.,2,"November 12, 2025",Shawarma Corner,Middle Eastern,70,21.31
R02268,Terrible experience. Drink was spilled and soaked the hot and sour soup. Really frustrating.,3,2026-02-22,Golden Wok,Chinese,28,33.97
R00642,Not happy with this order. My order arrived 32 minutes later than the estimate. Really frustrating.,1,2025-05-13,Slice Republic,Pizza,68,78.96
R00002,"Delivery was fast, arrived in 24 minutes.",5,2025-01-01,Shawarma Corner,Middle Eastern,24,40.31
R02161,Ordering through the app was easy. Best pizza I've had in a while. Highly recommend.,5,2026-02-07,Slice Republic,Pizza,29,90.93
R00699,The risotto was delicious. Thanks!,5,2025-05-25,Pasta Piazza,Italian,29,88.32
R01637,Late night order. Way too expensive for the portion size. Really frustrating.,2,2025-11-21,Spice Route,Indian,40,120.39
R01292,Food was fresh and really tasty. Highly recommend.,5,2025-09-19,Slice Republic,Pizza,34,82.0
R03039,"Ugh. After the update the app is so buggy, couldn't even open the menu. Really frustrating.",2,2026-06-21,Golden Wok,Chinese,44,51.43
R02490,food was fine. delivery was a bit slow but acceptable.,2,2026-03-29,Taco Fiesta,Mexican,33,48.22
R01521,Second time this happened. Way too expensive for the portion size. Payment failed but I was still charged. Please fix this.,2,2025-11-01,Burger Barn,Burgers,,114.64
R01854,   ,4,2025-12-22 20:39:00,Cedar Grill,Middle Eastern,28,59.68
R01137,Ordering through the app was easy. Thanks!,5,2025-08-23,Shawarma Corner,Middle Eastern,18,22.97
R03084,"Fine for a quick meal, the garlic sauce was average.",3,2026-06-29,Shawarma Corner,Middle Eastern,28,35.13
R01632,The gyoza was okay. Arrived in about 30 minutes.,4,2025-11-20,Sakura Sushi House,Sushi,30,163.16
R01999,Rainy evening order. Arrived earlier than expected. Will order again!,5,2026-01-11,Cedar Grill,Middle Eastern,19,105.55
R00664,"Second order this week. Great flavour, generous portions.",5,"May 17, 2025",Spice Route,Indian,35,93.8
R00684,Amazing!,5,2025-05-22,Slice Republic,Pizza,36,112.06
R01258,Ordered the hot and sour soup for dinner. The hot and sour soup was hot and perfectly cooked. Thanks!,5,2025-09-13,Golden Wok,Chinese,38,43.02
R00318,Lunch order from Slice Republic. wings was as expected. Delivery took 39 minutes.,3,2025-03-07,Slice Republic,Pizza,39,49.52
R00649,Best burger I've had in a while. Will order again!,5,2025-05-14,Burger Barn,Burgers,32,40.59
R01435,Everything was packed neatly and nothing spilled.,5,2025-10-14,Pasta Piazza,Italian,31,99.95
R01480,"Ugh. Waited over 74 minutes for my food, the ETA kept changing.",2,2025-10-26,Shawarma Corner,Middle Eastern,74,30.14
R00710,Got the tacos and a drink. Everything was packed neatly and nothing spilled. The only problem: the drinks were missing again.,3,2025-05-28,Taco Fiesta,Mexican,50,57.96
R01283,"ordered for the family on the weekend. good packaging, food stayed warm.",5,2025-09-17,Shawarma Corner,Middle Eastern,26,48.83
R01769,Food was fresh and really tasty. Will order again!,5,2025-12-10,Burger Barn,Burgers,34,15.99
R00973,Decent chicken plate but I've had better.,3,2025-07-20,Shawarma Corner,Middle Eastern,24,49.13
R02676,"Ordered the chicken sandwich for dinner. Good packaging, food stayed warm. Delivery was fast, arrived in 24 minutes. Highly recommend.",5,2026-04-24,Burger Barn,Burgers,24,54.79
R02681,"Half of my order was not in the bag, missing the fries. Won't order again.",1,2026-04-25,Shawarma Corner,Middle Eastern,27,40.67
R01307,"Ordered wings for two. The wings was delicious. But after the update the app is so buggy, couldn't even open the menu.",3,2025-09-21 12:22:00,Slice Republic,Pizza,57,75.54
R01401,first time trying burger barn. the driver was friendly and quick.,5,2025-10-06,Burger Barn,Burgers,22,
R01409,"Order was okay, nothing special.",4,2025-10-08,Cedar Grill,Middle Eastern,48,103.12
R02238,Ordered for the family on the weekend. Fries were cold and soggy. Please fix this.,2,2026-02-17,Slice Republic,Pizza,25,44.21
R01497,not happy with this order. the driver showed up almost an hour late. courier called me five times and then got angry. won't order again.,2,2025-10-28,Burger Barn,Burgers,85,79.55
R02039,   ,5,2026-01-18,Shawarma Corner,Middle Eastern,26,21.24
R01530,Late night order. The croissant was hot and perfectly cooked. Unfortunately the drinks were missing again.,4,2025-11-02 18:14:00,Morning Brew Café,Breakfast & Coffee,25 min,59.99
R01664,First time trying Spice Route. The drinks were missing again. Really frustrating.,2,2025-11-26,Spice Route,Indian,56,78.15
R01355,"Ordered to the office today. Sauce spilled everywhere, the box was a mess. Delivery took 59 minutes, way longer than promised.",2,2025-09-29,SLICE REPUBLIC,Pizza,59,55.37
R00323,The wrap was hot and perfectly cooked. Will order again!,2,2025-03-09,Green Bowl,Healthy,41,79.72
R02642,Late night order. Very disappointed. Paid more in fees than the food itself. The chicken plate was bland and tasted nothing like before. Expected better.,1,2026-04-19,Shawarma Corner,Middle Eastern,21,52.31
R01644,The drinks were missing again. Expected better.,1,2025-11-23 11:08:00,Burger Barn,Burgers,29,$94.80
R01052,Terrible experience. The breakfast sandwich was undercooked in the middle. Won't order again.,1,2025-08-07,Morning Brew Café,Breakfast & Coffee,25,21.34
R00796,Got the pizza and a drink. Ugh. Order status never updated after it was picked up. Won't order again.,3,2025-06-16,Slice Republic,Pizza,29,44.76
R02694,"Ordered to the office today. Good packaging, food stayed warm.",5,2026-04-28,Taco Fiesta,Mexican,24,51.0
R01598,"Great flavour, generous portions. Highly recommend.",5,2025-11-14 16:53:00,cedar grill,Middle Eastern,28,89.23
R02605,"Terrible experience. Half of my order was not in the bag, missing the noodles. My order arrived 47 minutes later than the estimate.",2,2026-04-14,Golden Wok,Chinese,84,78.95
R02730,"The wings was hot and perfectly cooked. The only problem: waited over 96 minutes for my food, the ETA kept changing.",2,2026-05-03,Slice Republic,Pizza,96,89.51
R02626,Ordered the acai bowl for dinner. The acai bowl was delicious. Great deal with the promo. Will order again!,5,2026-04-16,Green Bowl,Healthy,24,66.74
R01820,Terrible experience. The app says delivered but I never received anything.,1,2025-12-17,Golden Wok,Chinese,32,45.28
R01723,The hot and sour soup was hot and perfectly cooked. Great deal with the promo.,5,06 Dec 2025,Golden Wok,Chinese,39,136.0
R01184,Lunch order from Taco Fiesta. Great deal with the promo. Thanks!,5,"September 01, 2025",Taco Fiesta,Mexican,40,35.77
R02573,"Support sorted out my issue quickly. Unfortunately delivery took 74 minutes, way longer than promised.",3,2026-04-09,Burger Barn,Burgers,74,74.96
R01060,Rainy evening order. Best garlic bread I've had in a while. Highly recommend.,5,2025-08-08,Slice Republic,Pizza,41,78.04
R00541,Great deal with the promo. Tracking was accurate the whole way. Thanks!,5,19 Apr 2025,Sakura Sushi House,Sushi,47,60.95
R01679,Good value for money. But the service fee is ridiculous now.,4,2025-11-29,Sakura Sushi House,Sushi,26,319.39
R02797,"Rainy evening order. Second time this happened. Waited over 69 minutes for my food, the ETA kept changing. Packaging was flimsy and the chicken sandwich got squashed. Please fix this.",2,2026-05-14,Burger Barn,Burgers,69,52.28
R02622,Got the brownie and a drink. The brownie was hot and perfectly cooked. Thanks!,5,2026-04-16,Sweet Spot Desserts,Desserts,26,39.84
R02533,"Good packaging, food stayed warm. Will order again!",5,2026-04-04 12:02:00,Spice Route,Indian,42 min,64.98
R01758,"Late night order. Fine for a quick meal, the mixed grill was average.",4,2025-12-09 16:20:00,Cedar Grill,Middle Eastern,37,70.08
R01924,"Not happy with this order. Delivery took 45 minutes, way longer than promised.",2,2025-12-31,Burger Barn,Burgers,45,52.59
R00096,"Ordered the nachos for dinner. Mixed feelings, the nachos was good but the sides were meh.",4,23 Jan 2025,Taco Fiesta,Mexican,31,51.82
R01021,10/10 would order again,5,2025-07-29,Sakura Sushi House,Sushi,30,167.31
R00564,First time trying Slice Republic. Not happy with this order. Drink was spilled and soaked the wings. Expected better.,2,2025-04-26,Slice Republic,Pizza,33,
R02791,The lasagna was hot and perfectly cooked. Highly recommend.,5,2026-05-13,Pasta Piazza,Italian,34,76.64
R00864,Everything was packed neatly and nothing spilled. Best garlic sauce I've had in a while. Will order again!,5,2025-06-28,Shawarma Corner,Middle Eastern,29,42.86
R01485,Ordered to the office today. Not happy with this order. No sauces or cutlery even though I asked for them. Expected better.,2,2025-10-27 13:44:00,Cedar Grill,Middle Eastern,26,68.01
R02940,"Not happy with this order. Delivery took 57 minutes, way longer than promised. Won't order again.",2,2026-06-05,Sakura Sushi House,Sushi,57,138.48
R01882,Rainy evening order. Tracking was accurate the whole way. Will order again!,1,2025-12-26,Cedar Grill,Middle Eastern,41,59.92
R01039,Very disappointed. It said 25 minutes and it took 72. Really frustrating.,3,2025-08-03,Burger Barn,Burgers,72,36.75
R00207,10/10 would order again,5,2025-02-15,Taco Fiesta,Mexican,29,98.75
R00393,best fried rice i've had in a while. unfortunately they sent a completely different fried rice.,three,22 Mar 2025,Golden Wok,Chinese,44,108.99
R02843,Terrible experience. Support just sent a copy-paste message and closed the ticket. No sauces or cutlery even though I asked for them. Won't order again.,1,2026-05-21,Pasta Piazza,Italian,33,48.92
R00871,The smoothie was hot and perfectly cooked. Highly recommend.,5,29 Jun 2025,Green Bowl,Healthy,34,54.87
R00398,"Not happy with this order. Quality has gone down, the biryani tasted cheap. Really frustrating.",3,2025-03-23 23:15:00,Spice Route,Indian,42,58.28
R02815,The lasagna was hot and perfectly cooked. Highly recommend.,4,2026-05-17,Pasta Piazza,Italian,44,193.12
R03073,Tracking was accurate the whole way.,5,2026-06-27,Burger Barn,Burgers,38,65.93
R01029,Everything was packed neatly and nothing spilled. Highly recommend.,5,2025-07-31,Taco Fiesta,Mexican,39,37.87
R02691,Very disappointed. It said 25 minutes and it took 90. Expected better.,2,2026-04-27 17:42:00,Taco Fiesta,Mexican,90,44.84
R01486,Lunch order from Morning Brew Café. Great deal with the promo. Will order again!,5,2025-10-27 14:34:00,Morning Brew Café,Breakfast & Coffee,29,26.98
R02661,,3,2026-04-22,Shawarma Corner,Middle Eastern,30,37.4
R00961,"Got the wings and a drink. Great flavour, generous portions. Delivery was fast, arrived in 34 minutes. Will order again!",4,17 Jul 2025,Slice Republic,Pizza,-5,53.43
R01571,The driver was friendly and quick. Great deal with the promo. Thanks!,4,2025-11-08,Taco Fiesta,Mexican,22,55.07
R02774,"Ordered to the office today. Fine for a quick meal, the fried rice was average.",3,2026-05-11,Golden Wok,Chinese,42,102.43
R01896,Ugh. Everything was lukewarm at best. Really frustrating.,3,2025-12-27,Burger Barn,Burgers,47,57.97
R02732,"Great flavour, generous portions. Thanks!",4,2026-05-03,Shawarma Corner,Middle Eastern,23,30.34
R02147,Second time this happened. Everything was thrown in one bag with no separation. Expected better.,3,2026-02-05,Burger Barn,Burgers,24,98.47
R00805,"Got the pizza and a drink. Nothing wrong with it, nothing exciting either.",3,"June 18, 2025",Slice Republic,Pizza,37,85.13
R01752,"Good value for money. But waited over 81 minutes for my food, the ETA kept changing.",2,"December 08, 2025",Shawarma Corner,Middle Eastern,81,86.83
R02455,Arrived earlier than expected. Highly recommend.,5,2026-03-22,Taco Fiesta,Mexican,33,36.26
R00503,"Ordered for the family on the weekend. Ugh. Prices went up again, 241 for a small meal is too much. My promo code didn't work even though it was valid. Please fix this.",3,2025-04-14,Sakura Sushi House,Sushi,51,241.05
R02978,"Not happy with this order. Waited over 83 minutes for my food, the ETA kept changing. Expected better.",3,2026-06-12,Spice Route,Indian,83 min,55.32
R00780,Very disappointed. The discount wasn't applied and support couldn't fix it. Really frustrating.,2,2025-06-12,Cedar Grill,Middle Eastern,41,48.5
R01864,"Great flavour, generous portions. Ordering through the app was easy. Will order again!",4,2025-12-23,Cedar Grill,Middle Eastern,35,91.78
R00201,Ordered the biryani for dinner. Ordering through the app was easy. Thanks!,4,2025-02-14,Spice Route,Indian,40,110.79
R02183,"Ordered to the office today. Delivery took 59 minutes, way longer than promised. Please fix this.",2,2026-02-10 13:16:00,Pasta Piazza,Italian,59,43.62
R02089,The naan was delicious. Highly recommend.,4,2026-01-25,Spice Route,Indian,72,92.26
R03066,Second order this week. Food was fresh and really tasty. Highly recommend.,4,2026-06-26,Golden Wok,Chinese,44,
R02279,Very disappointed. Delivery was really slow again tonight.,3,2026-02-24,Burger Barn,Burgers,63,85.51
R01797,Tracking map showed the driver going in circles. Really frustrating.,2,2025-12-14,  Taco Fiesta ,Mexican,32,38.97
R00379,arrived earlier than expected. thanks!,4,2025-03-19,  Spice Route ,Indian,47,SAR 55.79
R02337,Terrible experience. It said 25 minutes and it took 84. Won't order again.,2,2026-03-04,Green Bowl,Healthy,84,SAR 54.68
R00419,Not happy with this order. The courier was rude when he handed over the bag. Expected better.,2,2025-03-27,Golden Wok,Chinese,33,51.13
R01699,Ordered to the office today. milkshake was as expected. Delivery took 39 minutes.,3,2025-12-02,Burger Barn,Burgers,39,28.21
R00392,"Ordered chicken sandwich for two. Very disappointed. Delivery took 65 minutes, way longer than promised. Please fix this.",2,2025-03-22,Burger Barn,Burgers,65,$39.47
R02641,Love it,4,2026-04-18,Pasta Piazza,Italian,25,65.43
R01523,Very disappointed. Drink was spilled and soaked the noodles. Expected better.,2,2025-11-01,Golden Wok,Chinese,36,56.12
R01163,"Got the wrap and a drink. Great flavour, generous portions. Highly recommend.",5,2025-08-28,Green Bowl,Healthy,30,59.69
R01496,Second order this week. Arrived earlier than expected. Will order again!,4,2025-10-28,Slice Republic,Pizza,32,37.96
R02696,Ordered the falafel for dinner. Not happy with this order. Fries were cold and soggy. Won't order again.,2,2026-04-28,Cedar Grill,Middle Eastern,30,55.21
R02028,"Ordered the naan for dinner. Great flavour, generous portions. The only problem: fries were cold and soggy.",3,2026-01-17,Spice Route,Indian,39,96.99
R01153,terrible experience. delivery was really slow again tonight.,2,"August 26, 2025",Burger Barn,Burgers,90,43.93
R01368,The driver was friendly and quick. Will order again!,5,2025-10-01,Shawarma Corner,Middle Eastern,33,33.78
R02569,"Late night order. Second time this happened. Everything was lukewarm at best. Delivery took 75 minutes, way longer than promised. Please fix this.",2,2026-04-08,Sakura Sushi House,Sushi,75,101.46
R00065,Very disappointed. It said 25 minutes and it took 92. Won't order again.,3,2025-01-16,Slice Republic,Pizza,92,80.12
R02063,Second time this happened. The courier was rude when he handed over the bag. Won't order again.,3,2026-01-21,Cedar Grill,Middle Eastern,39,82.7
R01181,"Delivery was fast, arrived in 33 minutes. Thanks!",4,"August 31, 2025",Burger Barn,Burgers,33,36.76
R00493,Average experience. Food was fine and arrived on time.,3,2025-04-10,Taco Fiesta,Mexican,45,55.54
R00380,"Best mixed grill I've had in a while. However, my mixed grill was missing from the bag.",3,2025-03-19,Cedar Grill,Middle Eastern,42,38.76
R02236,Perfect as always,5,2026-02-16,Burger Barn,Burgers,43,45.77
R00764,"Great deal with the promo. The only problem: waited over 60 minutes for my food, the ETA kept changing.",4,"June 09, 2025",Shawarma Corner,Middle Eastern,60,85.15
R02265,amazing!,4,2026-02-21,Slice Republic,Pizza,40,48.61
R00792,"Very disappointed. Received the wrong chicken plate, not what I ordered. Won't order again.",3,2025-06-15,Shawarma Corner,Middle Eastern,24,22.53
R01077,The chicken sandwich was delicious.,5,2025-08-11,Burger Barn,Burgers,30,42.18
R00879,"Second order this week. Delivery was fast, arrived in 24 minutes. Support sorted out my issue quickly.",5,2025-07-01,Slice Republic,Pizza,24,48.44
R00338,"Good value for money. But food came cold, had to reheat the ice cream myself.",4,2025-03-11,Sweet Spot Desserts,Desserts,33,26.1
R02768,Got the croissant and a drink. The croissant was delicious. Thanks!,5,2026-05-10,Morning Brew Café,Breakfast & Coffee,31,29.99
R02344,Very disappointed. The app keeps crashing at checkout. Expected better.,2,2026-03-04,Sweet Spot Desserts,Desserts,27,37.8
R01017,N/A,4,2025-07-29 18:59:00,SAKURA SUSHI HOUSE,Sushi,38,107.7
R01276,"Food was fresh and really tasty. Delivery was fast, arrived in 27 minutes. Highly recommend.",5/5,2025-09-16 17:06:00,Burger Barn,Burgers,27,46.19
R00456,"Very disappointed. Quality has gone down, the burger tasted cheap. Food was marked as delivered to the wrong building, never got it. Won't order again.",2,2025-04-04,Burger Barn,Burgers,25,69.37
R00816,"Mixed feelings, the wings was good but the sides were meh.",4.0,2025-06-20,Slice Republic,Pizza,31,115.57
R02318,Best chicken plate I've had in a while. Will order again!,5,2026-03-01 23:33:00,Shawarma Corner,Middle Eastern,31,31.13
R00996,"second order this week. delivery was fast, arrived in 30 minutes. however, not worth the price anymore.",4,24 Jul 2025,Shawarma Corner,Middle Eastern,30,118.82
R01982,"Quality has gone down, the wings tasted cheap. Really frustrating.",3,2026-01-09,Slice Republic,Pizza,26,46.43
R00202,"Got the cupcakes and a drink. Standard order, no complaints but nothing memorable.",3,2025-02-14,Sweet Spot Desserts,Desserts,49,31.84
R00162,Second order this week. Ordering through the app was easy. Highly recommend.,5,05 Feb 2025,Golden Wok,Chinese,26,62.58
R01580,"Food was fresh and really tasty. Delivery was fast, arrived in 19 minutes.",5,2025-11-11,Shawarma Corner,Middle Eastern,19,48.91
R02778,Everything was packed neatly and nothing spilled. Will order again!,5,2026-05-11,Pasta Piazza,Italian,35 min,37.87
R02450,"the fried rice was hot and perfectly cooked. however, delivery took 100 minutes, way longer than promised.",3,2026-03-22,Golden Wok,Chinese,100 min,52.31
R00703,"Good packaging, food stayed warm. Will order again!",5,2025-05-25,Slice Republic,Pizza,50,113.46
R01501,Tracking was accurate the whole way. Highly recommend.,3,2025-10-30,Spice Route,Indian,36,50.08
R01130,The driver was friendly and quick. But they sent a completely different butter chicken.,4,2031-01-15,Spice Route,Indian,39,85.99
R02614,"  Rainy evening order.<br>  Second time this happened.<br>  Waited over 72 minutes for my food, the ETA kept changing.  ",3,2026-04-15,Slice Republic,Pizza,72 min,58.86
R01022,"Delivery was fast, arrived in 23 minutes. Best garlic sauce I've had in a while.",4,2025-07-30,Shawarma Corner,Middle Eastern,23,58.32
R03074,"Second time this happened. Delivery took 75 minutes, way longer than promised. Fries were cold and soggy. Please fix this.",1,"June 27, 2026",Burger Barn,Burgers,75,49.89
R01586,Tracking was accurate the whole way.,5,"November 12, 2025",Morning Brew Café,Breakfast & Coffee,26,28.92
R01956,First time trying Spice Route. Paid more in fees than the food itself. Fries were cold and soggy. Really frustrating.,1,"January 06, 2026",Spice Route,Indian,48,138.11
R02254,"Order was okay, nothing special.",3,2026-02-19,Shawarma Corner,Middle Eastern,22,SAR 42.33
R00035,"Ugh. Quality has gone down, the salmon roll tasted cheap. Packaging was flimsy and the salmon roll got squashed.",1,2025-01-09,Sakura Sushi House,Sushi,25,77.04
R00776,"Standard order, no complaints but nothing memorable.",3,2025-06-12,Burger Barn,Burgers,37,31.37
R02557,Decent garlic bread but I've had better.,4,2026-04-07,Slice Republic,Pizza,27,36.15
R01479,Love it,5,2025-10-25,Sakura Sushi House,Sushi,33,104.69
R03004,Rainy evening order. Tracking was accurate the whole way. Will order again!,4,2026-06-16,Shawarma Corner,Middle Eastern,49,40.51
R01391,Got the shawarma wrap and a drink. Food was fresh and really tasty. Thanks!,4,2025-10-05,Shawarma Corner,Middle Eastern,32,27.53
R02140,I got someone else's order instead of mine. Won't order again.,2,2026-02-03,Spice Route,Indian,38,86.94
R01364,Rainy evening order. Not happy with this order. Drink was spilled and soaked the hot and sour soup. Please fix this.,3,2025-10-01,Golden Wok,Chinese,41,66.7
R02946,First time trying Pasta Piazza. Best lasagna I've had in a while. The driver was friendly and quick. Will order again!,5,06 Jun 2026,Pasta Piazza,Italian,31,93.69
R02613,Got the chicken sandwich and a drink. Not happy with this order. It said 25 minutes and it took 64. Please fix this.,3,2026-04-15,Burger Barn,Burgers,,36.09
R02825,the chicken plate was delicious.,abc,"May 18, 2026",Shawarma Corner,Middle Eastern,39,43.9
R02042,Lunch order from Sweet Spot Desserts. The driver was friendly and quick. Thanks!,4,2026-01-18 17:19:00,Sweet Spot Desserts,Desserts,20,19.86
R00242,Very disappointed. Tracking map showed the driver going in circles. Won't order again.,3,21 Feb 2025,Cedar Grill,Middle Eastern,37,66.25
R02062,ordering through the app was easy. thanks!,2,2026-01-21,Sweet Spot Desserts,Desserts,37,35.4
R02364,"  ordered to the office today.<br>  best kebab plate i've had in a while.<br>  however, everything was lukewarm at best.  ",4,2026-03-07,Cedar Grill,Middle Eastern,36,88.72
R00601,"Fine for a quick meal, the chicken sandwich was average.",4,2025-05-05,Burger Barn,Burgers,40,41.96
R02436,Second time this happened. The cheesecake was bland and tasted nothing like before. Really frustrating.,1,2026-03-20 12:39:00,Sweet Spot Desserts,Desserts,25,68.22
R01298,"It was alright. Not bad, not great.",2,2025-09-20,Slice Republic,Pizza,25,79.84
R02215,"Arrived earlier than expected. Great flavour, generous portions. Highly recommend.",6,2026-02-13,Sakura Sushi House,Sushi,31,150.13
R02889,"  Rainy evening order.<br>  Ugh.<br>  Waited over 79 minutes for my food, the ETA kept changing.<br>  They sent a completely different cheesecake.<br>  Won't order again.  ",3,not available,Sweet Spot Desserts,Desserts,79,45.55
R02069,Late night order. Arrived earlier than expected. Best sushi platter I've had in a while.,4,2026-01-22,Sakura Sushi House,Sushi,31,174.58
R00647,The wrap was delicious. Highly recommend.,4,2025-05-14,Green Bowl,Healthy,30,86.22
R01529,Rainy evening order. Good value for money. Unfortunately the app logged me out in the middle of ordering.,3,2025-11-02,Taco Fiesta,Mexican,35,19.11
R02880,"Second order this week. Very disappointed. Delivery took 58 minutes, way longer than promised. New fees appeared at checkout that weren't shown before. Expected better.",2,2026-05-27,Burger Barn,Burgers,58,42.67
R01268,Best gyoza I've had in a while. Will order again!,4,2025-09-15,Sakura Sushi House,Sushi,41,134.58
R01900,Rainy evening order. The garlic bread was hot and perfectly cooked. Tracking was accurate the whole way. Highly recommend.,4,2025-12-28,Slice Republic,Pizza,39,71.4
R00563,"Good packaging, food stayed warm. Highly recommend.",5,2025-04-26,Slice Republic,Pizza,36,28.1
R01468,My risotto was missing from the bag. Support just sent a copy-paste message and closed the ticket. Really frustrating.,2,2025-10-23,Pasta Piazza,Italian,28,52.59
R02735,"Great flavour, generous portions. Delivery was fast, arrived in 33 minutes. Will order again!",4,"May 04, 2026",Sakura Sushi House,Sushi,33 min,165.67
R03006,N/A,2,2026-06-17,Taco Fiesta,Mexican,35,49.06
R00190,First time trying Cedar Grill. The driver was friendly and quick. Best hummus I've had in a while. Will order again!,5,2025-02-10,Cedar Grill,Middle Eastern,41,98.15
R01807,Lunch order from Sweet Spot Desserts. Support sorted out my issue quickly.,5,2025-12-16,Sweet Spot Desserts,Desserts,35,25.98
R00976,"Second order this week. Refund was only a voucher, not my money back. Really frustrating.",1,2025-07-20,Cedar Grill,Middle Eastern,23,112.68
R02748,Ordered for the family on the weekend. The driver was friendly and quick. The only problem: new fees appeared at checkout that weren't shown before.,4,2026-05-06,Cedar Grill,Middle Eastern,22,68.66
R02048,  Second order this week.<br>  Best garlic bread I've had in a while.<br>  Unfortunately everything was lukewarm at best.  ,3,2026-01-20,Slice Republic,Pizza,18,62.85
R02559,Ordered to the office today. Best pasta I've had in a while. Thanks!,5,2026-04-07,Slice Republic,Pizza,26,105.94
R01083,"Ordered risotto for two. Delivery was fast, arrived in 35 minutes. Highly recommend.",4,2025-08-13,Pasta Piazza,Italian,35,
R00475,"My ramen was missing from the bag. Food came cold, had to reheat the ramen myself. Won't order again.",2,2025-04-07,Sakura Sushi House,Sushi,46,68.78
R02905,"Very disappointed. Tried to contact support, waited 40 minutes in chat with no answer. Won't order again.",2,2026-06-01,Slice Republic,Pizza,35,103.15
R00748,Best dumplings I've had in a while.,4,2025-06-06,Golden Wok,Chinese,46,101.44
R02301,Late night order. Terrible experience. Everything was thrown in one bag with no separation. Really frustrating.,3,2026-02-27,Shawarma Corner,Middle Eastern,30,38.25
R00022,"First time trying Sweet Spot Desserts. Nothing wrong with it, nothing exciting either.",3,"January 05, 2025",Sweet Spot Desserts,Desserts,31,33.96
R00460,   ,5,2025-04-05,  Sweet Spot Desserts ,Desserts,34,42.38
R01185,Second order this week. It said 25 minutes and it took 63. Please fix this.,1,2025-09-01,Burger Barn,Burgers,63,66.16
R02325,"Good packaging, food stayed warm. Highly recommend.",4,2026-03-02,Pasta Piazza,Italian,37,49.77
R00956,Terrible experience. Drink was spilled and soaked the dumplings. Please fix this.,1,"July 15, 2025",Golden Wok,Chinese,49,59.67
R01216,"Nothing wrong with it, nothing exciting either.",3,2025-09-07,Cedar Grill,Middle Eastern,28,106.74
R02434,Got the noodles and a drink. Arrived earlier than expected. Will order again!,5,2026-03-19,Golden Wok,Chinese,25,46.71
R02854,The driver was friendly and quick. Thanks!,4,2026-05-23,Shawarma Corner,Middle Eastern,20,61.82
R01516,The driver was friendly and quick. But the fries was cold when it arrived.,2,2025-11-01,Shawarma Corner,Middle Eastern,21,30.08
R02392,"Great flavour, generous portions. Highly recommend.",5,2026-03-12,BURGER BARN,Burgers,41,108.0
R00770,Ordered risotto for two. The app keeps crashing at checkout. Please fix this.,3,2025-06-11,Pasta Piazza,Italian,26,47.79
R01686,Terrible experience. Not worth the price anymore. Please fix this.,3,2025-11-30 14:41:00,Pasta Piazza,Italian,38,107.58
R00131,"Food was fresh and really tasty. However, my promo code didn't work even though it was valid.",4,30 Jan 2025,Slice Republic,Pizza,67,57.01
R02920,"Lunch order from Slice Republic. Great flavour, generous portions. Will order again!",4,2026-06-03,Slice Republic,Pizza,,43.04
R90008,Rainy evening order. Tracking was accurate the whole way. Will order again!,4,2025-03-09,Pasta Piazza,Italian,47,88.64
R02136,"Ordered the ice cream for dinner. Terrible experience. Received the wrong ice cream, not what I ordered. Half of my order was not in the bag, missing the ice cream. Expected better.",1,2026-02-03,Sweet Spot Desserts,Desserts,29,42.3
R01483,"Not happy with this order. After the update the app is so buggy, couldn't even open the menu. Everything was lukewarm at best. Please fix this.",3,2025-10-26,Shawarma Corner,Middle Eastern,28,52.23
R00331,Terrible experience. No sauces or cutlery even though I asked for them. The container was crushed when it arrived. Really frustrating.,2,2025-03-10,Morning Brew Café,Breakfast & Coffee,26,$30.54
R01239,Terrible experience. Customer support never replied to my complaint.,2,2025-09-09,Slice Republic,Pizza,35,102.58
R00467,"Ordered for the family on the weekend. Terrible experience. Delivery took 86 minutes, way longer than promised. Really frustrating.",1,2025-04-05,Burger Barn,Burgers,86,97.74
R02170,"Delivery was fast, arrived in 20 minutes. Good packaging, food stayed warm. Will order again!",5,2026-02-08,Pasta Piazza,Italian,20,66.15
R01639,The kebab plate was delicious.,5,2025-11-21,Cedar Grill,Middle Eastern,32,125.34
R03093,"Delivery was fast, arrived in 25 minutes. But way too expensive for the portion size.",4,2026-06-30,Slice Republic,Pizza,25,97.18
R01096,"Waited over 100 minutes for my food, the ETA kept changing.",2,2025-08-15,Burger Barn,Burgers,100,48.26
R01131,Ugh. Payment failed but I was still charged. Won't order again.,2,2025-08-22,Morning Brew Café,Breakfast & Coffee,26,34.86
R01295,pasta was as expected. delivery took 23 minutes.,3,2025-09-20,Slice Republic,Pizza,23,75.27
R00861,Second order this week. Very disappointed. Delivery was really slow again tonight. Really frustrating.,2,2025-06-27,Golden Wok,Chinese,73,74.72
R90011,Second time this happened. The driver showed up almost an hour late. My wings was missing from the bag. Won't order again.,2,2025-09-30,Slice Republic,Pizza,86,108.91
