review_id,review_type,true_sentiment,true_topic,true_issue,true_aspects
R00001,positive,Positive,Food Quality,,Food Quality:positive:
R00002,positive,Positive,Delivery,,Delivery:positive:
R00003,positive,Positive,Food Quality,,Food Quality:positive:
R00004,positive,Positive,App,,App:positive:|Food Quality:positive:
R00005,positive,Positive,Food Quality,,Food Quality:positive:
R00006,negative,Negative,Pricing,Too expensive,Pricing:negative:Too expensive
R00007,positive,Positive,App,,App:positive:|Delivery:positive:
R00008,positive,Positive,Food Quality,,Food Quality:positive:
R00009,positive,Positive,App,,App:positive:|Pricing:positive:
R00010,positive,Positive,Delivery,,Delivery:positive:
R00011,negative,Negative,Customer Service,Refund problems,Customer Service:negative:Refund problems|Food Quality:negative:Poor taste
R00012,positive,Positive,Pricing,,Pricing:positive:|Packaging:positive:
R00013,positive,Positive,Food Quality,,Food Quality:positive:
R00014,positive,Positive,Delivery,,Delivery:positive:
R00015,positive,Positive,Pricing,,Pricing:positive:|App:positive:
R00016,positive,Positive,Food Quality,,Food Quality:positive:
R00017,positive,Positive,Food Quality,,Food Quality:positive:|Delivery:positive:
R00018,mixed,Positive,App,App crashes or bugs,App:negative:App crashes or bugs|Pricing:positive:
R00019,mixed,Neutral,Order Accuracy,Wrong items,Order Accuracy:negative:Wrong items|App:positive:
R00020,negative,Negative,Delivery,Late delivery,Delivery:negative:Late delivery
R00021,positive,Positive,App,,App:positive:|Delivery:positive:
R00022,neutral,Neutral,Other,,
R00023,neutral,Neutral,Other,,
R00024,mixed,Neutral,Food Quality,Cold food,Food Quality:negative:Cold food|Packaging:positive:
R00025,positive,Positive,Food Quality,,Food Quality:positive:
R00026,negative,Negative,Food Quality,Cold food,Food Quality:negative:Cold food
R00027,mixed,Neutral,Delivery,Courier behaviour,Delivery:negative:Courier behaviour|Pricing:positive:
R00028,negative,Negative,Order Accuracy,Missing items,Order Accuracy:negative:Missing items
R00029,positive,Positive,Pricing,,Pricing:positive:
R00030,mixed,Neutral,Order Accuracy,Wrong items,Order Accuracy:negative:Wrong items|App:positive:
R00031,negative,Negative,Delivery,Late delivery,Delivery:negative:Late delivery
R00032,mixed,Neutral,Delivery,Courier behaviour,Delivery:negative:Courier behaviour|Food Quality:positive:
R00033,positive,Positive,Pricing,,Pricing:positive:
R00034,negative,Negative,Delivery,Late delivery,Delivery:negative:Late delivery|Delivery:negative:Courier behaviour
R00035,negative,Negative,Food Quality,Poor taste,Food Quality:negative:Poor taste|Packaging:negative:Poor packaging
R00036,mixed,Neutral,Packaging,Spilled or leaking,Packaging:negative:Spilled or leaking|Food Quality:positive:
R00037,negative,Negative,App,App crashes or bugs,App:negative:App crashes or bugs|Delivery:negative:Late delivery
R00038,negative,Negative,Delivery,Late delivery,Delivery:negative:Late delivery
R00039,positive,Positive,Food Quality,,Food Quality:positive:
R00040,positive,Positive,Food Quality,,Food Quality:positive:|Delivery:positive:
R00041,positive,Positive,Packaging,,Packaging:positive:
R00042,positive,Positive,Food Quality,,Food Quality:positive:|Delivery:positive:
R00043,positive,Positive,Pricing,,Pricing:positive:
R00044,positive,Positive,Food Quality,,Food Quality:positive:
R00045,positive,Positive,Food Quality,,Food Quality:positive:|App:positive:
R00046,positive,Positive,Food Quality,,Food Quality:positive:
R00047,positive,Positive,Food Quality,,Food Quality:positive:
R00048,negative,Negative,Delivery,Courier behaviour,Delivery:negative:Courier behaviour|Food Quality:negative:Poor taste
R00049,positive,Positive,Packaging,,Packaging:positive:|Food Quality:positive:
R00050,positive,Positive,Food Quality,,Food Quality:positive:
R00051,negative,Negative,Food Quality,Poor taste,Food Quality:negative:Poor taste
R00052,mixed,Neutral,Delivery,Courier behaviour,Delivery:negative:Courier behaviour|Food Quality:positive:
R00053,neutral,Neutral,Other,,
R00054,mixed,Negative,Pricing,Hidden or high fees,Pricing:negative:Hidden or high fees|Packaging:positive:
R00055,positive,Positive,Food Quality,,Food Quality:positive:|Packaging:positive:
R00056,positive,Positive,Delivery,,Delivery:positive:
R00057,negative,Negative,Delivery,Late delivery,Delivery:negative:Late delivery
R00058,neutral,Neutral,Other,,
R00059,positive,Positive,Food Quality,,Food Quality:positive:
R00060,neutral,Neutral,Other,,
R00061,negative,Negative,App,Inaccurate tracking,App:negative:Inaccurate tracking
R00062,positive,Positive,Packaging,,Packaging:positive:|Food Quality:positive:
R00063,positive,Positive,Food Quality,,Food Quality:positive:
R00064,positive,Positive,Food Quality,,Food Quality:positive:
R00065,negative,Negative,Delivery,Late delivery,Delivery:negative:Late delivery
R00066,positive,Positive,Pricing,,Pricing:positive:|App:positive:
R00067,positive,Positive,Pricing,,Pricing:positive:
R00068,negative,Negative,Pricing,Too expensive,Pricing:negative:Too expensive
R00069,positive,Positive,Delivery,,Delivery:positive:
R00070,neutral,Neutral,Other,,
R00071,mixed,Neutral,Order Accuracy,Missing items,Order Accuracy:negative:Missing items|Pricing:positive:
R00072,positive,Positive,Food Quality,,Food Quality:positive:
R00073,neutral,Neutral,Other,,
R00074,negative,Negative,Delivery,Late delivery,Delivery:negative:Late delivery
R00075,neutral,Neutral,Other,,
R00076,positive,Positive,Delivery,,Delivery:positive:|App:positive:
R00077,mixed,Negative,Delivery,Late delivery,Delivery:negative:Late delivery|Food Quality:positive:
R00078,negative,Negative,Delivery,Late delivery,Delivery:negative:Late delivery
R00079,mixed,Positive,App,Payment failure,App:negative:Payment failure|Delivery:positive:
R00080,neutral,Neutral,Other,,
R00081,negative,Negative,Delivery,Courier behaviour,Delivery:negative:Courier behaviour|App:negative:Payment failure
R00082,negative,Negative,Order Accuracy,Missing items,Order Accuracy:negative:Missing items
R00083,positive,Positive,Food Quality,,Food Quality:positive:
R00084,positive,Positive,Pricing,,Pricing:positive:
R00085,positive,Positive,Food Quality,,Food Quality:positive:|Delivery:positive:
R00086,negative,Negative,Delivery,Courier behaviour,Delivery:negative:Courier behaviour
R00087,neutral,Neutral,Other,,
R00088,mixed,Neutral,Packaging,Spilled or leaking,Packaging:negative:Spilled or leaking|App:positive:
R00089,positive,Positive,App,,App:positive:|Delivery:positive:
R00090,negative,Negative,Delivery,Late delivery,Delivery:negative:Late delivery
R00091,negative,Negative,Food Quality,Cold food,Food Quality:negative:Cold food|Delivery:negative:Late delivery
R00092,negative,Negative,Pricing,Promo not applied,Pricing:negative:Promo not applied
R00093,positive,Positive,Delivery,,Delivery:positive:|Food Quality:positive:
R00094,mixed,Neutral,Order Accuracy,Missing items,Order Accuracy:negative:Missing items|Food Quality:positive:
R00095,positive,Positive,App,,App:positive:
R00096,neutral,Neutral,Other,,
R00097,positive,Positive,Packaging,,Packaging:positive:|Pricing:positive:
R00098,positive,Positive,Food Quality,,Food Quality:positive:
R00099,neutral,Neutral,Other,,
R00100,negative,Negative,Food Quality,Undercooked or stale food,Food Quality:negative:Undercooked or stale food
R00101,mixed,Negative,Order Accuracy,Wrong items,Order Accuracy:negative:Wrong items|Delivery:positive:
R00102,negative,Negative,Food Quality,Poor taste,Food Quality:negative:Poor taste
R00103,positive,Positive,Delivery,,Delivery:positive:
R00104,mixed,Positive,Pricing,Too expensive,Pricing:negative:Too expensive|Food Quality:positive:
R00105,positive,Positive,Pricing,,Pricing:positive:
R00106,positive,Positive,Pricing,,Pricing:positive:|Delivery:positive:
R00107,positive,Positive,Food Quality,,Food Quality:positive:
R00108,positive,Positive,Food Quality,,Food Quality:positive:
R00109,negative,Negative,Delivery,Late delivery,Delivery:negative:Late delivery|Customer Service:negative:Unresponsive support
R00110,negative,Negative,Packaging,Poor packaging,Packaging:negative:Poor packaging
R00111,negative,Negative,Delivery,Late delivery,Delivery:negative:Late delivery
R00112,positive,Positive,Packaging,,Packaging:positive:|Pricing:positive:
R00113,neutral,Neutral,Other,,
R00114,positive,Positive,Food Quality,,Food Quality:positive:
R00115,positive,Positive,Food Quality,,Food Quality:positive:|App:positive:
R00116,mixed,Neutral,Customer Service,Refund problems,Customer Service:negative:Refund problems|App:positive:
R00117,positive,Positive,App,,App:positive:
R00118,positive,Positive,Food Quality,,Food Quality:positive:
R00119,positive,Positive,Customer Service,,Customer Service:positive:
R00120,negative,Negative,Delivery,Late delivery,Delivery:negative:Late delivery
R00121,negative,Negative,Food Quality,Undercooked or stale food,Food Quality:negative:Undercooked or stale food
R00122,negative,Negative,Order Accuracy,Missing items,Order Accuracy:negative:Missing items
R00123,negative,Negative,Order Accuracy,Missing items,Order Accuracy:negative:Missing items
R00124,positive,Positive,Food Quality,,Food Quality:positive:
R00125,negative,Negative,Delivery,Courier behaviour,Delivery:negative:Courier behaviour
R00126,positive,Positive,Delivery,,Delivery:positive:
R00127,negative,Negative,Pricing,Hidden or high fees,Pricing:negative:Hidden or high fees
R00128,positive,Positive,App,,App:positive:
R00129,negative,Negative,Order Accuracy,Missing items,Order Accuracy:negative:Missing items
R00130,positive,Positive,Food Quality,,Food Quality:positive:
R00131,mixed,Positive,Pricing,Promo not applied,Pricing:negative:Promo not applied|Food Quality:positive:
R00132,positive,Positive,Food Quality,,Food Quality:positive:
R00133,positive,Positive,Food Quality,,Food Quality:positive:
R00134,positive,Positive,Packaging,,Packaging:positive:
R00135,positive,Positive,Packaging,,Packaging:positive:
R00136,positive,Positive,Food Quality,,Food Quality:positive:
R00137,mixed,Positive,Customer Service,Refund problems,Customer Service:negative:Refund problems|Food Quality:positive:
R00138,mixed,Negative,Delivery,Late delivery,Delivery:negative:Late delivery|App:positive:
R00139,neutral,Neutral,Other,,
R00140,mixed,Positive,Pricing,Too expensive,Pricing:negative:Too expensive|Food Quality:positive:
R00141,positive,Positive,Food Quality,,Food Quality:positive:|Packaging:positive:
R00142,positive,Positive,Pricing,,Pricing:positive:
R00143,positive,Positive,Pricing,,Pricing:positive:|Food Quality:positive:
R00144,mixed,Positive,Food Quality,Poor taste,Food Quality:negative:Poor taste|Customer Service:positive:
R00145,positive,Positive,Food Quality,,Food Quality:positive:
R00146,mixed,Neutral,Food Quality,Cold food,Food Quality:negative:Cold food|Food Quality:positive:
R00147,neutral,Neutral,Other,,
R00148,positive,Positive,Food Quality,,Food Quality:positive:
R00149,neutral,Neutral,Other,,
R00150,positive,Positive,Food Quality,,Food Quality:positive:
R00151,neutral,Neutral,Other,,
R00152,positive,Positive,Food Quality,,Food Quality:positive:
R00153,mixed,Neutral,App,App crashes or bugs,App:negative:App crashes or bugs|Food Quality:positive:
R00154,negative,Negative,Delivery,Late delivery,Delivery:negative:Late delivery
R00155,negative,Negative,Delivery,Late delivery,Delivery:negative:Late delivery
R00156,negative,Negative,Order Accuracy,Wrong items,Order Accuracy:negative:Wrong items
R00157,negative,Negative,Order Accuracy,Missing items,Order Accuracy:negative:Missing items
R00158,negative,Negative,Delivery,Late delivery,Delivery:negative:Late delivery|Pricing:negative:Hidden or high fees
R00159,negative,Negative,Delivery,Late delivery,Delivery:negative:Late delivery|Food Quality:negative:Cold food
R00160,positive,Positive,Customer Service,,Customer Service:positive:
R00161,positive,Positive,Food Quality,,Food Quality:positive:
R00162,positive,Positive,App,,App:positive:
R00163,neutral,Neutral,Other,,
R00164,neutral,Neutral,Other,,
R00165,neutral,Neutral,Other,,
R00166,negative,Negative,Delivery,Late delivery,Delivery:negative:Late delivery
R00167,negative,Negative,Packaging,Spilled or leaking,Packaging:negative:Spilled or leaking|Pricing:negative:Hidden or high fees
R00168,neutral,Neutral,Other,,
R00169,positive,Positive,Delivery,,Delivery:positive:
R00170,neutral,Neutral,Other,,
R00171,neutral,Neutral,Other,,
R00172,negative,Negative,Pricing,Too expensive,Pricing:negative:Too expensive
R00173,negative,Negative,Delivery,Late delivery,Delivery:negative:Late delivery
R00174,positive,Positive,Food Quality,,Food Quality:positive:|Delivery:positive:
R00175,positive,Positive,Delivery,,Delivery:positive:|Pricing:positive:
R00176,mixed,Neutral,Delivery,Courier behaviour,Delivery:negative:Courier behaviour|Delivery:positive:
R00177,positive,Positive,Delivery,,Delivery:positive:
R00178,negative,Negative,Pricing,Hidden or high fees,Pricing:negative:Hidden or high fees|Food Quality:negative:Poor taste
R00179,positive,Positive,Delivery,,Delivery:positive:
R00180,positive,Positive,Delivery,,Delivery:positive:
R00181,positive,Positive,Food Quality,,Food Quality:positive:|Delivery:positive:
R00182,negative,Negative,Customer Service,Unresponsive support,Customer Service:negative:Unresponsive support
R00183,positive,Positive,App,,App:positive:
R00184,negative,Negative,Food Quality,Cold food,Food Quality:negative:Cold food
R00185,neutral,Neutral,Other,,
R00186,mixed,Positive,Food Quality,Poor taste,Food Quality:negative:Poor taste|App:positive:
R00187,negative,Negative,Food Quality,Poor taste,Food Quality:negative:Poor taste
R00188,neutral,Neutral,Other,,
R00189,negative,Negative,Order Accuracy,Wrong items,Order Accuracy:negative:Wrong items
R00190,positive,Positive,Delivery,,Delivery:positive:|Food Quality:positive:
R00191,positive,Positive,Delivery,,Delivery:positive:
R00192,negative,Negative,Delivery,Late delivery,Delivery:negative:Late delivery|Food Quality:negative:Cold food
R00193,positive,Positive,Packaging,,Packaging:positive:
R00194,positive,Positive,Food Quality,,Food Quality:positive:
R00195,neutral,Neutral,Other,,
R00196,negative,Negative,Customer Service,Unresponsive support,Customer Service:negative:Unresponsive support
R00197,negative,Negative,Delivery,Late delivery,Delivery:negative:Late delivery
R00198,negative,Negative,Packaging,Poor packaging,Packaging:negative:Poor packaging
R00199,negative,Negative,Pricing,Hidden or high fees,Pricing:negative:Hidden or high fees
R00200,negative,Negative,Pricing,Promo not applied,Pricing:negative:Promo not applied
R00201,positive,Positive,App,,App:positive:
R00202,neutral,Neutral,Other,,
R00203,mixed,Negative,Delivery,Order not delivered,Delivery:negative:Order not delivered|Food Quality:positive:
R00204,positive,Positive,Food Quality,,Food Quality:positive:
R00205,positive,Positive,Food Quality,,Food Quality:positive:
R00206,neutral,Neutral,Other,,
R00207,positive,Positive,Delivery,,Delivery:positive:|Food Quality:positive:
R00208,positive,Positive,Food Quality,,Food Quality:positive:
R00209,negative,Negative,Packaging,Spilled or leaking,Packaging:negative:Spilled or leaking
R00210,neutral,Neutral,Other,,
R00211,negative,Negative,App,App crashes or bugs,App:negative:App crashes or bugs
R00212,positive,Positive,Food Quality,,Food Quality:positive:
R00213,positive,Positive,Customer Service,,Customer Service:positive:
R00214,negative,Negative,Food Quality,Undercooked or stale food,Food Quality:negative:Undercooked or stale food
R00215,negative,Negative,Delivery,Order not delivered,Delivery:negative:Order not delivered
R00216,positive,Positive,Packaging,,Packaging:positive:
R00217,positive,Positive,Food Quality,,Food Quality:positive:
R00218,neutral,Neutral,Other,,
R00219,positive,Positive,Packaging,,Packaging:positive:|Food Quality:positive:
R00220,mixed,Neutral,Pricing,Too expensive,Pricing:negative:Too expensive|Food Quality:positive:
R00221,positive,Positive,Delivery,,Delivery:positive:
R00222,negative,Negative,Food Quality,Cold food,Food Quality:negative:Cold food
R00223,positive,Positive,Food Quality,,Food Quality:positive:
R00224,positive,Positive,Food Quality,,Food Quality:positive:
R00225,negative,Negative,Customer Service,Refund problems,Customer Service:negative:Refund problems
R00226,positive,Positive,Food Quality,,Food Quality:positive:
R00227,positive,Positive,Food Quality,,Food Quality:positive:
R00228,positive,Positive,Delivery,,Delivery:positive:
R00229,negative,Negative,Food Quality,Cold food,Food Quality:negative:Cold food
R00230,mixed,Neutral,Delivery,Late delivery,Delivery:negative:Late delivery|Delivery:positive:
R00231,negative,Negative,Packaging,Spilled or leaking,Packaging:negative:Spilled or leaking
R00232,positive,Positive,Pricing,,Pricing:positive:|Food Quality:positive:
R00233,negative,Negative,Delivery,Late delivery,Delivery:negative:Late delivery
R00234,positive,Positive,Delivery,,Delivery:positive:
R00235,negative,Negative,Order Accuracy,Missing items,Order Accuracy:negative:Missing items
R00236,negative,Negative,Pricing,Too expensive,Pricing:negative:Too expensive|Order Accuracy:negative:Wrong items
R00237,neutral,Neutral,Other,,
R00238,positive,Positive,App,,App:positive:
R00239,negative,Negative,Customer Service,Unresponsive support,Customer Service:negative:Unresponsive support
R00240,mixed,Neutral,Pricing,Promo not applied,Pricing:negative:Promo not applied|Packaging:positive:
R00241,negative,Negative,Delivery,Late delivery,Delivery:negative:Late delivery
R00242,negative,Negative,App,Inaccurate tracking,App:negative:Inaccurate tracking
R00243,negative,Negative,Food Quality,Cold food,Food Quality:negative:Cold food
R00244,positive,Positive,Food Quality,,Food Quality:positive:
R00245,positive,Positive,Food Quality,,Food Quality:positive:
R00246,negative,Negative,Order Accuracy,Missing items,Order Accuracy:negative:Missing items
R00247,positive,Positive,Delivery,,Delivery:positive:
R00248,positive,Positive,App,,App:positive:
R00249,negative,Negative,Food Quality,Cold food,Food Quality:negative:Cold food
R00250,positive,Positive,Food Quality,,Food Quality:positive:
R00251,positive,Positive,Pricing,,Pricing:positive:
R00252,negative,Negative,Order Accuracy,Missing items,Order Accuracy:negative:Missing items
R00253,negative,Negative,Customer Service,Unresponsive support,Customer Service:negative:Unresponsive support
R00254,negative,Negative,App,Inaccurate tracking,App:negative:Inaccurate tracking
R00255,positive,Positive,Food Quality,,Food Quality:positive:
R00256,negative,Negative,Delivery,Courier behaviour,Delivery:negative:Courier behaviour|Order Accuracy:negative:Wrong items
R00257,positive,Positive,Delivery,,Delivery:positive:|Food Quality:positive:
R00258,negative,Negative,Delivery,Late delivery,Delivery:negative:Late delivery
R00259,positive,Positive,Delivery,,Delivery:positive:
R00260,negative,Negative,Delivery,Late delivery,Delivery:negative:Late delivery|Food Quality:negative:Poor taste
R00261,positive,Positive,Food Quality,,Food Quality:positive:
R00262,positive,Positive,Food Quality,,Food Quality:positive:
R00263,neutral,Neutral,Other,,
R00264,negative,Negative,Order Accuracy,Missing items,Order Accuracy:negative:Missing items
R00265,positive,Positive,Food Quality,,Food Quality:positive:
R00266,positive,Positive,Food Quality,,Food Quality:positive:
R00267,positive,Positive,Packaging,,Packaging:positive:|App:positive:
R00268,negative,Negative,Food Quality,Cold food,Food Quality:negative:Cold food
R00269,positive,Positive,Food Quality,,Food Quality:positive:
R00270,negative,Negative,Order Accuracy,Missing items,Order Accuracy:negative:Missing items
R00271,positive,Positive,Food Quality,,Food Quality:positive:|Delivery:positive:
R00272,negative,Negative,Pricing,Hidden or high fees,Pricing:negative:Hidden or high fees|Pricing:negative:Too expensive
R00273,negative,Negative,Food Quality,Cold food,Food Quality:negative:Cold food
R00274,mixed,Positive,Food Quality,Poor taste,Food Quality:negative:Poor taste|Delivery:positive:
R00275,positive,Positive,App,,App:positive:|Packaging:positive:
R00276,positive,Positive,Customer Service,,Customer Service:positive:|Food Quality:positive:
R00277,negative,Negative,Food Quality,Poor taste,Food Quality:negative:Poor taste
R00278,mixed,Neutral,Order Accuracy,Missing items,Order Accuracy:negative:Missing items|Delivery:positive:
R00279,positive,Positive,Food Quality,,Food Quality:positive:
R00280,positive,Positive,Delivery,,Delivery:positive:|Food Quality:positive:
R00281,positive,Positive,Pricing,,Pricing:positive:|Food Quality:positive:
R00282,positive,Positive,Packaging,,Packaging:positive:|Food Quality:positive:
R00283,positive,Positive,Food Quality,,Food Quality:positive:
R00284,positive,Positive,Food Quality,,Food Quality:positive:
R00285,positive,Positive,Delivery,,Delivery:positive:
R00286,positive,Positive,Pricing,,Pricing:positive:
R00287,negative,Negative,Delivery,Late delivery,Delivery:negative:Late delivery|App:negative:Payment failure
R00288,neutral,Neutral,Other,,
R00289,mixed,Neutral,Delivery,Late delivery,Delivery:negative:Late delivery|Pricing:positive:
R00290,positive,Positive,Packaging,,Packaging:positive:
R00291,positive,Positive,Delivery,,Delivery:positive:
R00292,mixed,Neutral,Food Quality,Cold food,Food Quality:negative:Cold food|Food Quality:positive:
R00293,negative,Negative,Order Accuracy,Missing items,Order Accuracy:negative:Missing items
R00294,mixed,Neutral,Delivery,Late delivery,Delivery:negative:Late delivery|Pricing:positive:
R00295,neutral,Neutral,Other,,
R00296,positive,Positive,Food Quality,,Food Quality:positive:
R00297,positive,Positive,Food Quality,,Food Quality:positive:
R00298,positive,Positive,Pricing,,Pricing:positive:
R00299,negative,Negative,Order Accuracy,Missing items,Order Accuracy:negative:Missing items|Food Quality:negative:Poor taste
R00300,positive,Positive,Food Quality,,Food Quality:positive:
R00301,positive,Positive,Food Quality,,Food Quality:positive:
R00302,mixed,Negative,Customer Service,Unresponsive support,Customer Service:negative:Unresponsive support|Delivery:positive:
R00303,mixed,Neutral,Customer Service,Unresponsive support,Customer Service:negative:Unresponsive support|Food Quality:positive:
R00304,positive,Positive,Food Quality,,Food Quality:positive:
R00305,positive,Positive,Food Quality,,Food Quality:positive:
R00306,negative,Negative,Delivery,Order not delivered,Delivery:negative:Order not delivered
R00307,negative,Negative,Customer Service,Unresponsive support,Customer Service:negative:Unresponsive support
R00308,mixed,Positive,Delivery,Late delivery,Delivery:negative:Late delivery|App:positive:
R00309,mixed,Negative,Customer Service,Unresponsive support,Customer Service:negative:Unresponsive support|Food Quality:positive:
R00310,positive,Positive,Food Quality,,Food Quality:positive:
R00311,neutral,Neutral,Other,,
R00312,positive,Positive,Food Quality,,Food Quality:positive:
R00313,positive,Positive,Delivery,,Delivery:positive:|Food Quality:positive:
R00314,mixed,Neutral,Delivery,Late delivery,Delivery:negative:Late delivery|Food Quality:positive:
R00315,positive,Positive,Food Quality,,Food Quality:positive:
R00316,negative,Negative,Delivery,Courier behaviour,Delivery:negative:Courier behaviour
R00317,mixed,Neutral,Pricing,Promo not applied,Pricing:negative:Promo not applied|Delivery:positive:
R00318,neutral,Neutral,Other,,
R00319,negative,Negative,Customer Service,Unresponsive support,Customer Service:negative:Unresponsive support
R00320,negative,Negative,Delivery,Late delivery,Delivery:negative:Late delivery
R00321,positive,Positive,Food Quality,,Food Quality:positive:
R00322,positive,Positive,App,,App:positive:
R00323,positive,Positive,Food Quality,,Food Quality:positive:
R00324,positive,Positive,Food Quality,,Food Quality:positive:
R00325,positive,Positive,Food Quality,,Food Quality:positive:
R00326,positive,Positive,Delivery,,Delivery:positive:
R00327,negative,Negative,Packaging,Spilled or leaking,Packaging:negative:Spilled or leaking|Food Quality:negative:Cold food
R00328,negative,Negative,Packaging,Spilled or leaking,Packaging:negative:Spilled or leaking
R00329,positive,Positive,Food Quality,,Food Quality:positive:
R00330,negative,Negative,App,Inaccurate tracking,App:negative:Inaccurate tracking|Pricing:negative:Hidden or high fees
R00331,negative,Negative,Order Accuracy,Missing items,Order Accuracy:negative:Missing items|Packaging:negative:Poor packaging
R00332,negative,Negative,Food Quality,Cold food,Food Quality:negative:Cold food|Delivery:negative:Order not delivered
R00333,negative,Negative,Packaging,Spilled or leaking,Packaging:negative:Spilled or leaking
R00334,neutral,Neutral,Other,,
R00335,mixed,Neutral,App,App crashes or bugs,App:negative:App crashes or bugs|Customer Service:positive:
R00336,negative,Negative,Pricing,Too expensive,Pricing:negative:Too expensive
R00337,mixed,Negative,Packaging,Spilled or leaking,Packaging:negative:Spilled or leaking|Food Quality:positive:
R00338,mixed,Positive,Food Quality,Cold food,Food Quality:negative:Cold food|Pricing:positive:
R00339,positive,Positive,App,,App:positive:
R00340,mixed,Neutral,Delivery,Late delivery,Delivery:negative:Late delivery|Pricing:positive:
R00341,positive,Positive,Delivery,,Delivery:positive:
R00342,negative,Negative,Pricing,Hidden or high fees,Pricing:negative:Hidden or high fees
R00343,negative,Negative,Order Accuracy,Missing items,Order Accuracy:negative:Missing items
R00344,positive,Positive,App,,App:positive:
R00345,positive,Positive,Food Quality,,Food Quality:positive:
R00346,negative,Negative,Delivery,Late delivery,Delivery:negative:Late delivery|Delivery:negative:Order not delivered
R00347,positive,Positive,Food Quality,,Food Quality:positive:|Delivery:positive:
R00348,mixed,Positive,Delivery,Courier behaviour,Delivery:negative:Courier behaviour|Food Quality:positive:
R00349,negative,Negative,App,Inaccurate tracking,App:negative:Inaccurate tracking|Food Quality:negative:Cold food
R00350,positive,Positive,App,,App:positive:
R00351,neutral,Neutral,Other,,
R00352,positive,Positive,Food Quality,,Food Quality:positive:
R00353,negative,Negative,Order Accuracy,Wrong items,Order Accuracy:negative:Wrong items|Delivery:negative:Late delivery
R00354,positive,Positive,Food Quality,,Food Quality:positive:|Delivery:positive:
R00355,positive,Positive,App,,App:positive:|Delivery:positive:
R00356,positive,Positive,Delivery,,Delivery:positive:
R00357,positive,Positive,Food Quality,,Food Quality:positive:
R00358,neutral,Neutral,Other,,
R00359,neutral,Neutral,Other,,
R00360,positive,Positive,Food Quality,,Food Quality:positive:
R00361,positive,Positive,App,,App:positive:
R00362,neutral,Neutral,Other,,
R00363,negative,Negative,Delivery,Courier behaviour,Delivery:negative:Courier behaviour
R00364,negative,Negative,App,Inaccurate tracking,App:negative:Inaccurate tracking
R00365,mixed,Positive,Delivery,Late delivery,Delivery:negative:Late delivery|Food Quality:positive:
R00366,negative,Negative,Food Quality,Poor taste,Food Quality:negative:Poor taste
R00367,positive,Positive,Food Quality,,Food Quality:positive:
R00368,positive,Positive,Pricing,,Pricing:positive:
R00369,negative,Negative,Customer Service,Unresponsive support,Customer Service:negative:Unresponsive support
R00370,positive,Positive,Delivery,,Delivery:positive:
R00371,positive,Positive,Packaging,,Packaging:positive:
R00372,negative,Negative,Food Quality,Cold food,Food Quality:negative:Cold food
R00373,negative,Negative,Delivery,Late delivery,Delivery:negative:Late delivery
R00374,negative,Negative,Delivery,Late delivery,Delivery:negative:Late delivery
R00375,negative,Negative,Order Accuracy,Missing items,Order Accuracy:negative:Missing items
R00376,mixed,Neutral,Order Accuracy,Missing items,Order Accuracy:negative:Missing items|Food Quality:positive:
R00377,positive,Positive,Packaging,,Packaging:positive:
R00378,negative,Negative,App,Payment failure,App:negative:Payment failure
R00379,positive,Positive,Delivery,,Delivery:positive:
R00380,mixed,Neutral,Order Accuracy,Missing items,Order Accuracy:negative:Missing items|Food Quality:positive:
R00381,negative,Negative,Order Accuracy,Missing items,Order Accuracy:negative:Missing items
R00382,negative,Negative,Food Quality,Poor taste,Food Quality:negative:Poor taste
R00383,negative,Negative,Delivery,Order not delivered,Delivery:negative:Order not delivered|Delivery:negative:Late delivery
R00384,negative,Negative,Delivery,Late delivery,Delivery:negative:Late delivery|App:negative:App crashes or bugs
R00385,neutral,Neutral,Other,,
R00386,neutral,Neutral,Other,,
R00387,positive,Positive,Food Quality,,Food Quality:positive:
R00388,positive,Positive,Delivery,,Delivery:positive:
R00389,mixed,Positive,Delivery,Late delivery,Delivery:negative:Late delivery|App:positive:
R00390,positive,Positive,Food Quality,,Food Quality:positive:
R00391,mixed,Neutral,Delivery,Late delivery,Delivery:negative:Late delivery|Delivery:positive:
R00392,negative,Negative,Delivery,Late delivery,Delivery:negative:Late delivery
R00393,mixed,Neutral,Order Accuracy,Wrong items,Order Accuracy:negative:Wrong items|Food Quality:positive:
R00394,mixed,Neutral,Food Quality,Poor taste,Food Quality:negative:Poor taste|Food Quality:positive:
R00395,mixed,Negative,Order Accuracy,Missing items,Order Accuracy:negative:Missing items|Delivery:positive:
R00396,positive,Positive,Delivery,,Delivery:positive:
R00397,negative,Negative,Delivery,Late delivery,Delivery:negative:Late delivery
R00398,negative,Negative,Food Quality,Poor taste,Food Quality:negative:Poor taste
R00399,mixed,Negative,Order Accuracy,Wrong items,Order Accuracy:negative:Wrong items|Food Quality:positive:
R00400,positive,Positive,Pricing,,Pricing:positive:
R00401,positive,Positive,App,,App:positive:|Delivery:positive:
R00402,negative,Negative,Pricing,Too expensive,Pricing:negative:Too expensive
R00403,positive,Positive,Packaging,,Packaging:positive:
R00404,positive,Positive,Packaging,,Packaging:positive:|Food Quality:positive:
R00405,positive,Positive,Packaging,,Packaging:positive:
R00406,positive,Positive,Packaging,,Packaging:positive:
R00407,positive,Positive,App,,App:positive:|Food Quality:positive:
R00408,negative,Negative,App,Payment failure,App:negative:Payment failure
R00409,positive,Positive,Food Quality,,Food Quality:positive:
R00410,positive,Positive,Food Quality,,Food Quality:positive:
R00411,mixed,Neutral,App,Inaccurate tracking,App:negative:Inaccurate tracking|Delivery:positive:
R00412,positive,Positive,Food Quality,,Food Quality:positive:|Packaging:positive:
R00413,negative,Negative,Food Quality,Undercooked or stale food,Food Quality:negative:Undercooked or stale food|Delivery:negative:Late delivery
R00414,negative,Negative,Delivery,Order not delivered,Delivery:negative:Order not delivered|Food Quality:negative:Poor taste
R00415,positive,Positive,Delivery,,Delivery:positive:
R00416,neutral,Neutral,Other,,
R00417,mixed,Neutral,Packaging,Spilled or leaking,Packaging:negative:Spilled or leaking|Packaging:positive:
R00418,positive,Positive,Packaging,,Packaging:positive:
R00419,negative,Negative,Delivery,Courier behaviour,Delivery:negative:Courier behaviour
R00420,mixed,Neutral,Pricing,Too expensive,Pricing:negative:Too expensive|Delivery:positive:
R00421,negative,Negative,Food Quality,Undercooked or stale food,Food Quality:negative:Undercooked or stale food
R00422,negative,Negative,Food Quality,Cold food,Food Quality:negative:Cold food
R00423,positive,Positive,Delivery,,Delivery:positive:
R00424,mixed,Neutral,Delivery,Courier behaviour,Delivery:negative:Courier behaviour|Packaging:positive:
R00425,negative,Negative,Delivery,Late delivery,Delivery:negative:Late delivery|Food Quality:negative:Poor taste
R00426,mixed,Negative,App,App crashes or bugs,App:negative:App crashes or bugs|Pricing:positive:
R00427,positive,Positive,Food Quality,,Food Quality:positive:
R00428,positive,Positive,Packaging,,Packaging:positive:
R00429,negative,Negative,Delivery,Late delivery,Delivery:negative:Late delivery
R00430,negative,Negative,Food Quality,Cold food,Food Quality:negative:Cold food
R00431,negative,Negative,Food Quality,Poor taste,Food Quality:negative:Poor taste
R00432,positive,Positive,Pricing,,Pricing:positive:
R00433,positive,Positive,Delivery,,Delivery:positive:
R00434,negative,Negative,Delivery,Late delivery,Delivery:negative:Late delivery
R00435,negative,Negative,Delivery,Late delivery,Delivery:negative:Late delivery
R00436,positive,Positive,Packaging,,Packaging:positive:
R00437,positive,Positive,Delivery,,Delivery:positive:
R00438,negative,Negative,Delivery,Late delivery,Delivery:negative:Late delivery
R00439,positive,Positive,Delivery,,Delivery:positive:|Food Quality:positive:
R00440,negative,Negative,Food Quality,Cold food,Food Quality:negative:Cold food|Order Accuracy:negative:Wrong items
R00441,positive,Positive,Customer Service,,Customer Service:positive:|Food Quality:positive:
R00442,positive,Positive,Packaging,,Packaging:positive:
R00443,negative,Negative,Pricing,Too expensive,Pricing:negative:Too expensive
R00444,positive,Positive,Food Quality,,Food Quality:positive:
R00445,positive,Positive,Packaging,,Packaging:positive:
R00446,mixed,Neutral,Food Quality,Cold food,Food Quality:negative:Cold food|Delivery:positive:
R00447,positive,Positive,Packaging,,Packaging:positive:|Delivery:positive:
R00448,negative,Negative,Pricing,Too expensive,Pricing:negative:Too expensive
R00449,neutral,Neutral,Other,,
R00450,positive,Positive,Delivery,,Delivery:positive:
R00451,negative,Negative,Order Accuracy,Missing items,Order Accuracy:negative:Missing items|Delivery:negative:Order not delivered
R00452,positive,Positive,App,,App:positive:
R00453,positive,Positive,App,,App:positive:
R00454,neutral,Neutral,Other,,
R00455,positive,Positive,App,,App:positive:
R00456,negative,Negative,Food Quality,Poor taste,Food Quality:negative:Poor taste|Delivery:negative:Order not delivered
R00457,negative,Negative,Food Quality,Cold food,Food Quality:negative:Cold food
R00458,positive,Positive,App,,App:positive:|Delivery:positive:
R00459,positive,Positive,Packaging,,Packaging:positive:|Food Quality:positive:
R00460,positive,Positive,Delivery,,Delivery:positive:|Food Quality:positive:
R00461,positive,Positive,Food Quality,,Food Quality:positive:
R00462,negative,Negative,Customer Service,Unresponsive support,Customer Service:negative:Unresponsive support
R00463,neutral,Neutral,Other,,
R00464,negative,Negative,Order Accuracy,Wrong items,Order Accuracy:negative:Wrong items
R00465,positive,Positive,Food Quality,,Food Quality:positive:
R00466,positive,Positive,Food Quality,,Food Quality:positive:|Delivery:positive:
R00467,negative,Negative,Delivery,Late delivery,Delivery:negative:Late delivery
R00468,neutral,Neutral,Other,,
R00469,negative,Negative,Order Accuracy,Wrong items,Order Accuracy:negative:Wrong items|Food Quality:negative:Cold food
R00470,mixed,Negative,Order Accuracy,Missing items,Order Accuracy:negative:Missing items|Food Quality:positive:
R00471,mixed,Positive,Order Accuracy,Missing items,Order Accuracy:negative:Missing items|Food Quality:positive:
R00472,positive,Positive,App,,App:positive:
R00473,positive,Positive,Food Quality,,Food Quality:positive:
R00474,positive,Positive,Pricing,,Pricing:positive:
R00475,negative,Negative,Order Accuracy,Missing items,Order Accuracy:negative:Missing items|Food Quality:negative:Cold food
R00476,neutral,Neutral,Other,,
R00477,negative,Negative,Packaging,Poor packaging,Packaging:negative:Poor packaging
R00478,negative,Negative,Delivery,Courier behaviour,Delivery:negative:Courier behaviour
R00479,negative,Negative,Customer Service,Refund problems,Customer Service:negative:Refund problems
R00480,positive,Positive,Pricing,,Pricing:positive:
R00481,positive,Positive,Packaging,,Packaging:positive:
R00482,positive,Positive,Delivery,,Delivery:positive:
R00483,negative,Negative,Pricing,Promo not applied,Pricing:negative:Promo not applied
R00484,neutral,Neutral,Other,,
R00485,neutral,Neutral,Other,,
R00486,positive,Positive,Customer Service,,Customer Service:positive:
R00487,negative,Negative,Food Quality,Poor taste,Food Quality:negative:Poor taste
R00488,positive,Positive,Food Quality,,Food Quality:positive:
R00489,positive,Positive,Packaging,,Packaging:positive:
R00490,positive,Positive,Pricing,,Pricing:positive:
R00491,negative,Negative,Pricing,Too expensive,Pricing:negative:Too expensive|Delivery:negative:Late delivery
R00492,negative,Negative,Delivery,Order not delivered,Delivery:negative:Order not delivered
R00493,neutral,Neutral,Other,,
R00494,negative,Negative,Order Accuracy,Missing items,Order Accuracy:negative:Missing items
R00495,negative,Negative,Delivery,Courier behaviour,Delivery:negative:Courier behaviour|Food Quality:negative:Poor taste
R00496,neutral,Neutral,Other,,
R00497,positive,Positive,Customer Service,,Customer Service:positive:
R00498,neutral,Neutral,Other,,
R00499,positive,Positive,Delivery,,Delivery:positive:|Pricing:positive:
R00500,mixed,Negative,Delivery,Late delivery,Delivery:negative:Late delivery|Food Quality:positive:
R00501,negative,Negative,Packaging,Spilled or leaking,Packaging:negative:Spilled or leaking|Customer Service:negative:Unresponsive support
R00502,positive,Positive,Pricing,,Pricing:positive:
R00503,negative,Negative,Pricing,Too expensive,Pricing:negative:Too expensive|Pricing:negative:Promo not applied
R00504,negative,Negative,Packaging,Spilled or leaking,Packaging:negative:Spilled or leaking
R00505,positive,Positive,Food Quality,,Food Quality:positive:|Delivery:positive:
R00506,positive,Positive,Pricing,,Pricing:positive:|Customer Service:positive:
R00507,positive,Positive,Customer Service,,Customer Service:positive:|Food Quality:positive:
R00508,positive,Positive,Pricing,,Pricing:positive:|Food Quality:positive:
R00509,positive,Positive,Packaging,,Packaging:positive:
R00510,positive,Positive,Food Quality,,Food Quality:positive:|Delivery:positive:
R00511,positive,Positive,Packaging,,Packaging:positive:|Delivery:positive:
R00512,negative,Negative,Delivery,Late delivery,Delivery:negative:Late delivery
R00513,negative,Negative,Order Accuracy,Wrong items,Order Accuracy:negative:Wrong items|Delivery:negative:Late delivery
R00514,positive,Positive,Delivery,,Delivery:positive:|Food Quality:positive:
R00515,positive,Positive,Pricing,,Pricing:positive:
R00516,positive,Positive,Customer Service,,Customer Service:positive:
R00517,positive,Positive,Food Quality,,Food Quality:positive:|Delivery:positive:
R00518,positive,Positive,App,,App:positive:|Food Quality:positive:
R00519,neutral,Neutral,Other,,
R00520,negative,Negative,Pricing,Promo not applied,Pricing:negative:Promo not applied
R00521,neutral,Neutral,Other,,
R00522,positive,Positive,Food Quality,,Food Quality:positive:|Packaging:positive:
R00523,mixed,Positive,Food Quality,Poor taste,Food Quality:negative:Poor taste|Delivery:positive:
R00524,positive,Positive,Delivery,,Delivery:positive:
R00525,negative,Negative,Pricing,Hidden or high fees,Pricing:negative:Hidden or high fees
R00526,mixed,Neutral,Delivery,Late delivery,Delivery:negative:Late delivery|Food Quality:positive:
R00527,negative,Negative,Delivery,Late delivery,Delivery:negative:Late delivery
R00528,neutral,Neutral,Other,,
R00529,negative,Negative,Pricing,Too expensive,Pricing:negative:Too expensive
R00530,positive,Positive,Food Quality,,Food Quality:positive:
R00531,positive,Positive,App,,App:positive:|Food Quality:positive:
R00532,positive,Positive,Delivery,,Delivery:positive:
R00533,positive,Positive,App,,App:positive:|Delivery:positive:
R00534,negative,Negative,Customer Service,Refund problems,Customer Service:negative:Refund problems
R00535,positive,Positive,Food Quality,,Food Quality:positive:
R00536,mixed,Positive,Delivery,Late delivery,Delivery:negative:Late delivery|Pricing:positive:
R00537,negative,Negative,Customer Service,Unresponsive support,Customer Service:negative:Unresponsive support|Delivery:negative:Late delivery
R00538,positive,Positive,App,,App:positive:
R00539,positive,Positive,Food Quality,,Food Quality:positive:
R00540,positive,Positive,Food Quality,,Food Quality:positive:
R00541,positive,Positive,Pricing,,Pricing:positive:|App:positive:
R00542,negative,Negative,Food Quality,Cold food,Food Quality:negative:Cold food|Delivery:negative:Order not delivered
R00543,negative,Negative,Pricing,Hidden or high fees,Pricing:negative:Hidden or high fees
R00544,negative,Negative,Order Accuracy,Wrong items,Order Accuracy:negative:Wrong items
R00545,neutral,Neutral,Other,,
R00546,negative,Negative,Food Quality,Cold food,Food Quality:negative:Cold food
R00547,negative,Negative,Delivery,Late delivery,Delivery:negative:Late delivery
R00548,negative,Negative,Order Accuracy,Missing items,Order Accuracy:negative:Missing items
R00549,negative,Negative,Customer Service,Refund problems,Customer Service:negative:Refund problems|Order Accuracy:negative:Missing items
R00550,positive,Positive,Food Quality,,Food Quality:positive:
R00551,positive,Positive,Food Quality,,Food Quality:positive:|Delivery:positive:
R00552,negative,Negative,Customer Service,Refund problems,Customer Service:negative:Refund problems
R00553,negative,Negative,Food Quality,Undercooked or stale food,Food Quality:negative:Undercooked or stale food
R00554,negative,Negative,Food Quality,Undercooked or stale food,Food Quality:negative:Undercooked or stale food|Delivery:negative:Late delivery
R00555,positive,Positive,Food Quality,,Food Quality:positive:
R00556,mixed,Positive,Order Accuracy,Missing items,Order Accuracy:negative:Missing items|Food Quality:positive:
R00557,mixed,Neutral,Order Accuracy,Missing items,Order Accuracy:negative:Missing items|Food Quality:positive:
R00558,negative,Negative,Delivery,Late delivery,Delivery:negative:Late delivery
R00559,negative,Negative,Food Quality,Poor taste,Food Quality:negative:Poor taste
R00560,negative,Negative,Delivery,Late delivery,Delivery:negative:Late delivery|Customer Service:negative:Refund problems
R00561,positive,Positive,Food Quality,,Food Quality:positive:
R00562,positive,Positive,Food Quality,,Food Quality:positive:
R00563,positive,Positive,Packaging,,Packaging:positive:
R00564,negative,Negative,Packaging,Spilled or leaking,Packaging:negative:Spilled or leaking
R00565,positive,Positive,Customer Service,,Customer Service:positive:
R00566,negative,Negative,Order Accuracy,Missing items,Order Accuracy:negative:Missing items
R00567,negative,Negative,Food Quality,Undercooked or stale food,Food Quality:negative:Undercooked or stale food
R00568,negative,Negative,Delivery,Late delivery,Delivery:negative:Late delivery
R00569,positive,Positive,Food Quality,,Food Quality:positive:
R00570,neutral,Neutral,Other,,
R00571,neutral,Neutral,Other,,
R00572,negative,Negative,Delivery,Late delivery,Delivery:negative:Late delivery
R00573,mixed,Neutral,Delivery,Late delivery,Delivery:negative:Late delivery|Food Quality:positive:
R00574,positive,Positive,Food Quality,,Food Quality:positive:
R00575,positive,Positive,Food Quality,,Food Quality:positive:|Delivery:positive:
R00576,negative,Negative,Customer Service,Unresponsive support,Customer Service:negative:Unresponsive support
R00577,positive,Positive,Packaging,,Packaging:positive:
R00578,mixed,Neutral,Order Accuracy,Missing items,Order Accuracy:negative:Missing items|Packaging:positive:
R00579,negative,Negative,Order Accuracy,Missing items,Order Accuracy:negative:Missing items
R00580,neutral,Neutral,Other,,
R00581,positive,Positive,Delivery,,Delivery:positive:
R00582,negative,Negative,Order Accuracy,Missing items,Order Accuracy:negative:Missing items|Pricing:negative:Hidden or high fees
R00583,positive,Positive,App,,App:positive:
R00584,neutral,Neutral,Other,,
R00585,negative,Negative,Delivery,Late delivery,Delivery:negative:Late delivery
R00586,negative,Negative,Delivery,Late delivery,Delivery:negative:Late delivery|Food Quality:negative:Poor taste
R00587,negative,Negative,Order Accuracy,Missing items,Order Accuracy:negative:Missing items
R00588,neutral,Neutral,Other,,
R00589,negative,Negative,Packaging,Spilled or leaking,Packaging:negative:Spilled or leaking
R00590,neutral,Neutral,Other,,
R00591,positive,Positive,Pricing,,Pricing:positive:
R00592,negative,Negative,Food Quality,Cold food,Food Quality:negative:Cold food|Delivery:negative:Order not delivered
R00593,negative,Negative,Customer Service,Unresponsive support,Customer Service:negative:Unresponsive support
R00594,mixed,Neutral,Food Quality,Poor taste,Food Quality:negative:Poor taste|Customer Service:positive:
R00595,negative,Negative,Delivery,Late delivery,Delivery:negative:Late delivery
R00596,neutral,Neutral,Other,,
R00597,positive,Positive,Food Quality,,Food Quality:positive:
R00598,positive,Positive,Pricing,,Pricing:positive:|Food Quality:positive:
R00599,positive,Positive,Delivery,,Delivery:positive:
R00600,positive,Positive,Food Quality,,Food Quality:positive:
R00601,neutral,Neutral,Other,,
R00602,negative,Negative,Packaging,Spilled or leaking,Packaging:negative:Spilled or leaking
R00603,positive,Positive,App,,App:positive:
R00604,neutral,Neutral,Other,,
R00605,negative,Negative,App,Payment failure,App:negative:Payment failure
R00606,negative,Negative,Packaging,Poor packaging,Packaging:negative:Poor packaging
R00607,negative,Negative,Food Quality,Cold food,Food Quality:negative:Cold food
R00608,positive,Positive,Pricing,,Pricing:positive:|Delivery:positive:
R00609,negative,Negative,Delivery,Late delivery,Delivery:negative:Late delivery
R00610,negative,Negative,Order Accuracy,Wrong items,Order Accuracy:negative:Wrong items|Food Quality:negative:Undercooked or stale food
R00611,negative,Negative,Pricing,Promo not applied,Pricing:negative:Promo not applied
R00612,mixed,Negative,Delivery,Late delivery,Delivery:negative:Late delivery|Food Quality:positive:
R00613,positive,Positive,Customer Service,,Customer Service:positive:|Delivery:positive:
R00614,positive,Positive,Customer Service,,Customer Service:positive:
R00615,positive,Positive,Pricing,,Pricing:positive:
R00616,positive,Positive,Delivery,,Delivery:positive:
R00617,positive,Positive,Delivery,,Delivery:positive:
R00618,positive,Positive,Food Quality,,Food Quality:positive:
R00619,negative,Negative,Order Accuracy,Wrong items,Order Accuracy:negative:Wrong items|Delivery:negative:Late delivery
R00620,negative,Negative,Order Accuracy,Missing items,Order Accuracy:negative:Missing items|Food Quality:negative:Cold food
R00621,neutral,Neutral,Other,,
R00622,positive,Positive,Food Quality,,Food Quality:positive:|App:positive:
R00623,positive,Positive,Delivery,,Delivery:positive:|Food Quality:positive:
R00624,mixed,Neutral,Customer Service,Unresponsive support,Customer Service:negative:Unresponsive support|Food Quality:positive:
R00625,positive,Positive,Delivery,,Delivery:positive:
R00626,negative,Negative,Food Quality,Poor taste,Food Quality:negative:Poor taste
R00627,negative,Negative,Delivery,Late delivery,Delivery:negative:Late delivery
R00628,mixed,Negative,Customer Service,Unresponsive support,Customer Service:negative:Unresponsive support|Customer Service:positive:
R00629,negative,Negative,Order Accuracy,Missing items,Order Accuracy:negative:Missing items
R00630,positive,Positive,Delivery,,Delivery:positive:
R00631,mixed,Positive,Delivery,Courier behaviour,Delivery:negative:Courier behaviour|Delivery:positive:
R00632,neutral,Neutral,Other,,
R00633,positive,Positive,Delivery,,Delivery:positive:
R00634,mixed,Neutral,Order Accuracy,Wrong items,Order Accuracy:negative:Wrong items|Delivery:positive:
R00635,positive,Positive,Food Quality,,Food Quality:positive:|App:positive:
R00636,positive,Positive,Food Quality,,Food Quality:positive:
R00637,neutral,Neutral,Other,,
R00638,negative,Negative,Order Accuracy,Missing items,Order Accuracy:negative:Missing items
R00639,positive,Positive,Delivery,,Delivery:positive:|Food Quality:positive:
R00640,neutral,Neutral,Other,,
R00641,positive,Positive,Delivery,,Delivery:positive:
R00642,negative,Negative,Delivery,Late delivery,Delivery:negative:Late delivery
R00643,positive,Positive,Food Quality,,Food Quality:positive:
R00644,neutral,Neutral,Other,,
R00645,positive,Positive,App,,App:positive:
R00646,positive,Positive,Food Quality,,Food Quality:positive:
R00647,positive,Positive,Food Quality,,Food Quality:positive:
R00648,negative,Negative,Packaging,Poor packaging,Packaging:negative:Poor packaging|Order Accuracy:negative:Missing items
R00649,positive,Positive,Food Quality,,Food Quality:positive:
R00650,positive,Positive,Customer Service,,Customer Service:positive:
R00651,mixed,Positive,Food Quality,Poor taste,Food Quality:negative:Poor taste|Pricing:positive:
R00652,positive,Positive,Food Quality,,Food Quality:positive:|Delivery:positive:
R00653,negative,Negative,Delivery,Late delivery,Delivery:negative:Late delivery
R00654,negative,Negative,Order Accuracy,Missing items,Order Accuracy:negative:Missing items
R00655,positive,Positive,Food Quality,,Food Quality:positive:
R00656,neutral,Neutral,Other,,
R00657,negative,Negative,Delivery,Courier behaviour,Delivery:negative:Courier behaviour
R00658,negative,Negative,App,Payment failure,App:negative:Payment failure
R00659,neutral,Neutral,Other,,
R00660,mixed,Neutral,Delivery,Late delivery,Delivery:negative:Late delivery|Packaging:positive:
R00661,mixed,Neutral,App,Inaccurate tracking,App:negative:Inaccurate tracking|Food Quality:positive:
R00662,negative,Negative,Order Accuracy,Missing items,Order Accuracy:negative:Missing items
R00663,negative,Negative,Customer Service,Unresponsive support,Customer Service:negative:Unresponsive support|Food Quality:negative:Undercooked or stale food
R00664,positive,Positive,Food Quality,,Food Quality:positive:
R00665,positive,Positive,Delivery,,Delivery:positive:
R00666,negative,Negative,Food Quality,Poor taste,Food Quality:negative:Poor taste
R00667,positive,Positive,Packaging,,Packaging:positive:|Food Quality:positive:
R00668,positive,Positive,Food Quality,,Food Quality:positive:
R00669,positive,Positive,Delivery,,Delivery:positive:|Pricing:positive:
R00670,positive,Positive,App,,App:positive:
R00671,positive,Positive,App,,App:positive:
R00672,positive,Positive,Delivery,,Delivery:positive:
R00673,negative,Negative,Packaging,Spilled or leaking,Packaging:negative:Spilled or leaking|Customer Service:negative:Unresponsive support
R00674,positive,Positive,Delivery,,Delivery:positive:
R00675,negative,Negative,Order Accuracy,Missing items,Order Accuracy:negative:Missing items|Pricing:negative:Promo not applied
R00676,positive,Positive,Pricing,,Pricing:positive:
R00677,mixed,Neutral,Delivery,Late delivery,Delivery:negative:Late delivery|Food Quality:positive:
R00678,positive,Positive,Food Quality,,Food Quality:positive:
R00679,negative,Negative,Packaging,Spilled or leaking,Packaging:negative:Spilled or leaking
R00680,positive,Positive,Packaging,,Packaging:positive:
R00681,neutral,Neutral,Other,,
R00682,neutral,Neutral,Other,,
R00683,positive,Positive,Delivery,,Delivery:positive:
R00684,positive,Positive,Food Quality,,Food Quality:positive:
R00685,negative,Negative,Food Quality,Undercooked or stale food,Food Quality:negative:Undercooked or stale food
R00686,negative,Negative,Delivery,Courier behaviour,Delivery:negative:Courier behaviour
R00687,positive,Positive,Packaging,,Packaging:positive:
R00688,positive,Positive,Food Quality,,Food Quality:positive:
R00689,positive,Positive,Packaging,,Packaging:positive:|Pricing:positive:
R00690,negative,Negative,App,Inaccurate tracking,App:negative:Inaccurate tracking|Delivery:negative:Late delivery
R00691,positive,Positive,Delivery,,Delivery:positive:|Food Quality:positive:
R00692,positive,Positive,Packaging,,Packaging:positive:
R00693,positive,Positive,Food Quality,,Food Quality:positive:
R00694,positive,Positive,Food Quality,,Food Quality:positive:
R00695,positive,Positive,Customer Service,,Customer Service:positive:|Food Quality:positive:
R00696,positive,Positive,App,,App:positive:|Delivery:positive:
R00697,positive,Positive,App,,App:positive:
R00698,neutral,Neutral,Other,,
R00699,positive,Positive,Food Quality,,Food Quality:positive:
R00700,negative,Negative,Delivery,Courier behaviour,Delivery:negative:Courier behaviour
R00701,mixed,Negative,Food Quality,Poor taste,Food Quality:negative:Poor taste|Customer Service:positive:
R00702,neutral,Neutral,Other,,
R00703,positive,Positive,Packaging,,Packaging:positive:
R00704,positive,Positive,Food Quality,,Food Quality:positive:
R00705,neutral,Neutral,Other,,
R00706,negative,Negative,Packaging,Spilled or leaking,Packaging:negative:Spilled or leaking|Customer Service:negative:Refund problems
R00707,neutral,Neutral,Other,,
R00708,mixed,Positive,Pricing,Hidden or high fees,Pricing:negative:Hidden or high fees|Food Quality:positive:
R00709,negative,Negative,Food Quality,Cold food,Food Quality:negative:Cold food
R00710,mixed,Neutral,Order Accuracy,Missing items,Order Accuracy:negative:Missing items|Packaging:positive:
R00711,mixed,Negative,Customer Service,Refund problems,Customer Service:negative:Refund problems|Delivery:positive:
R00712,positive,Positive,Delivery,,Delivery:positive:
R00713,positive,Positive,Food Quality,,Food Quality:positive:
R00714,positive,Positive,Food Quality,,Food Quality:positive:
R00715,negative,Negative,Order Accuracy,Wrong items,Order Accuracy:negative:Wrong items
R00716,positive,Positive,Packaging,,Packaging:positive:
R00717,positive,Positive,Food Quality,,Food Quality:positive:
R00718,positive,Positive,Food Quality,,Food Quality:positive:
R00719,mixed,Positive,Delivery,Courier behaviour,Delivery:negative:Courier behaviour|Pricing:positive:
R00720,neutral,Neutral,Other,,
R00721,negative,Negative,Order Accuracy,Wrong items,Order Accuracy:negative:Wrong items
R00722,mixed,Positive,Packaging,Spilled or leaking,Packaging:negative:Spilled or leaking|App:positive:
R00723,mixed,Positive,Pricing,Promo not applied,Pricing:negative:Promo not applied|Customer Service:positive:
R00724,positive,Positive,Food Quality,,Food Quality:positive:
R00725,mixed,Neutral,App,Inaccurate tracking,App:negative:Inaccurate tracking|Delivery:positive:
R00726,negative,Negative,Delivery,Late delivery,Delivery:negative:Late delivery
R00727,positive,Positive,Food Quality,,Food Quality:positive:|Pricing:positive:
R00728,negative,Negative,App,Payment failure,App:negative:Payment failure
R00729,positive,Positive,Delivery,,Delivery:positive:
R00730,positive,Positive,Packaging,,Packaging:positive:|Food Quality:positive:
R00731,positive,Positive,Pricing,,Pricing:positive:
R00732,neutral,Neutral,Other,,
R00733,neutral,Neutral,Other,,
R00734,mixed,Neutral,Delivery,Late delivery,Delivery:negative:Late delivery|Food Quality:positive:
R00735,negative,Negative,Pricing,Promo not applied,Pricing:negative:Promo not applied
R00736,negative,Negative,Food Quality,Poor taste,Food Quality:negative:Poor taste
R00737,negative,Negative,Customer Service,Unresponsive support,Customer Service:negative:Unresponsive support
R00738,positive,Positive,Food Quality,,Food Quality:positive:
R00739,positive,Positive,Customer Service,,Customer Service:positive:
R00740,negative,Negative,Order Accuracy,Wrong items,Order Accuracy:negative:Wrong items|App:negative:App crashes or bugs
R00741,negative,Negative,App,App crashes or bugs,App:negative:App crashes or bugs
R00742,positive,Positive,Delivery,,Delivery:positive:|Food Quality:positive:
R00743,positive,Positive,Packaging,,Packaging:positive:|Delivery:positive:
R00744,mixed,Positive,Delivery,Courier behaviour,Delivery:negative:Courier behaviour|Delivery:positive:
R00745,mixed,Neutral,Order Accuracy,Wrong items,Order Accuracy:negative:Wrong items|Pricing:positive:
R00746,positive,Positive,Customer Service,,Customer Service:positive:
R00747,positive,Positive,Food Quality,,Food Quality:positive:
R00748,positive,Positive,Food Quality,,Food Quality:positive:
R00749,positive,Positive,Pricing,,Pricing:positive:
R00750,neutral,Neutral,Other,,
R00751,neutral,Neutral,Other,,
R00752,negative,Negative,Delivery,Late delivery,Delivery:negative:Late delivery
R00753,positive,Positive,Food Quality,,Food Quality:positive:
R00754,negative,Negative,Packaging,Poor packaging,Packaging:negative:Poor packaging
R00755,negative,Negative,Delivery,Late delivery,Delivery:negative:Late delivery
R00756,positive,Positive,Pricing,,Pricing:positive:|Delivery:positive:
R00757,positive,Positive,Packaging,,Packaging:positive:
R00758,mixed,Positive,Delivery,Late delivery,Delivery:negative:Late delivery|Food Quality:positive:
R00759,positive,Positive,Food Quality,,Food Quality:positive:
R00760,positive,Positive,Delivery,,Delivery:positive:
R00761,positive,Positive,Delivery,,Delivery:positive:|Pricing:positive:
R00762,mixed,Negative,Delivery,Late delivery,Delivery:negative:Late delivery|Food Quality:positive:
R00763,mixed,Positive,Pricing,Too expensive,Pricing:negative:Too expensive|Food Quality:positive:
R00764,mixed,Positive,Delivery,Late delivery,Delivery:negative:Late delivery|Pricing:positive:
R00765,neutral,Neutral,Other,,
R00766,negative,Negative,Delivery,Late delivery,Delivery:negative:Late delivery
R00767,positive,Positive,Food Quality,,Food Quality:positive:
R00768,negative,Negative,Packaging,Poor packaging,Packaging:negative:Poor packaging|Pricing:negative:Promo not applied
R00769,negative,Negative,Order Accuracy,Wrong items,Order Accuracy:negative:Wrong items
R00770,negative,Negative,App,App crashes or bugs,App:negative:App crashes or bugs
R00771,positive,Positive,Packaging,,Packaging:positive:|Food Quality:positive:
R00772,negative,Negative,Delivery,Late delivery,Delivery:negative:Late delivery
R00773,negative,Negative,Delivery,Late delivery,Delivery:negative:Late delivery
R00774,negative,Negative,Customer Service,Refund problems,Customer Service:negative:Refund problems
R00775,negative,Negative,App,App crashes or bugs,App:negative:App crashes or bugs
R00776,neutral,Neutral,Other,,
R00777,positive,Positive,Food Quality,,Food Quality:positive:|Delivery:positive:
R00778,mixed,Positive,Order Accuracy,Missing items,Order Accuracy:negative:Missing items|Food Quality:positive:
R00779,mixed,Neutral,Food Quality,Cold food,Food Quality:negative:Cold food|Pricing:positive:
R00780,negative,Negative,Pricing,Promo not applied,Pricing:negative:Promo not applied
R00781,positive,Positive,Food Quality,,Food Quality:positive:
R00782,neutral,Neutral,Other,,
R00783,positive,Positive,Food Quality,,Food Quality:positive:
R00784,mixed,Negative,Order Accuracy,Missing items,Order Accuracy:negative:Missing items|Delivery:positive:
R00785,negative,Negative,Delivery,Courier behaviour,Delivery:negative:Courier behaviour
R00786,negative,Negative,Delivery,Courier behaviour,Delivery:negative:Courier behaviour
R00787,mixed,Neutral,Delivery,Late delivery,Delivery:negative:Late delivery|Food Quality:positive:
R00788,neutral,Neutral,Other,,
R00789,negative,Negative,Order Accuracy,Missing items,Order Accuracy:negative:Missing items
R00790,mixed,Positive,Pricing,Too expensive,Pricing:negative:Too expensive|Pricing:positive:
R00791,neutral,Neutral,Other,,
R00792,negative,Negative,Order Accuracy,Wrong items,Order Accuracy:negative:Wrong items
R00793,positive,Positive,Food Quality,,Food Quality:positive:|Pricing:positive:
R00794,neutral,Neutral,Other,,
R00795,mixed,Neutral,Order Accuracy,Missing items,Order Accuracy:negative:Missing items|Food Quality:positive:
R00796,negative,Negative,App,Inaccurate tracking,App:negative:Inaccurate tracking
R00797,negative,Negative,Delivery,Late delivery,Delivery:negative:Late delivery
R00798,mixed,Neutral,Delivery,Order not delivered,Delivery:negative:Order not delivered|Food Quality:positive:
R00799,negative,Negative,App,App crashes or bugs,App:negative:App crashes or bugs
R00800,positive,Positive,Packaging,,Packaging:positive:|Food Quality:positive:
R00801,positive,Positive,App,,App:positive:
R00802,negative,Negative,Order Accuracy,Missing items,Order Accuracy:negative:Missing items
R00803,negative,Negative,App,App crashes or bugs,App:negative:App crashes or bugs|Delivery:negative:Late delivery
R00804,positive,Positive,Food Quality,,Food Quality:positive:
R00805,neutral,Neutral,Other,,
R00806,positive,Positive,Food Quality,,Food Quality:positive:
R00807,positive,Positive,App,,App:positive:
R00808,negative,Negative,Delivery,Courier behaviour,Delivery:negative:Courier behaviour
R00809,mixed,Positive,Order Accuracy,Wrong items,Order Accuracy:negative:Wrong items|Delivery:positive:
R00810,negative,Negative,Delivery,Late delivery,Delivery:negative:Late delivery
R00811,positive,Positive,Food Quality,,Food Quality:positive:
R00812,negative,Negative,Delivery,Late delivery,Delivery:negative:Late delivery|Packaging:negative:Spilled or leaking
R00813,negative,Negative,Food Quality,Cold food,Food Quality:negative:Cold food
R00814,negative,Negative,Delivery,Late delivery,Delivery:negative:Late delivery|Delivery:negative:Order not delivered
R00815,positive,Positive,Delivery,,Delivery:positive:
R00816,neutral,Neutral,Other,,
R00817,negative,Negative,Pricing,Too expensive,Pricing:negative:Too expensive
R00818,positive,Positive,Delivery,,Delivery:positive:
R00819,neutral,Neutral,Other,,
R00820,neutral,Neutral,Other,,
R00821,positive,Positive,Customer Service,,Customer Service:positive:
R00822,positive,Positive,Pricing,,Pricing:positive:|Packaging:positive:
R00823,positive,Positive,Food Quality,,Food Quality:positive:
R00824,positive,Positive,App,,App:positive:
R00825,positive,Positive,Food Quality,,Food Quality:positive:
R00826,negative,Negative,Delivery,Late delivery,Delivery:negative:Late delivery|Packaging:negative:Poor packaging
R00827,positive,Positive,Delivery,,Delivery:positive:
R00828,mixed,Positive,Food Quality,Poor taste,Food Quality:negative:Poor taste|Food Quality:positive:
R00829,neutral,Neutral,Other,,
R00830,positive,Positive,Customer Service,,Customer Service:positive:|Food Quality:positive:
R00831,positive,Positive,Pricing,,Pricing:positive:
R00832,positive,Positive,Pricing,,Pricing:positive:
R00833,positive,Positive,Customer Service,,Customer Service:positive:
R00834,positive,Positive,Pricing,,Pricing:positive:|Food Quality:positive:
R00835,positive,Positive,Food Quality,,Food Quality:positive:
R00836,negative,Negative,Packaging,Poor packaging,Packaging:negative:Poor packaging|Pricing:negative:Promo not applied
R00837,mixed,Neutral,Packaging,Spilled or leaking,Packaging:negative:Spilled or leaking|Pricing:positive:
R00838,positive,Positive,Pricing,,Pricing:positive:
R00839,mixed,Neutral,Delivery,Order not delivered,Delivery:negative:Order not delivered|Delivery:positive:
R00840,negative,Negative,Delivery,Late delivery,Delivery:negative:Late delivery
R00841,positive,Positive,Food Quality,,Food Quality:positive:
R00842,negative,Negative,Order Accuracy,Missing items,Order Accuracy:negative:Missing items
R00843,positive,Positive,Food Quality,,Food Quality:positive:
R00844,negative,Negative,Packaging,Poor packaging,Packaging:negative:Poor packaging
R00845,positive,Positive,Pricing,,Pricing:positive:
R00846,neutral,Neutral,Other,,
R00847,positive,Positive,Food Quality,,Food Quality:positive:
R00848,negative,Negative,Delivery,Late delivery,Delivery:negative:Late delivery
R00849,negative,Negative,Food Quality,Cold food,Food Quality:negative:Cold food
R00850,neutral,Neutral,Other,,
R00851,negative,Negative,Customer Service,Refund problems,Customer Service:negative:Refund problems|Food Quality:negative:Cold food
R00852,positive,Positive,Delivery,,Delivery:positive:|Packaging:positive:
R00853,positive,Positive,Food Quality,,Food Quality:positive:
R00854,positive,Positive,Delivery,,Delivery:positive:
R00855,neutral,Neutral,Other,,
R00856,positive,Positive,Food Quality,,Food Quality:positive:|Customer Service:positive:
R00857,negative,Negative,Order Accuracy,Wrong items,Order Accuracy:negative:Wrong items
R00858,positive,Positive,Delivery,,Delivery:positive:
R00859,positive,Positive,Delivery,,Delivery:positive:
R00860,positive,Positive,Food Quality,,Food Quality:positive:
R00861,negative,Negative,Delivery,Late delivery,Delivery:negative:Late delivery
R00862,negative,Negative,App,App crashes or bugs,App:negative:App crashes or bugs
R00863,positive,Positive,Delivery,,Delivery:positive:
R00864,positive,Positive,Packaging,,Packaging:positive:|Food Quality:positive:
R00865,positive,Positive,Pricing,,Pricing:positive:
R00866,negative,Negative,Customer Service,Unresponsive support,Customer Service:negative:Unresponsive support
R00867,mixed,Neutral,Delivery,Late delivery,Delivery:negative:Late delivery|Food Quality:positive:
R00868,positive,Positive,Delivery,,Delivery:positive:
R00869,mixed,Neutral,Customer Service,Refund problems,Customer Service:negative:Refund problems|Pricing:positive:
R00870,positive,Positive,Packaging,,Packaging:positive:
R00871,positive,Positive,Food Quality,,Food Quality:positive:
R00872,neutral,Neutral,Other,,
R00873,positive,Positive,Food Quality,,Food Quality:positive:
R00874,negative,Negative,Food Quality,Poor taste,Food Quality:negative:Poor taste
R00875,positive,Positive,Delivery,,Delivery:positive:
R00876,negative,Negative,Delivery,Late delivery,Delivery:negative:Late delivery
R00877,positive,Positive,Delivery,,Delivery:positive:
R00878,positive,Positive,Pricing,,Pricing:positive:|Food Quality:positive:
R00879,positive,Positive,Delivery,,Delivery:positive:|Customer Service:positive:
R00880,positive,Positive,Delivery,,Delivery:positive:|Food Quality:positive:
R00881,negative,Negative,Delivery,Late delivery,Delivery:negative:Late delivery|Food Quality:negative:Cold food
R00882,positive,Positive,Food Quality,,Food Quality:positive:
R00883,positive,Positive,Packaging,,Packaging:positive:
R00884,neutral,Neutral,Other,,
R00885,negative,Negative,Delivery,Late delivery,Delivery:negative:Late delivery
R00886,positive,Positive,Food Quality,,Food Quality:positive:
R00887,negative,Negative,Delivery,Late delivery,Delivery:negative:Late delivery|Customer Service:negative:Refund problems
R00888,neutral,Neutral,Other,,
R00889,negative,Negative,Packaging,Poor packaging,Packaging:negative:Poor packaging
R00890,negative,Negative,Order Accuracy,Missing items,Order Accuracy:negative:Missing items
R00891,mixed,Neutral,App,App crashes or bugs,App:negative:App crashes or bugs|Food Quality:positive:
R00892,positive,Positive,Food Quality,,Food Quality:positive:
R00893,negative,Negative,Delivery,Late delivery,Delivery:negative:Late delivery
R00894,neutral,Neutral,Other,,
R00895,positive,Positive,App,,App:positive:
R00896,mixed,Positive,Order Accuracy,Wrong items,Order Accuracy:negative:Wrong items|Packaging:positive:
R00897,positive,Positive,App,,App:positive:|Food Quality:positive:
R00898,mixed,Negative,Delivery,Order not delivered,Delivery:negative:Order not delivered|Pricing:positive:
R00899,positive,Positive,Packaging,,Packaging:positive:
R00900,positive,Positive,Food Quality,,Food Quality:positive:
R00901,negative,Negative,Order Accuracy,Missing items,Order Accuracy:negative:Missing items
R00902,negative,Negative,Delivery,Late delivery,Delivery:negative:Late delivery
R00903,positive,Positive,Customer Service,,Customer Service:positive:|Food Quality:positive:
R00904,negative,Negative,Delivery,Late delivery,Delivery:negative:Late delivery
R00905,positive,Positive,App,,App:positive:
R00906,positive,Positive,Packaging,,Packaging:positive:
R00907,positive,Positive,Food Quality,,Food Quality:positive:|Pricing:positive:
R00908,positive,Positive,Food Quality,,Food Quality:positive:
R00909,negative,Negative,App,Payment failure,App:negative:Payment failure|Delivery:negative:Late delivery
R00910,positive,Positive,Food Quality,,Food Quality:positive:
R00911,neutral,Neutral,Other,,
R00912,negative,Negative,Delivery,Order not delivered,Delivery:negative:Order not delivered
R00913,positive,Positive,Delivery,,Delivery:positive:
R00914,positive,Positive,Pricing,,Pricing:positive:
R00915,neutral,Neutral,Other,,
R00916,positive,Positive,Food Quality,,Food Quality:positive:
R00917,negative,Negative,Delivery,Late delivery,Delivery:negative:Late delivery
R00918,negative,Negative,Food Quality,Poor taste,Food Quality:negative:Poor taste
R00919,positive,Positive,Delivery,,Delivery:positive:|Food Quality:positive:
R00920,negative,Negative,Customer Service,Unresponsive support,Customer Service:negative:Unresponsive support
R00921,positive,Positive,Food Quality,,Food Quality:positive:
R00922,positive,Positive,Food Quality,,Food Quality:positive:
R00923,positive,Positive,Food Quality,,Food Quality:positive:|Delivery:positive:
R00924,positive,Positive,Food Quality,,Food Quality:positive:
R00925,negative,Negative,Pricing,Too expensive,Pricing:negative:Too expensive
R00926,positive,Positive,Pricing,,Pricing:positive:|Food Quality:positive:
R00927,negative,Negative,Packaging,Poor packaging,Packaging:negative:Poor packaging
R00928,negative,Negative,Pricing,Too expensive,Pricing:negative:Too expensive
R00929,negative,Negative,App,App crashes or bugs,App:negative:App crashes or bugs
R00930,negative,Negative,Food Quality,Poor taste,Food Quality:negative:Poor taste
R00931,positive,Positive,Delivery,,Delivery:positive:
R00932,negative,Negative,Order Accuracy,Missing items,Order Accuracy:negative:Missing items
R00933,positive,Positive,Delivery,,Delivery:positive:|Food Quality:positive:
R00934,negative,Negative,Packaging,Spilled or leaking,Packaging:negative:Spilled or leaking
R00935,positive,Positive,Delivery,,Delivery:positive:
R00936,positive,Positive,Delivery,,Delivery:positive:
R00937,positive,Positive,Food Quality,,Food Quality:positive:
R00938,positive,Positive,Pricing,,Pricing:positive:
R00939,positive,Positive,Delivery,,Delivery:positive:
R00940,positive,Positive,Food Quality,,Food Quality:positive:
R00941,positive,Positive,Food Quality,,Food Quality:positive:|Packaging:positive:
R00942,positive,Positive,Food Quality,,Food Quality:positive:
R00943,negative,Negative,Order Accuracy,Wrong items,Order Accuracy:negative:Wrong items
R00944,positive,Positive,Delivery,,Delivery:positive:
R00945,positive,Positive,Food Quality,,Food Quality:positive:
R00946,positive,Positive,Food Quality,,Food Quality:positive:
R00947,positive,Positive,Food Quality,,Food Quality:positive:
R00948,positive,Positive,Food Quality,,Food Quality:positive:
R00949,positive,Positive,Food Quality,,Food Quality:positive:
R00950,positive,Positive,Food Quality,,Food Quality:positive:
R00951,negative,Negative,Delivery,Late delivery,Delivery:negative:Late delivery
R00952,negative,Negative,Food Quality,Poor taste,Food Quality:negative:Poor taste
R00953,neutral,Neutral,Other,,
R00954,positive,Positive,Food Quality,,Food Quality:positive:
R00955,negative,Negative,Pricing,Too expensive,Pricing:negative:Too expensive
R00956,negative,Negative,Packaging,Spilled or leaking,Packaging:negative:Spilled or leaking
R00957,positive,Positive,Delivery,,Delivery:positive:
R00958,mixed,Neutral,Customer Service,Unresponsive support,Customer Service:negative:Unresponsive support|Food Quality:positive:
R00959,positive,Positive,Packaging,,Packaging:positive:|App:positive:
R00960,neutral,Neutral,Other,,
R00961,positive,Positive,Food Quality,,Food Quality:positive:|Delivery:positive:
R00962,neutral,Neutral,Other,,
R00963,positive,Positive,Food Quality,,Food Quality:positive:
R00964,positive,Positive,Delivery,,Delivery:positive:
R00965,positive,Positive,Food Quality,,Food Quality:positive:
R00966,neutral,Neutral,Other,,
R00967,mixed,Negative,Pricing,Promo not applied,Pricing:negative:Promo not applied|Packaging:positive:
R00968,neutral,Neutral,Other,,
R00969,positive,Positive,Delivery,,Delivery:positive:
R00970,mixed,Neutral,Pricing,Too expensive,Pricing:negative:Too expensive|Food Quality:positive:
R00971,neutral,Neutral,Other,,
R00972,negative,Negative,Delivery,Late delivery,Delivery:negative:Late delivery
R00973,neutral,Neutral,Other,,
R00974,negative,Negative,Delivery,Late delivery,Delivery:negative:Late delivery
R00975,negative,Negative,Delivery,Late delivery,Delivery:negative:Late delivery|Order Accuracy:negative:Missing items
R00976,negative,Negative,Customer Service,Refund problems,Customer Service:negative:Refund problems
R00977,positive,Positive,Food Quality,,Food Quality:positive:
R00978,neutral,Neutral,Other,,
R00979,positive,Positive,Packaging,,Packaging:positive:
R00980,mixed,Negative,Order Accuracy,Wrong items,Order Accuracy:negative:Wrong items|Packaging:positive:
R00981,positive,Positive,Delivery,,Delivery:positive:
R00982,positive,Positive,Delivery,,Delivery:positive:
R00983,positive,Positive,Food Quality,,Food Quality:positive:
R00984,positive,Positive,Packaging,,Packaging:positive:
R00985,negative,Negative,Packaging,Spilled or leaking,Packaging:negative:Spilled or leaking|Delivery:negative:Courier behaviour
R00986,positive,Positive,Food Quality,,Food Quality:positive:
R00987,negative,Negative,Order Accuracy,Missing items,Order Accuracy:negative:Missing items
R00988,mixed,Negative,Delivery,Late delivery,Delivery:negative:Late delivery|App:positive:
R00989,neutral,Neutral,Other,,
R00990,positive,Positive,Packaging,,Packaging:positive:|App:positive:
R00991,positive,Positive,Food Quality,,Food Quality:positive:
R00992,negative,Negative,Order Accuracy,Missing items,Order Accuracy:negative:Missing items|Pricing:negative:Too expensive
R00993,mixed,Neutral,Delivery,Late delivery,Delivery:negative:Late delivery|Food Quality:positive:
R00994,mixed,Neutral,Packaging,Poor packaging,Packaging:negative:Poor packaging|App:positive:
R00995,mixed,Negative,Order Accuracy,Missing items,Order Accuracy:negative:Missing items|Food Quality:positive:
R00996,mixed,Positive,Pricing,Too expensive,Pricing:negative:Too expensive|Delivery:positive:
R00997,positive,Positive,Food Quality,,Food Quality:positive:
R00998,positive,Positive,Food Quality,,Food Quality:positive:
R00999,neutral,Neutral,Other,,
R01000,positive,Positive,Food Quality,,Food Quality:positive:|Delivery:positive:
R01001,positive,Positive,Food Quality,,Food Quality:positive:
R01002,mixed,Negative,Order Accuracy,Wrong items,Order Accuracy:negative:Wrong items|Food Quality:positive:
R01003,negative,Negative,Food Quality,Cold food,Food Quality:negative:Cold food
R01004,neutral,Neutral,Other,,
R01005,positive,Positive,Food Quality,,Food Quality:positive:
R01006,mixed,Neutral,Packaging,Spilled or leaking,Packaging:negative:Spilled or leaking|Delivery:positive:
R01007,negative,Negative,Delivery,Late delivery,Delivery:negative:Late delivery
R01008,negative,Negative,Delivery,Late delivery,Delivery:negative:Late delivery|Delivery:negative:Order not delivered
R01009,negative,Negative,Order Accuracy,Wrong items,Order Accuracy:negative:Wrong items|Order Accuracy:negative:Missing items
R01010,positive,Positive,Packaging,,Packaging:positive:
R01011,positive,Positive,Pricing,,Pricing:positive:
R01012,negative,Negative,Delivery,Late delivery,Delivery:negative:Late delivery
R01013,negative,Negative,Pricing,Too expensive,Pricing:negative:Too expensive
R01014,negative,Negative,Delivery,Late delivery,Delivery:negative:Late delivery
R01015,positive,Positive,Food Quality,,Food Quality:positive:
R01016,positive,Positive,App,,App:positive:
R01017,positive,Positive,Packaging,,Packaging:positive:
R01018,negative,Negative,Food Quality,Poor taste,Food Quality:negative:Poor taste
R01019,positive,Positive,Food Quality,,Food Quality:positive:
R01020,negative,Negative,Delivery,Late delivery,Delivery:negative:Late delivery
R01021,positive,Positive,Food Quality,,Food Quality:positive:
R01022,positive,Positive,Delivery,,Delivery:positive:|Food Quality:positive:
R01023,negative,Negative,Food Quality,Poor taste,Food Quality:negative:Poor taste
R01024,positive,Positive,Packaging,,Packaging:positive:|Pricing:positive:
R01025,negative,Negative,Order Accuracy,Missing items,Order Accuracy:negative:Missing items
R01026,positive,Positive,Food Quality,,Food Quality:positive:
R01027,positive,Positive,Delivery,,Delivery:positive:
R01028,positive,Positive,Food Quality,,Food Quality:positive:|App:positive:
R01029,positive,Positive,Packaging,,Packaging:positive:
R01030,negative,Negative,Pricing,Promo not applied,Pricing:negative:Promo not applied
R01031,neutral,Neutral,Other,,
R01032,positive,Positive,Packaging,,Packaging:positive:
R01033,negative,Negative,Delivery,Courier behaviour,Delivery:negative:Courier behaviour
R01034,positive,Positive,Food Quality,,Food Quality:positive:|Customer Service:positive:
R01035,negative,Negative,Delivery,Courier behaviour,Delivery:negative:Courier behaviour
R01036,positive,Positive,Packaging,,Packaging:positive:
R01037,positive,Positive,Food Quality,,Food Quality:positive:
R01038,positive,Positive,Packaging,,Packaging:positive:|Delivery:positive:
R01039,negative,Negative,Delivery,Late delivery,Delivery:negative:Late delivery
R01040,negative,Negative,Food Quality,Cold food,Food Quality:negative:Cold food
R01041,negative,Negative,Order Accuracy,Missing items,Order Accuracy:negative:Missing items
R01042,positive,Positive,Delivery,,Delivery:positive:|Food Quality:positive:
R01043,positive,Positive,Delivery,,Delivery:positive:
R01044,mixed,Negative,Order Accuracy,Missing items,Order Accuracy:negative:Missing items|App:positive:
R01045,positive,Positive,Food Quality,,Food Quality:positive:
R01046,positive,Positive,Pricing,,Pricing:positive:
R01047,negative,Negative,Delivery,Courier behaviour,Delivery:negative:Courier behaviour
R01048,negative,Negative,App,App crashes or bugs,App:negative:App crashes or bugs
R01049,positive,Positive,Packaging,,Packaging:positive:
R01050,positive,Positive,Food Quality,,Food Quality:positive:|App:positive:
R01051,positive,Positive,Food Quality,,Food Quality:positive:
R01052,negative,Negative,Food Quality,Undercooked or stale food,Food Quality:negative:Undercooked or stale food
R01053,mixed,Positive,Delivery,Courier behaviour,Delivery:negative:Courier behaviour|App:positive:
R01054,negative,Negative,Food Quality,Cold food,Food Quality:negative:Cold food
R01055,mixed,Neutral,Order Accuracy,Wrong items,Order Accuracy:negative:Wrong items|Food Quality:positive:
R01056,negative,Negative,Food Quality,Cold food,Food Quality:negative:Cold food
R01057,positive,Positive,Packaging,,Packaging:positive:
R01058,positive,Positive,Delivery,,Delivery:positive:|Packaging:positive:
R01059,mixed,Positive,Packaging,Poor packaging,Packaging:negative:Poor packaging|Pricing:positive:
R01060,positive,Positive,Food Quality,,Food Quality:positive:
R01061,positive,Positive,Delivery,,Delivery:positive:|Pricing:positive:
R01062,positive,Positive,App,,App:positive:
R01063,positive,Positive,Food Quality,,Food Quality:positive:
R01064,neutral,Neutral,Other,,
R01065,positive,Positive,Food Quality,,Food Quality:positive:
R01066,positive,Positive,Food Quality,,Food Quality:positive:
R01067,positive,Positive,Food Quality,,Food Quality:positive:|Delivery:positive:
R01068,positive,Positive,Food Quality,,Food Quality:positive:|App:positive:
R01069,negative,Negative,Packaging,Poor packaging,Packaging:negative:Poor packaging
R01070,positive,Positive,Food Quality,,Food Quality:positive:
R01071,positive,Positive,Delivery,,Delivery:positive:|Pricing:positive:
R01072,negative,Negative,Delivery,Late delivery,Delivery:negative:Late delivery
R01073,positive,Positive,Delivery,,Delivery:positive:
R01074,positive,Positive,Delivery,,Delivery:positive:
R01075,negative,Negative,Customer Service,Unresponsive support,Customer Service:negative:Unresponsive support
R01076,positive,Positive,Delivery,,Delivery:positive:
R01077,positive,Positive,Food Quality,,Food Quality:positive:
R01078,positive,Positive,Food Quality,,Food Quality:positive:|Packaging:positive:
R01079,positive,Positive,App,,App:positive:|Pricing:positive:
R01080,positive,Positive,Food Quality,,Food Quality:positive:|Delivery:positive:
R01081,negative,Negative,Order Accuracy,Missing items,Order Accuracy:negative:Missing items
R01082,positive,Positive,Packaging,,Packaging:positive:|Food Quality:positive:
R01083,positive,Positive,Delivery,,Delivery:positive:
R01084,negative,Negative,Packaging,Poor packaging,Packaging:negative:Poor packaging
R01085,positive,Positive,Pricing,,Pricing:positive:|Delivery:positive:
R01086,positive,Positive,Delivery,,Delivery:positive:
R01087,negative,Negative,Pricing,Too expensive,Pricing:negative:Too expensive
R01088,positive,Positive,Packaging,,Packaging:positive:
R01089,mixed,Positive,Pricing,Promo not applied,Pricing:negative:Promo not applied|App:positive:
R01090,positive,Positive,Pricing,,Pricing:positive:
R01091,mixed,Positive,Packaging,Poor packaging,Packaging:negative:Poor packaging|Food Quality:positive:
R01092,positive,Positive,Delivery,,Delivery:positive:|Food Quality:positive:
R01093,neutral,Neutral,Other,,
R01094,negative,Negative,Order Accuracy,Missing items,Order Accuracy:negative:Missing items
R01095,positive,Positive,Food Quality,,Food Quality:positive:
R01096,negative,Negative,Delivery,Late delivery,Delivery:negative:Late delivery
R01097,mixed,Positive,Packaging,Poor packaging,Packaging:negative:Poor packaging|Food Quality:positive:
R01098,positive,Positive,Food Quality,,Food Quality:positive:
R01099,neutral,Neutral,Other,,
R01100,negative,Negative,Food Quality,Poor taste,Food Quality:negative:Poor taste
R01101,negative,Negative,Delivery,Courier behaviour,Delivery:negative:Courier behaviour
R01102,positive,Positive,Packaging,,Packaging:positive:|Pricing:positive:
R01103,mixed,Neutral,Delivery,Late delivery,Delivery:negative:Late delivery|App:positive:
R01104,negative,Negative,App,App crashes or bugs,App:negative:App crashes or bugs
R01105,mixed,Negative,Order Accuracy,Missing items,Order Accuracy:negative:Missing items|Food Quality:positive:
R01106,negative,Negative,Delivery,Late delivery,Delivery:negative:Late delivery
R01107,positive,Positive,Food Quality,,Food Quality:positive:
R01108,positive,Positive,Packaging,,Packaging:positive:
R01109,positive,Positive,Pricing,,Pricing:positive:|Customer Service:positive:
R01110,positive,Positive,Pricing,,Pricing:positive:|Delivery:positive:
R01111,positive,Positive,Packaging,,Packaging:positive:|Food Quality:positive:
R01112,negative,Negative,Order Accuracy,Wrong items,Order Accuracy:negative:Wrong items
R01113,positive,Positive,Delivery,,Delivery:positive:
R01114,positive,Positive,Packaging,,Packaging:positive:|Food Quality:positive:
R01115,negative,Negative,Food Quality,Poor taste,Food Quality:negative:Poor taste|Food Quality:negative:Cold food
R01116,negative,Negative,Pricing,Too expensive,Pricing:negative:Too expensive
R01117,negative,Negative,Delivery,Order not delivered,Delivery:negative:Order not delivered|Packaging:negative:Spilled or leaking
R01118,negative,Negative,Order Accuracy,Missing items,Order Accuracy:negative:Missing items|Food Quality:negative:Undercooked or stale food
R01119,positive,Positive,Delivery,,Delivery:positive:
R01120,negative,Negative,Delivery,Late delivery,Delivery:negative:Late delivery
R01121,positive,Positive,Pricing,,Pricing:positive:|Food Quality:positive:
R01122,negative,Negative,Delivery,Late delivery,Delivery:negative:Late delivery|Packaging:negative:Spilled or leaking
R01123,neutral,Neutral,Other,,
R01124,negative,Negative,App,App crashes or bugs,App:negative:App crashes or bugs|Packaging:negative:Spilled or leaking
R01125,mixed,Positive,Delivery,Late delivery,Delivery:negative:Late delivery|App:positive:
R01126,negative,Negative,Delivery,Late delivery,Delivery:negative:Late delivery|Food Quality:negative:Cold food
R01127,positive,Positive,Food Quality,,Food Quality:positive:
R01128,negative,Negative,App,Payment failure,App:negative:Payment failure
R01129,negative,Negative,Order Accuracy,Wrong items,Order Accuracy:negative:Wrong items
R01130,mixed,Positive,Order Accuracy,Wrong items,Order Accuracy:negative:Wrong items|Delivery:positive:
R01131,negative,Negative,App,Payment failure,App:negative:Payment failure
R01132,negative,Negative,Food Quality,Poor taste,Food Quality:negative:Poor taste
R01133,positive,Positive,Customer Service,,Customer Service:positive:
R01134,neutral,Neutral,Other,,
R01135,neutral,Neutral,Other,,
R01136,neutral,Neutral,Other,,
R01137,positive,Positive,App,,App:positive:
R01138,negative,Negative,Food Quality,Cold food,Food Quality:negative:Cold food
R01139,neutral,Neutral,Other,,
R01140,mixed,Neutral,Food Quality,Cold food,Food Quality:negative:Cold food|Packaging:positive:
R01141,mixed,Neutral,Delivery,Late delivery,Delivery:negative:Late delivery|Delivery:positive:
R01142,positive,Positive,Food Quality,,Food Quality:positive:
R01143,negative,Negative,Customer Service,Refund problems,Customer Service:negative:Refund problems|Delivery:negative:Late delivery
R01144,mixed,Neutral,Order Accuracy,Missing items,Order Accuracy:negative:Missing items|Packaging:positive:
R01145,neutral,Neutral,Other,,
R01146,negative,Negative,Food Quality,Poor taste,Food Quality:negative:Poor taste
R01147,positive,Positive,Pricing,,Pricing:positive:|App:positive:
R01148,positive,Positive,Delivery,,Delivery:positive:|Food Quality:positive:
R01149,negative,Negative,Delivery,Late delivery,Delivery:negative:Late delivery|Delivery:negative:Order not delivered
R01150,negative,Negative,Customer Service,Refund problems,Customer Service:negative:Refund problems
R01151,mixed,Positive,Packaging,Poor packaging,Packaging:negative:Poor packaging|Packaging:positive:
R01152,negative,Negative,Order Accuracy,Wrong items,Order Accuracy:negative:Wrong items
R01153,negative,Negative,Delivery,Late delivery,Delivery:negative:Late delivery
R01154,negative,Negative,Delivery,Late delivery,Delivery:negative:Late delivery
R01155,positive,Positive,Pricing,,Pricing:positive:
R01156,negative,Negative,Food Quality,Cold food,Food Quality:negative:Cold food
R01157,neutral,Neutral,Other,,
R01158,negative,Negative,Pricing,Too expensive,Pricing:negative:Too expensive
R01159,positive,Positive,Delivery,,Delivery:positive:
R01160,mixed,Neutral,Order Accuracy,Missing items,Order Accuracy:negative:Missing items|Food Quality:positive:
R01161,positive,Positive,Pricing,,Pricing:positive:
R01162,positive,Positive,Food Quality,,Food Quality:positive:|Delivery:positive:
R01163,positive,Positive,Food Quality,,Food Quality:positive:
R01164,positive,Positive,Delivery,,Delivery:positive:
R01165,neutral,Neutral,Other,,
R01166,mixed,Positive,Pricing,Hidden or high fees,Pricing:negative:Hidden or high fees|Food Quality:positive:
R01167,positive,Positive,Food Quality,,Food Quality:positive:
R01168,mixed,Positive,App,Inaccurate tracking,App:negative:Inaccurate tracking|App:positive:
R01169,negative,Negative,Delivery,Late delivery,Delivery:negative:Late delivery
R01170,negative,Negative,Order Accuracy,Wrong items,Order Accuracy:negative:Wrong items
R01171,positive,Positive,Food Quality,,Food Quality:positive:
R01172,positive,Positive,Delivery,,Delivery:positive:
R01173,positive,Positive,Delivery,,Delivery:positive:
R01174,positive,Positive,Delivery,,Delivery:positive:
R01175,mixed,Neutral,Packaging,Spilled or leaking,Packaging:negative:Spilled or leaking|App:positive:
R01176,positive,Positive,App,,App:positive:
R01177,negative,Negative,Packaging,Poor packaging,Packaging:negative:Poor packaging
R01178,positive,Positive,Pricing,,Pricing:positive:
R01179,positive,Positive,Packaging,,Packaging:positive:
R01180,positive,Positive,Delivery,,Delivery:positive:
R01181,positive,Positive,Delivery,,Delivery:positive:
R01182,positive,Positive,Packaging,,Packaging:positive:
R01183,positive,Positive,Food Quality,,Food Quality:positive:
R01184,positive,Positive,Pricing,,Pricing:positive:
R01185,negative,Negative,Delivery,Late delivery,Delivery:negative:Late delivery
R01186,negative,Negative,Packaging,Spilled or leaking,Packaging:negative:Spilled or leaking
R01187,mixed,Neutral,Order Accuracy,Missing items,Order Accuracy:negative:Missing items|Food Quality:positive:
R01188,negative,Negative,Pricing,Too expensive,Pricing:negative:Too expensive
R01189,positive,Positive,Food Quality,,Food Quality:positive:|App:positive:
R01190,positive,Positive,Packaging,,Packaging:positive:
R01191,positive,Positive,Food Quality,,Food Quality:positive:
R01192,negative,Negative,App,Payment failure,App:negative:Payment failure|Delivery:negative:Late delivery
R01193,negative,Negative,Food Quality,Poor taste,Food Quality:negative:Poor taste|Food Quality:negative:Cold food
R01194,negative,Negative,Packaging,Poor packaging,Packaging:negative:Poor packaging
R01195,negative,Negative,Order Accuracy,Missing items,Order Accuracy:negative:Missing items
R01196,positive,Positive,Pricing,,Pricing:positive:
R01197,mixed,Neutral,Delivery,Late delivery,Delivery:negative:Late delivery|Customer Service:positive:
R01198,negative,Negative,Delivery,Late delivery,Delivery:negative:Late delivery
R01199,positive,Positive,Food Quality,,Food Quality:positive:
R01200,positive,Positive,Delivery,,Delivery:positive:|Food Quality:positive:
R01201,positive,Positive,Food Quality,,Food Quality:positive:
R01202,positive,Positive,Delivery,,Delivery:positive:
R01203,positive,Positive,Food Quality,,Food Quality:positive:
R01204,positive,Positive,Delivery,,Delivery:positive:
R01205,positive,Positive,Pricing,,Pricing:positive:
R01206,mixed,Positive,App,App crashes or bugs,App:negative:App crashes or bugs|Delivery:positive:
R01207,mixed,Positive,Food Quality,Cold food,Food Quality:negative:Cold food|Food Quality:positive:
R01208,positive,Positive,Food Quality,,Food Quality:positive:
R01209,negative,Negative,Order Accuracy,Wrong items,Order Accuracy:negative:Wrong items
R01210,neutral,Neutral,Other,,
R01211,positive,Positive,Food Quality,,Food Quality:positive:|Packaging:positive:
R01212,negative,Negative,Delivery,Order not delivered,Delivery:negative:Order not delivered
R01213,positive,Positive,Food Quality,,Food Quality:positive:
R01214,mixed,Negative,Food Quality,Undercooked or stale food,Food Quality:negative:Undercooked or stale food|Packaging:positive:
R01215,negative,Negative,App,App crashes or bugs,App:negative:App crashes or bugs|Order Accuracy:negative:Missing items
R01216,neutral,Neutral,Other,,
R01217,positive,Positive,Pricing,,Pricing:positive:
R01218,mixed,Neutral,Delivery,Late delivery,Delivery:negative:Late delivery|Food Quality:positive:
R01219,neutral,Neutral,Other,,
R01220,positive,Positive,Packaging,,Packaging:positive:|Delivery:positive:
R01221,positive,Positive,Delivery,,Delivery:positive:|Food Quality:positive:
R01222,negative,Negative,App,App crashes or bugs,App:negative:App crashes or bugs
R01223,positive,Positive,Food Quality,,Food Quality:positive:
R01224,positive,Positive,Delivery,,Delivery:positive:
R01225,neutral,Neutral,Other,,
R01226,negative,Negative,App,App crashes or bugs,App:negative:App crashes or bugs
R01227,negative,Negative,Order Accuracy,Wrong items,Order Accuracy:negative:Wrong items|Food Quality:negative:Cold food
R01228,positive,Positive,Packaging,,Packaging:positive:
R01229,negative,Negative,Pricing,Hidden or high fees,Pricing:negative:Hidden or high fees
R01230,mixed,Neutral,Delivery,Late delivery,Delivery:negative:Late delivery|Delivery:positive:
R01231,neutral,Neutral,Other,,
R01232,negative,Negative,Delivery,Late delivery,Delivery:negative:Late delivery
R01233,mixed,Negative,Delivery,Late delivery,Delivery:negative:Late delivery|Delivery:positive:
R01234,positive,Positive,Food Quality,,Food Quality:positive:
R01235,negative,Negative,Food Quality,Cold food,Food Quality:negative:Cold food
R01236,mixed,Neutral,Delivery,Late delivery,Delivery:negative:Late delivery|Packaging:positive:
R01237,positive,Positive,Food Quality,,Food Quality:positive:
R01238,positive,Positive,Delivery,,Delivery:positive:
R01239,negative,Negative,Customer Service,Unresponsive support,Customer Service:negative:Unresponsive support
R01240,negative,Negative,Delivery,Late delivery,Delivery:negative:Late delivery
R01241,neutral,Neutral,Other,,
R01242,negative,Negative,Pricing,Too expensive,Pricing:negative:Too expensive|App:negative:App crashes or bugs
R01243,positive,Positive,Delivery,,Delivery:positive:|Food Quality:positive:
R01244,positive,Positive,Pricing,,Pricing:positive:
R01245,positive,Positive,Food Quality,,Food Quality:positive:
R01246,mixed,Positive,Food Quality,Cold food,Food Quality:negative:Cold food|Delivery:positive:
R01247,positive,Positive,Pricing,,Pricing:positive:
R01248,positive,Positive,Food Quality,,Food Quality:positive:
R01249,positive,Positive,Delivery,,Delivery:positive:
R01250,positive,Positive,App,,App:positive:
R01251,positive,Positive,Delivery,,Delivery:positive:
R01252,negative,Negative,App,App crashes or bugs,App:negative:App crashes or bugs|Order Accuracy:negative:Missing items
R01253,positive,Positive,Food Quality,,Food Quality:positive:
R01254,mixed,Neutral,App,App crashes or bugs,App:negative:App crashes or bugs|Food Quality:positive:
R01255,positive,Positive,Food Quality,,Food Quality:positive:
R01256,positive,Positive,Delivery,,Delivery:positive:
R01257,negative,Negative,App,App crashes or bugs,App:negative:App crashes or bugs
R01258,positive,Positive,Food Quality,,Food Quality:positive:
R01259,positive,Positive,Food Quality,,Food Quality:positive:
R01260,positive,Positive,Food Quality,,Food Quality:positive:|Delivery:positive:
R01261,mixed,Neutral,Pricing,Too expensive,Pricing:negative:Too expensive|Delivery:positive:
R01262,negative,Negative,Order Accuracy,Missing items,Order Accuracy:negative:Missing items
R01263,negative,Negative,Delivery,Courier behaviour,Delivery:negative:Courier behaviour
R01264,negative,Negative,Customer Service,Unresponsive support,Customer Service:negative:Unresponsive support
R01265,negative,Negative,Food Quality,Cold food,Food Quality:negative:Cold food
R01266,mixed,Neutral,Food Quality,Cold food,Food Quality:negative:Cold food|Food Quality:positive:
R01267,positive,Positive,Pricing,,Pricing:positive:
R01268,positive,Positive,Food Quality,,Food Quality:positive:
R01269,positive,Positive,Customer Service,,Customer Service:positive:
R01270,positive,Positive,Customer Service,,Customer Service:positive:
R01271,positive,Positive,Food Quality,,Food Quality:positive:
R01272,negative,Negative,Pricing,Hidden or high fees,Pricing:negative:Hidden or high fees
R01273,negative,Negative,Delivery,Late delivery,Delivery:negative:Late delivery
R01274,positive,Positive,Delivery,,Delivery:positive:
R01275,mixed,Positive,Delivery,Late delivery,Delivery:negative:Late delivery|Delivery:positive:
R01276,positive,Positive,Food Quality,,Food Quality:positive:|Delivery:positive:
R01277,positive,Positive,Food Quality,,Food Quality:positive:
R01278,positive,Positive,Food Quality,,Food Quality:positive:
R01279,mixed,Positive,Packaging,Poor packaging,Packaging:negative:Poor packaging|Delivery:positive:
R01280,positive,Positive,Pricing,,Pricing:positive:
R01281,positive,Positive,Food Quality,,Food Quality:positive:
R01282,positive,Positive,Packaging,,Packaging:positive:
R01283,positive,Positive,Packaging,,Packaging:positive:
R01284,positive,Positive,Food Quality,,Food Quality:positive:
R01285,mixed,Positive,Delivery,Late delivery,Delivery:negative:Late delivery|Delivery:positive:
R01286,positive,Positive,Food Quality,,Food Quality:positive:|Pricing:positive:
R01287,positive,Positive,Packaging,,Packaging:positive:
R01288,positive,Positive,Pricing,,Pricing:positive:|Delivery:positive:
R01289,positive,Positive,App,,App:positive:
R01290,negative,Negative,Order Accuracy,Missing items,Order Accuracy:negative:Missing items
R01291,negative,Negative,Food Quality,Cold food,Food Quality:negative:Cold food
R01292,positive,Positive,Food Quality,,Food Quality:positive:
R01293,positive,Positive,Food Quality,,Food Quality:positive:
R01294,negative,Negative,Pricing,Hidden or high fees,Pricing:negative:Hidden or high fees
R01295,neutral,Neutral,Other,,
R01296,positive,Positive,Food Quality,,Food Quality:positive:|Delivery:positive:
R01297,positive,Positive,Pricing,,Pricing:positive:
R01298,neutral,Neutral,Other,,
R01299,negative,Negative,Pricing,Hidden or high fees,Pricing:negative:Hidden or high fees
R01300,positive,Positive,Food Quality,,Food Quality:positive:|Delivery:positive:
R01301,positive,Positive,Pricing,,Pricing:positive:
R01302,negative,Negative,Packaging,Spilled or leaking,Packaging:negative:Spilled or leaking
R01303,negative,Negative,Order Accuracy,Wrong items,Order Accuracy:negative:Wrong items|Order Accuracy:negative:Missing items
R01304,neutral,Neutral,Other,,
R01305,positive,Positive,Delivery,,Delivery:positive:
R01306,negative,Negative,Packaging,Spilled or leaking,Packaging:negative:Spilled or leaking
R01307,mixed,Neutral,App,App crashes or bugs,App:negative:App crashes or bugs|Food Quality:positive:
R01308,positive,Positive,Delivery,,Delivery:positive:
R01309,negative,Negative,Packaging,Poor packaging,Packaging:negative:Poor packaging
R01310,positive,Positive,Food Quality,,Food Quality:positive:
R01311,negative,Negative,App,App crashes or bugs,App:negative:App crashes or bugs
R01312,positive,Positive,Delivery,,Delivery:positive:
R01313,positive,Positive,Delivery,,Delivery:positive:
R01314,positive,Positive,Food Quality,,Food Quality:positive:
R01315,positive,Positive,App,,App:positive:
R01316,positive,Positive,Food Quality,,Food Quality:positive:|App:positive:
R01317,positive,Positive,App,,App:positive:
R01318,neutral,Neutral,Other,,
R01319,positive,Positive,Food Quality,,Food Quality:positive:
R01320,negative,Negative,Packaging,Spilled or leaking,Packaging:negative:Spilled or leaking
R01321,negative,Negative,Food Quality,Poor taste,Food Quality:negative:Poor taste
R01322,neutral,Neutral,Other,,
R01323,negative,Negative,Delivery,Late delivery,Delivery:negative:Late delivery|Order Accuracy:negative:Missing items
R01324,mixed,Neutral,Delivery,Late delivery,Delivery:negative:Late delivery|Packaging:positive:
R01325,positive,Positive,Food Quality,,Food Quality:positive:
R01326,positive,Positive,Delivery,,Delivery:positive:
R01327,negative,Negative,Delivery,Late delivery,Delivery:negative:Late delivery
R01328,negative,Negative,Packaging,Spilled or leaking,Packaging:negative:Spilled or leaking
R01329,positive,Positive,Food Quality,,Food Quality:positive:|App:positive:
R01330,neutral,Neutral,Other,,
R01331,negative,Negative,Delivery,Late delivery,Delivery:negative:Late delivery
R01332,neutral,Neutral,Other,,
R01333,positive,Positive,App,,App:positive:
R01334,negative,Negative,Food Quality,Cold food,Food Quality:negative:Cold food
R01335,negative,Negative,Packaging,Poor packaging,Packaging:negative:Poor packaging
R01336,positive,Positive,Delivery,,Delivery:positive:
R01337,positive,Positive,Packaging,,Packaging:positive:|Pricing:positive:
R01338,positive,Positive,Customer Service,,Customer Service:positive:
R01339,negative,Negative,App,Payment failure,App:negative:Payment failure
R01340,negative,Negative,Order Accuracy,Wrong items,Order Accuracy:negative:Wrong items
R01341,positive,Positive,Food Quality,,Food Quality:positive:
R01342,negative,Negative,Delivery,Late delivery,Delivery:negative:Late delivery
R01343,negative,Negative,Order Accuracy,Missing items,Order Accuracy:negative:Missing items
R01344,negative,Negative,App,Inaccurate tracking,App:negative:Inaccurate tracking
R01345,positive,Positive,Food Quality,,Food Quality:positive:
R01346,negative,Negative,Food Quality,Poor taste,Food Quality:negative:Poor taste
R01347,positive,Positive,Pricing,,Pricing:positive:
R01348,negative,Negative,Delivery,Late delivery,Delivery:negative:Late delivery
R01349,positive,Positive,Customer Service,,Customer Service:positive:|App:positive:
R01350,positive,Positive,Food Quality,,Food Quality:positive:|Delivery:positive:
R01351,negative,Negative,Delivery,Late delivery,Delivery:negative:Late delivery|App:negative:App crashes or bugs
R01352,positive,Positive,Food Quality,,Food Quality:positive:
R01353,negative,Negative,Delivery,Late delivery,Delivery:negative:Late delivery
R01354,positive,Positive,Delivery,,Delivery:positive:|Customer Service:positive:
R01355,negative,Negative,Packaging,Spilled or leaking,Packaging:negative:Spilled or leaking|Delivery:negative:Late delivery
R01356,positive,Positive,Packaging,,Packaging:positive:|Food Quality:positive:
R01357,negative,Negative,Order Accuracy,Wrong items,Order Accuracy:negative:Wrong items
R01358,negative,Negative,Delivery,Late delivery,Delivery:negative:Late delivery|Order Accuracy:negative:Missing items
R01359,positive,Positive,Food Quality,,Food Quality:positive:
R01360,positive,Positive,Food Quality,,Food Quality:positive:
R01361,positive,Positive,Food Quality,,Food Quality:positive:
R01362,negative,Negative,App,Payment failure,App:negative:Payment failure|Food Quality:negative:Cold food
R01363,negative,Negative,Food Quality,Undercooked or stale food,Food Quality:negative:Undercooked or stale food
R01364,negative,Negative,Packaging,Spilled or leaking,Packaging:negative:Spilled or leaking
R01365,positive,Positive,Food Quality,,Food Quality:positive:
R01366,neutral,Neutral,Other,,
R01367,positive,Positive,Food Quality,,Food Quality:positive:
R01368,positive,Positive,Delivery,,Delivery:positive:
R01369,negative,Negative,Customer Service,Unresponsive support,Customer Service:negative:Unresponsive support
R01370,positive,Positive,Food Quality,,Food Quality:positive:
R01371,negative,Negative,Delivery,Late delivery,Delivery:negative:Late delivery|Food Quality:negative:Cold food
R01372,negative,Negative,Order Accuracy,Missing items,Order Accuracy:negative:Missing items
R01373,negative,Negative,Packaging,Spilled or leaking,Packaging:negative:Spilled or leaking
R01374,positive,Positive,Delivery,,Delivery:positive:
R01375,neutral,Neutral,Other,,
R01376,positive,Positive,App,,App:positive:|Food Quality:positive:
R01377,positive,Positive,Packaging,,Packaging:positive:|Pricing:positive:
R01378,negative,Negative,Packaging,Spilled or leaking,Packaging:negative:Spilled or leaking
R01379,mixed,Positive,Order Accuracy,Missing items,Order Accuracy:negative:Missing items|Pricing:positive:
R01380,positive,Positive,Food Quality,,Food Quality:positive:
R01381,positive,Positive,Delivery,,Delivery:positive:
R01382,negative,Negative,Food Quality,Cold food,Food Quality:negative:Cold food
R01383,positive,Positive,Food Quality,,Food Quality:positive:
R01384,negative,Negative,App,App crashes or bugs,App:negative:App crashes or bugs
R01385,neutral,Neutral,Other,,
R01386,negative,Negative,Food Quality,Cold food,Food Quality:negative:Cold food
R01387,positive,Positive,Food Quality,,Food Quality:positive:
R01388,negative,Negative,Food Quality,Cold food,Food Quality:negative:Cold food|Delivery:negative:Late delivery
R01389,mixed,Neutral,Order Accuracy,Missing items,Order Accuracy:negative:Missing items|Delivery:positive:
R01390,negative,Negative,Delivery,Order not delivered,Delivery:negative:Order not delivered
R01391,positive,Positive,Food Quality,,Food Quality:positive:
R01392,negative,Negative,App,App crashes or bugs,App:negative:App crashes or bugs
R01393,negative,Negative,Order Accuracy,Missing items,Order Accuracy:negative:Missing items|Customer Service:negative:Refund problems
R01394,negative,Negative,Delivery,Late delivery,Delivery:negative:Late delivery
R01395,negative,Negative,Pricing,Hidden or high fees,Pricing:negative:Hidden or high fees
R01396,negative,Negative,Delivery,Late delivery,Delivery:negative:Late delivery
R01397,positive,Positive,Delivery,,Delivery:positive:
R01398,negative,Negative,App,App crashes or bugs,App:negative:App crashes or bugs
R01399,negative,Negative,Pricing,Promo not applied,Pricing:negative:Promo not applied
R01400,negative,Negative,Order Accuracy,Missing items,Order Accuracy:negative:Missing items
R01401,positive,Positive,Delivery,,Delivery:positive:
R01402,positive,Positive,Delivery,,Delivery:positive:
R01403,neutral,Neutral,Other,,
R01404,positive,Positive,App,,App:positive:
R01405,negative,Negative,Food Quality,Undercooked or stale food,Food Quality:negative:Undercooked or stale food
R01406,positive,Positive,Delivery,,Delivery:positive:|Food Quality:positive:
R01407,neutral,Neutral,Other,,
R01408,positive,Positive,Packaging,,Packaging:positive:
R01409,neutral,Neutral,Other,,
R01410,mixed,Neutral,Order Accuracy,Missing items,Order Accuracy:negative:Missing items|Delivery:positive:
R01411,positive,Positive,App,,App:positive:
R01412,positive,Positive,Pricing,,Pricing:positive:
R01413,negative,Negative,Delivery,Courier behaviour,Delivery:negative:Courier behaviour
R01414,negative,Negative,App,App crashes or bugs,App:negative:App crashes or bugs|Delivery:negative:Late delivery
R01415,negative,Negative,Packaging,Poor packaging,Packaging:negative:Poor packaging
R01416,positive,Positive,Food Quality,,Food Quality:positive:|Packaging:positive:
R01417,neutral,Neutral,Other,,
R01418,positive,Positive,Pricing,,Pricing:positive:
R01419,positive,Positive,Food Quality,,Food Quality:positive:|Pricing:positive:
R01420,negative,Negative,Packaging,Poor packaging,Packaging:negative:Poor packaging
R01421,negative,Negative,Packaging,Poor packaging,Packaging:negative:Poor packaging
R01422,negative,Negative,Customer Service,Unresponsive support,Customer Service:negative:Unresponsive support
R01423,neutral,Neutral,Other,,
R01424,positive,Positive,Food Quality,,Food Quality:positive:
R01425,positive,Positive,Delivery,,Delivery:positive:
R01426,positive,Positive,Food Quality,,Food Quality:positive:
R01427,negative,Negative,Packaging,Spilled or leaking,Packaging:negative:Spilled or leaking
R01428,negative,Negative,Customer Service,Refund problems,Customer Service:negative:Refund problems
R01429,positive,Positive,Food Quality,,Food Quality:positive:
R01430,mixed,Neutral,Customer Service,Unresponsive support,Customer Service:negative:Unresponsive support|Delivery:positive:
R01431,negative,Negative,App,App crashes or bugs,App:negative:App crashes or bugs
R01432,negative,Negative,Pricing,Promo not applied,Pricing:negative:Promo not applied
R01433,neutral,Neutral,Other,,
R01434,positive,Positive,Delivery,,Delivery:positive:
R01435,positive,Positive,Packaging,,Packaging:positive:
R01436,positive,Positive,Food Quality,,Food Quality:positive:|App:positive:
R01437,negative,Negative,Delivery,Late delivery,Delivery:negative:Late delivery|App:negative:App crashes or bugs
R01438,positive,Positive,Packaging,,Packaging:positive:|Delivery:positive:
R01439,positive,Positive,Food Quality,,Food Quality:positive:
R01440,negative,Negative,Delivery,Courier behaviour,Delivery:negative:Courier behaviour
R01441,positive,Positive,Delivery,,Delivery:positive:
R01442,positive,Positive,Food Quality,,Food Quality:positive:
R01443,negative,Negative,Food Quality,Cold food,Food Quality:negative:Cold food
R01444,neutral,Neutral,Other,,
R01445,positive,Positive,Food Quality,,Food Quality:positive:
R01446,negative,Negative,Delivery,Late delivery,Delivery:negative:Late delivery|Customer Service:negative:Unresponsive support
R01447,negative,Negative,App,App crashes or bugs,App:negative:App crashes or bugs|Packaging:negative:Spilled or leaking
R01448,neutral,Neutral,Other,,
R01449,positive,Positive,Pricing,,Pricing:positive:
R01450,positive,Positive,Customer Service,,Customer Service:positive:
R01451,mixed,Neutral,Order Accuracy,Missing items,Order Accuracy:negative:Missing items|Delivery:positive:
R01452,neutral,Neutral,Other,,
R01453,positive,Positive,Delivery,,Delivery:positive:|Packaging:positive:
R01454,mixed,Neutral,Delivery,Late delivery,Delivery:negative:Late delivery|Delivery:positive:
R01455,mixed,Neutral,App,App crashes or bugs,App:negative:App crashes or bugs|Food Quality:positive:
R01456,positive,Positive,Delivery,,Delivery:positive:
R01457,positive,Positive,Delivery,,Delivery:positive:
R01458,positive,Positive,Food Quality,,Food Quality:positive:
R01459,positive,Positive,Food Quality,,Food Quality:positive:
R01460,positive,Positive,Food Quality,,Food Quality:positive:|Packaging:positive:
R01461,positive,Positive,Food Quality,,Food Quality:positive:
R01462,negative,Negative,Food Quality,Poor taste,Food Quality:negative:Poor taste
R01463,negative,Negative,Order Accuracy,Missing items,Order Accuracy:negative:Missing items
R01464,positive,Positive,Food Quality,,Food Quality:positive:|App:positive:
R01465,positive,Positive,Delivery,,Delivery:positive:|Customer Service:positive:
R01466,mixed,Positive,Food Quality,Poor taste,Food Quality:negative:Poor taste|Delivery:positive:
R01467,negative,Negative,Order Accuracy,Wrong items,Order Accuracy:negative:Wrong items
R01468,negative,Negative,Order Accuracy,Missing items,Order Accuracy:negative:Missing items|Customer Service:negative:Unresponsive support
R01469,positive,Positive,Delivery,,Delivery:positive:
R01470,negative,Negative,Delivery,Late delivery,Delivery:negative:Late delivery
R01471,mixed,Neutral,Order Accuracy,Wrong items,Order Accuracy:negative:Wrong items|Delivery:positive:
R01472,positive,Positive,Food Quality,,Food Quality:positive:
R01473,positive,Positive,Food Quality,,Food Quality:positive:|Packaging:positive:
R01474,negative,Negative,App,App crashes or bugs,App:negative:App crashes or bugs
R01475,positive,Positive,Delivery,,Delivery:positive:|Food Quality:positive:
R01476,neutral,Neutral,Other,,
R01477,positive,Positive,App,,App:positive:
R01478,negative,Negative,Delivery,Late delivery,Delivery:negative:Late delivery
R01479,positive,Positive,Delivery,,Delivery:positive:
R01480,negative,Negative,Delivery,Late delivery,Delivery:negative:Late delivery
R01481,negative,Negative,Delivery,Late delivery,Delivery:negative:Late delivery
R01482,positive,Positive,Packaging,,Packaging:positive:
R01483,negative,Negative,App,App crashes or bugs,App:negative:App crashes or bugs|Food Quality:negative:Cold food
R01484,positive,Positive,Food Quality,,Food Quality:positive:
R01485,negative,Negative,Order Accuracy,Missing items,Order Accuracy:negative:Missing items
R01486,positive,Positive,Pricing,,Pricing:positive:
R01487,neutral,Neutral,Other,,
R01488,positive,Positive,Food Quality,,Food Quality:positive:
R01489,mixed,Positive,Order Accuracy,Missing items,Order Accuracy:negative:Missing items|App:positive:
R01490,negative,Negative,Order Accuracy,Missing items,Order Accuracy:negative:Missing items|Delivery:negative:Late delivery
R01491,positive,Positive,Food Quality,,Food Quality:positive:
R01492,positive,Positive,Food Quality,,Food Quality:positive:
R01493,positive,Positive,Food Quality,,Food Quality:positive:
R01494,neutral,Neutral,Other,,
R01495,negative,Negative,Delivery,Late delivery,Delivery:negative:Late delivery|App:negative:App crashes or bugs
R01496,positive,Positive,Delivery,,Delivery:positive:
R01497,negative,Negative,Delivery,Late delivery,Delivery:negative:Late delivery|Delivery:negative:Courier behaviour
R01498,negative,Negative,Customer Service,Unresponsive support,Customer Service:negative:Unresponsive support
R01499,negative,Negative,Customer Service,Unresponsive support,Customer Service:negative:Unresponsive support|Packaging:negative:Poor packaging
R01500,negative,Negative,App,App crashes or bugs,App:negative:App crashes or bugs
R01501,positive,Positive,App,,App:positive:
R01502,negative,Negative,Customer Service,Unresponsive support,Customer Service:negative:Unresponsive support|App:negative:App crashes or bugs
R01503,positive,Positive,Delivery,,Delivery:positive:
R01504,mixed,Negative,Order Accuracy,Missing items,Order Accuracy:negative:Missing items|Food Quality:positive:
R01505,positive,Positive,Customer Service,,Customer Service:positive:
R01506,negative,Negative,App,Inaccurate tracking,App:negative:Inaccurate tracking
R01507,positive,Positive,Food Quality,,Food Quality:positive:
R01508,mixed,Positive,App,Inaccurate tracking,App:negative:Inaccurate tracking|Delivery:positive:
R01509,positive,Positive,Food Quality,,Food Quality:positive:
R01510,mixed,Neutral,Food Quality,Cold food,Food Quality:negative:Cold food|App:positive:
R01511,positive,Positive,App,,App:positive:
R01512,positive,Positive,Delivery,,Delivery:positive:|Food Quality:positive:
R01513,neutral,Neutral,Other,,
R01514,mixed,Neutral,Packaging,Poor packaging,Packaging:negative:Poor packaging|Delivery:positive:
R01515,positive,Positive,Pricing,,Pricing:positive:|Food Quality:positive:
R01516,mixed,Negative,Food Quality,Cold food,Food Quality:negative:Cold food|Delivery:positive:
R01517,positive,Positive,Food Quality,,Food Quality:positive:
R01518,positive,Positive,Pricing,,Pricing:positive:|Delivery:positive:
R01519,negative,Negative,Food Quality,Undercooked or stale food,Food Quality:negative:Undercooked or stale food
R01520,positive,Positive,Food Quality,,Food Quality:positive:
R01521,negative,Negative,Pricing,Too expensive,Pricing:negative:Too expensive|App:negative:Payment failure
R01522,neutral,Neutral,Other,,
R01523,negative,Negative,Packaging,Spilled or leaking,Packaging:negative:Spilled or leaking
R01524,neutral,Neutral,Other,,
R01525,mixed,Neutral,Order Accuracy,Missing items,Order Accuracy:negative:Missing items|Food Quality:positive:
R01526,mixed,Positive,Pricing,Promo not applied,Pricing:negative:Promo not applied|Delivery:positive:
R01527,negative,Negative,Delivery,Late delivery,Delivery:negative:Late delivery|App:negative:Payment failure
R01528,positive,Positive,Packaging,,Packaging:positive:
R01529,mixed,Neutral,App,App crashes or bugs,App:negative:App crashes or bugs|Pricing:positive:
R01530,mixed,Positive,Order Accuracy,Missing items,Order Accuracy:negative:Missing items|Food Quality:positive:
R01531,positive,Positive,Food Quality,,Food Quality:positive:
R01532,neutral,Neutral,Other,,
R01533,positive,Positive,Delivery,,Delivery:positive:
R01534,positive,Positive,App,,App:positive:
R01535,negative,Negative,Delivery,Late delivery,Delivery:negative:Late delivery
R01536,positive,Positive,Food Quality,,Food Quality:positive:
R01537,mixed,Positive,Packaging,Poor packaging,Packaging:negative:Poor packaging|Food Quality:positive:
R01538,negative,Negative,Food Quality,Cold food,Food Quality:negative:Cold food
R01539,positive,Positive,Food Quality,,Food Quality:positive:
R01540,mixed,Positive,App,Inaccurate tracking,App:negative:Inaccurate tracking|Customer Service:positive:
R01541,neutral,Neutral,Other,,
R01542,neutral,Neutral,Other,,
R01543,positive,Positive,App,,App:positive:
R01544,positive,Positive,Pricing,,Pricing:positive:|Food Quality:positive:
R01545,mixed,Negative,Delivery,Order not delivered,Delivery:negative:Order not delivered|App:positive:
R01546,positive,Positive,Customer Service,,Customer Service:positive:
R01547,negative,Negative,Food Quality,Cold food,Food Quality:negative:Cold food
R01548,negative,Negative,Food Quality,Cold food,Food Quality:negative:Cold food
R01549,positive,Positive,App,,App:positive:|Food Quality:positive:
R01550,positive,Positive,Delivery,,Delivery:positive:
R01551,negative,Negative,Order Accuracy,Wrong items,Order Accuracy:negative:Wrong items
R01552,positive,Positive,Food Quality,,Food Quality:positive:|Delivery:positive:
R01553,negative,Negative,Pricing,Hidden or high fees,Pricing:negative:Hidden or high fees
R01554,neutral,Neutral,Other,,
R01555,positive,Positive,Pricing,,Pricing:positive:
R01556,neutral,Neutral,Other,,
R01557,negative,Negative,Delivery,Late delivery,Delivery:negative:Late delivery
R01558,positive,Positive,App,,App:positive:
R01559,positive,Positive,Delivery,,Delivery:positive:
R01560,negative,Negative,App,App crashes or bugs,App:negative:App crashes or bugs|Food Quality:negative:Poor taste
R01561,positive,Positive,Delivery,,Delivery:positive:|Packaging:positive:
R01562,positive,Positive,Food Quality,,Food Quality:positive:
R01563,negative,Negative,Delivery,Late delivery,Delivery:negative:Late delivery|Order Accuracy:negative:Missing items
R01564,positive,Positive,Food Quality,,Food Quality:positive:
R01565,mixed,Neutral,Delivery,Late delivery,Delivery:negative:Late delivery|Food Quality:positive:
R01566,positive,Positive,Food Quality,,Food Quality:positive:
R01567,positive,Positive,Delivery,,Delivery:positive:
R01568,neutral,Neutral,Other,,
R01569,positive,Positive,Pricing,,Pricing:positive:
R01570,negative,Negative,Packaging,Poor packaging,Packaging:negative:Poor packaging
R01571,positive,Positive,Delivery,,Delivery:positive:|Pricing:positive:
R01572,mixed,Positive,Pricing,Hidden or high fees,Pricing:negative:Hidden or high fees|Food Quality:positive:
R01573,positive,Positive,Customer Service,,Customer Service:positive:|Pricing:positive:
R01574,positive,Positive,Delivery,,Delivery:positive:
R01575,neutral,Neutral,Other,,
R01576,neutral,Neutral,Other,,
R01577,positive,Positive,Food Quality,,Food Quality:positive:
R01578,mixed,Neutral,Pricing,Too expensive,Pricing:negative:Too expensive|Food Quality:positive:
R01579,negative,Negative,Pricing,Too expensive,Pricing:negative:Too expensive
R01580,positive,Positive,Food Quality,,Food Quality:positive:|Delivery:positive:
R01581,mixed,Negative,Customer Service,Unresponsive support,Customer Service:negative:Unresponsive support|Delivery:positive:
R01582,mixed,Neutral,Order Accuracy,Wrong items,Order Accuracy:negative:Wrong items|Customer Service:positive:
R01583,positive,Positive,App,,App:positive:
R01584,positive,Positive,Packaging,,Packaging:positive:
R01585,positive,Positive,Delivery,,Delivery:positive:
R01586,positive,Positive,App,,App:positive:
R01587,positive,Positive,Customer Service,,Customer Service:positive:
R01588,positive,Positive,Food Quality,,Food Quality:positive:
R01589,negative,Negative,Customer Service,Refund problems,Customer Service:negative:Refund problems
R01590,negative,Negative,Delivery,Late delivery,Delivery:negative:Late delivery
R01591,negative,Negative,Order Accuracy,Missing items,Order Accuracy:negative:Missing items
R01592,negative,Negative,Packaging,Poor packaging,Packaging:negative:Poor packaging
R01593,negative,Negative,Customer Service,Refund problems,Customer Service:negative:Refund problems
R01594,positive,Positive,Food Quality,,Food Quality:positive:
R01595,positive,Positive,Packaging,,Packaging:positive:
R01596,mixed,Neutral,Order Accuracy,Wrong items,Order Accuracy:negative:Wrong items|Delivery:positive:
R01597,mixed,Neutral,Food Quality,Cold food,Food Quality:negative:Cold food|Food Quality:positive:
R01598,positive,Positive,Food Quality,,Food Quality:positive:
R01599,negative,Negative,Delivery,Courier behaviour,Delivery:negative:Courier behaviour
R01600,negative,Negative,Delivery,Courier behaviour,Delivery:negative:Courier behaviour
R01601,positive,Positive,Food Quality,,Food Quality:positive:
R01602,neutral,Neutral,Other,,
R01603,positive,Positive,Delivery,,Delivery:positive:|App:positive:
R01604,positive,Positive,App,,App:positive:|Food Quality:positive:
R01605,positive,Positive,Pricing,,Pricing:positive:
R01606,negative,Negative,Food Quality,Cold food,Food Quality:negative:Cold food|Delivery:negative:Late delivery
R01607,negative,Negative,Customer Service,Unresponsive support,Customer Service:negative:Unresponsive support
R01608,positive,Positive,Food Quality,,Food Quality:positive:
R01609,positive,Positive,App,,App:positive:
R01610,neutral,Neutral,Other,,
R01611,mixed,Neutral,App,Inaccurate tracking,App:negative:Inaccurate tracking|Delivery:positive:
R01612,mixed,Neutral,Food Quality,Cold food,Food Quality:negative:Cold food|Food Quality:positive:
R01613,negative,Negative,Pricing,Too expensive,Pricing:negative:Too expensive|Order Accuracy:negative:Missing items
R01614,negative,Negative,Order Accuracy,Wrong items,Order Accuracy:negative:Wrong items
R01615,mixed,Neutral,Food Quality,Cold food,Food Quality:negative:Cold food|Packaging:positive:
R01616,neutral,Neutral,Other,,
R01617,positive,Positive,Food Quality,,Food Quality:positive:
R01618,negative,Negative,App,App crashes or bugs,App:negative:App crashes or bugs
R01619,neutral,Neutral,Other,,
R01620,positive,Positive,Delivery,,Delivery:positive:
R01621,negative,Negative,Delivery,Late delivery,Delivery:negative:Late delivery|Food Quality:negative:Poor taste
R01622,negative,Negative,Order Accuracy,Missing items,Order Accuracy:negative:Missing items|Delivery:negative:Late delivery
R01623,neutral,Neutral,Other,,
R01624,positive,Positive,Delivery,,Delivery:positive:
R01625,positive,Positive,Food Quality,,Food Quality:positive:
R01626,positive,Positive,Food Quality,,Food Quality:positive:
R01627,negative,Negative,Packaging,Poor packaging,Packaging:negative:Poor packaging|Food Quality:negative:Cold food
R01628,negative,Negative,Customer Service,Unresponsive support,Customer Service:negative:Unresponsive support
R01629,negative,Negative,App,App crashes or bugs,App:negative:App crashes or bugs
R01630,neutral,Neutral,Other,,
R01631,positive,Positive,App,,App:positive:
R01632,neutral,Neutral,Other,,
R01633,neutral,Neutral,Other,,
R01634,neutral,Neutral,Other,,
R01635,negative,Negative,Order Accuracy,Missing items,Order Accuracy:negative:Missing items
R01636,neutral,Neutral,Other,,
R01637,negative,Negative,Pricing,Too expensive,Pricing:negative:Too expensive
R01638,neutral,Neutral,Other,,
R01639,positive,Positive,Food Quality,,Food Quality:positive:
R01640,positive,Positive,Food Quality,,Food Quality:positive:|Delivery:positive:
R01641,positive,Positive,Packaging,,Packaging:positive:|Pricing:positive:
R01642,positive,Positive,Delivery,,Delivery:positive:|Food Quality:positive:
R01643,positive,Positive,Delivery,,Delivery:positive:|App:positive:
R01644,negative,Negative,Order Accuracy,Missing items,Order Accuracy:negative:Missing items
R01645,neutral,Neutral,Other,,
R01646,negative,Negative,Delivery,Courier behaviour,Delivery:negative:Courier behaviour
R01647,mixed,Neutral,Order Accuracy,Missing items,Order Accuracy:negative:Missing items|Pricing:positive:
R01648,negative,Negative,Packaging,Spilled or leaking,Packaging:negative:Spilled or leaking
R01649,positive,Positive,Food Quality,,Food Quality:positive:
R01650,negative,Negative,Order Accuracy,Wrong items,Order Accuracy:negative:Wrong items|Order Accuracy:negative:Missing items
R01651,negative,Negative,Pricing,Too expensive,Pricing:negative:Too expensive
R01652,neutral,Neutral,Other,,
R01653,neutral,Neutral,Other,,
R01654,negative,Negative,Delivery,Courier behaviour,Delivery:negative:Courier behaviour|Order Accuracy:negative:Missing items
R01655,mixed,Neutral,Order Accuracy,Missing items,Order Accuracy:negative:Missing items|Customer Service:positive:
R01656,positive,Positive,Customer Service,,Customer Service:positive:
R01657,neutral,Neutral,Other,,
R01658,positive,Positive,App,,App:positive:
R01659,negative,Negative,Food Quality,Cold food,Food Quality:negative:Cold food
R01660,positive,Positive,Food Quality,,Food Quality:positive:
R01661,positive,Positive,Customer Service,,Customer Service:positive:
R01662,positive,Positive,Packaging,,Packaging:positive:
R01663,mixed,Positive,Food Quality,Undercooked or stale food,Food Quality:negative:Undercooked or stale food|Delivery:positive:
R01664,negative,Negative,Order Accuracy,Missing items,Order Accuracy:negative:Missing items
R01665,neutral,Neutral,Other,,
R01666,neutral,Neutral,Other,,
R01667,positive,Positive,Delivery,,Delivery:positive:|Food Quality:positive:
R01668,mixed,Neutral,Food Quality,Poor taste,Food Quality:negative:Poor taste|Food Quality:positive:
R01669,mixed,Neutral,Customer Service,Refund problems,Customer Service:negative:Refund problems|Delivery:positive:
R01670,negative,Negative,Packaging,Poor packaging,Packaging:negative:Poor packaging|Order Accuracy:negative:Missing items
R01671,positive,Positive,App,,App:positive:|Food Quality:positive:
R01672,neutral,Neutral,Other,,
R01673,positive,Positive,App,,App:positive:
R01674,positive,Positive,App,,App:positive:
R01675,negative,Negative,Order Accuracy,Missing items,Order Accuracy:negative:Missing items
R01676,positive,Positive,Food Quality,,Food Quality:positive:
R01677,negative,Negative,Order Accuracy,Missing items,Order Accuracy:negative:Missing items
R01678,positive,Positive,Customer Service,,Customer Service:positive:
R01679,mixed,Positive,Pricing,Hidden or high fees,Pricing:negative:Hidden or high fees|Pricing:positive:
R01680,mixed,Positive,Pricing,Too expensive,Pricing:negative:Too expensive|Food Quality:positive:
R01681,mixed,Neutral,Customer Service,Unresponsive support,Customer Service:negative:Unresponsive support|Delivery:positive:
R01682,negative,Negative,Food Quality,Cold food,Food Quality:negative:Cold food
R01683,positive,Positive,Delivery,,Delivery:positive:
R01684,positive,Positive,Delivery,,Delivery:positive:
R01685,positive,Positive,Delivery,,Delivery:positive:
R01686,negative,Negative,Pricing,Too expensive,Pricing:negative:Too expensive
R01687,positive,Positive,Food Quality,,Food Quality:positive:
R01688,positive,Positive,Delivery,,Delivery:positive:
R01689,positive,Positive,Delivery,,Delivery:positive:
R01690,positive,Positive,Food Quality,,Food Quality:positive:
R01691,mixed,Positive,Pricing,Too expensive,Pricing:negative:Too expensive|Packaging:positive:
R01692,positive,Positive,App,,App:positive:
R01693,positive,Positive,Delivery,,Delivery:positive:|Food Quality:positive:
R01694,positive,Positive,App,,App:positive:
R01695,neutral,Neutral,Other,,
R01696,positive,Positive,Pricing,,Pricing:positive:|App:positive:
R01697,positive,Positive,Customer Service,,Customer Service:positive:|Food Quality:positive:
R01698,positive,Positive,Food Quality,,Food Quality:positive:
R01699,neutral,Neutral,Other,,
R01700,positive,Positive,Food Quality,,Food Quality:positive:
R01701,positive,Positive,Food Quality,,Food Quality:positive:
R01702,positive,Positive,Packaging,,Packaging:positive:|Delivery:positive:
R01703,positive,Positive,Food Quality,,Food Quality:positive:
R01704,negative,Negative,Packaging,Poor packaging,Packaging:negative:Poor packaging|Delivery:negative:Courier behaviour
R01705,positive,Positive,Food Quality,,Food Quality:positive:|Delivery:positive:
R01706,positive,Positive,Food Quality,,Food Quality:positive:
R01707,negative,Negative,Delivery,Late delivery,Delivery:negative:Late delivery
R01708,positive,Positive,Pricing,,Pricing:positive:
R01709,positive,Positive,Food Quality,,Food Quality:positive:
R01710,positive,Positive,Food Quality,,Food Quality:positive:
R01711,mixed,Neutral,Order Accuracy,Missing items,Order Accuracy:negative:Missing items|App:positive:
R01712,positive,Positive,Food Quality,,Food Quality:positive:
R01713,neutral,Neutral,Other,,
R01714,negative,Negative,Food Quality,Poor taste,Food Quality:negative:Poor taste
R01715,positive,Positive,Food Quality,,Food Quality:positive:
R01716,neutral,Neutral,Other,,
R01717,positive,Positive,Pricing,,Pricing:positive:
R01718,positive,Positive,Food Quality,,Food Quality:positive:
R01719,positive,Positive,Food Quality,,Food Quality:positive:
R01720,negative,Negative,Pricing,Hidden or high fees,Pricing:negative:Hidden or high fees|App:negative:App crashes or bugs
R01721,positive,Positive,App,,App:positive:
R01722,negative,Negative,App,App crashes or bugs,App:negative:App crashes or bugs
R01723,positive,Positive,Food Quality,,Food Quality:positive:|Pricing:positive:
R01724,neutral,Neutral,Other,,
R01725,negative,Negative,Food Quality,Undercooked or stale food,Food Quality:negative:Undercooked or stale food
R01726,negative,Negative,Order Accuracy,Missing items,Order Accuracy:negative:Missing items|Delivery:negative:Order not delivered
R01727,positive,Positive,Food Quality,,Food Quality:positive:
R01728,positive,Positive,Delivery,,Delivery:positive:|Pricing:positive:
R01729,mixed,Positive,Pricing,Too expensive,Pricing:negative:Too expensive|Delivery:positive:
R01730,mixed,Negative,Customer Service,Unresponsive support,Customer Service:negative:Unresponsive support|Customer Service:positive:
R01731,negative,Negative,App,App crashes or bugs,App:negative:App crashes or bugs|Delivery:negative:Late delivery
R01732,neutral,Neutral,Other,,
R01733,negative,Negative,Food Quality,Undercooked or stale food,Food Quality:negative:Undercooked or stale food
R01734,negative,Negative,Order Accuracy,Wrong items,Order Accuracy:negative:Wrong items
R01735,positive,Positive,Pricing,,Pricing:positive:
R01736,negative,Negative,App,Inaccurate tracking,App:negative:Inaccurate tracking
R01737,mixed,Negative,Food Quality,Cold food,Food Quality:negative:Cold food|Pricing:positive:
R01738,negative,Negative,Customer Service,Refund problems,Customer Service:negative:Refund problems
R01739,positive,Positive,Food Quality,,Food Quality:positive:
R01740,positive,Positive,Pricing,,Pricing:positive:
R01741,neutral,Neutral,Other,,
R01742,neutral,Neutral,Other,,
R01743,negative,Negative,Delivery,Late delivery,Delivery:negative:Late delivery
R01744,positive,Positive,Delivery,,Delivery:positive:
R01745,positive,Positive,Food Quality,,Food Quality:positive:|Delivery:positive:
R01746,positive,Positive,Pricing,,Pricing:positive:
R01747,positive,Positive,Food Quality,,Food Quality:positive:
R01748,negative,Negative,Delivery,Late delivery,Delivery:negative:Late delivery
R01749,positive,Positive,Delivery,,Delivery:positive:
R01750,negative,Negative,Pricing,Promo not applied,Pricing:negative:Promo not applied
R01751,positive,Positive,Delivery,,Delivery:positive:
R01752,mixed,Negative,Delivery,Late delivery,Delivery:negative:Late delivery|Pricing:positive:
R01753,positive,Positive,Delivery,,Delivery:positive:
R01754,neutral,Neutral,Other,,
R01755,positive,Positive,Food Quality,,Food Quality:positive:
R01756,negative,Negative,Delivery,Late delivery,Delivery:negative:Late delivery
R01757,positive,Positive,Food Quality,,Food Quality:positive:
R01758,neutral,Neutral,Other,,
R01759,negative,Negative,Delivery,Late delivery,Delivery:negative:Late delivery
R01760,negative,Negative,Food Quality,Cold food,Food Quality:negative:Cold food
R01761,negative,Negative,Delivery,Late delivery,Delivery:negative:Late delivery
R01762,positive,Positive,Customer Service,,Customer Service:positive:
R01763,positive,Positive,Delivery,,Delivery:positive:
R01764,negative,Negative,Pricing,Too expensive,Pricing:negative:Too expensive
R01765,negative,Negative,Delivery,Late delivery,Delivery:negative:Late delivery
R01766,positive,Positive,Packaging,,Packaging:positive:
R01767,negative,Negative,Delivery,Courier behaviour,Delivery:negative:Courier behaviour
R01768,positive,Positive,Food Quality,,Food Quality:positive:|Pricing:positive:
R01769,positive,Positive,Food Quality,,Food Quality:positive:
R01770,negative,Negative,Customer Service,Unresponsive support,Customer Service:negative:Unresponsive support
R01771,neutral,Neutral,Other,,
R01772,positive,Positive,Food Quality,,Food Quality:positive:|App:positive:
R01773,neutral,Neutral,Other,,
R01774,positive,Positive,Pricing,,Pricing:positive:
R01775,positive,Positive,Food Quality,,Food Quality:positive:|Packaging:positive:
R01776,positive,Positive,Delivery,,Delivery:positive:
R01777,positive,Positive,Pricing,,Pricing:positive:|Food Quality:positive:
R01778,positive,Positive,Food Quality,,Food Quality:positive:
R01779,neutral,Neutral,Other,,
R01780,positive,Positive,Food Quality,,Food Quality:positive:
R01781,positive,Positive,Food Quality,,Food Quality:positive:
R01782,negative,Negative,Customer Service,Refund problems,Customer Service:negative:Refund problems
R01783,positive,Positive,Food Quality,,Food Quality:positive:|App:positive:
R01784,negative,Negative,Packaging,Poor packaging,Packaging:negative:Poor packaging
R01785,neutral,Neutral,Other,,
R01786,neutral,Neutral,Other,,
R01787,positive,Positive,Food Quality,,Food Quality:positive:
R01788,mixed,Positive,Delivery,Late delivery,Delivery:negative:Late delivery|Delivery:positive:
R01789,neutral,Neutral,Other,,
R01790,negative,Negative,Food Quality,Cold food,Food Quality:negative:Cold food
R01791,positive,Positive,App,,App:positive:|Food Quality:positive:
R01792,mixed,Neutral,App,Payment failure,App:negative:Payment failure|Food Quality:positive:
R01793,positive,Positive,Pricing,,Pricing:positive:
R01794,positive,Positive,Food Quality,,Food Quality:positive:|Pricing:positive:
R01795,negative,Negative,Delivery,Order not delivered,Delivery:negative:Order not delivered
R01796,neutral,Neutral,Other,,
R01797,negative,Negative,App,Inaccurate tracking,App:negative:Inaccurate tracking
R01798,mixed,Positive,App,Payment failure,App:negative:Payment failure|Packaging:positive:
R01799,positive,Positive,Delivery,,Delivery:positive:|Food Quality:positive:
R01800,negative,Negative,Order Accuracy,Missing items,Order Accuracy:negative:Missing items
R01801,positive,Positive,Food Quality,,Food Quality:positive:
R01802,negative,Negative,Packaging,Spilled or leaking,Packaging:negative:Spilled or leaking
R01803,positive,Positive,Food Quality,,Food Quality:positive:
R01804,positive,Positive,Packaging,,Packaging:positive:
R01805,positive,Positive,Food Quality,,Food Quality:positive:
R01806,negative,Negative,Delivery,Courier behaviour,Delivery:negative:Courier behaviour
R01807,positive,Positive,Customer Service,,Customer Service:positive:
R01808,positive,Positive,Packaging,,Packaging:positive:
R01809,positive,Positive,Food Quality,,Food Quality:positive:
R01810,negative,Negative,Food Quality,Undercooked or stale food,Food Quality:negative:Undercooked or stale food
R01811,positive,Positive,Delivery,,Delivery:positive:
R01812,neutral,Neutral,Other,,
R01813,negative,Negative,Food Quality,Cold food,Food Quality:negative:Cold food
R01814,positive,Positive,Food Quality,,Food Quality:positive:
R01815,mixed,Positive,Food Quality,Cold food,Food Quality:negative:Cold food|Packaging:positive:
R01816,positive,Positive,Food Quality,,Food Quality:positive:
R01817,positive,Positive,Delivery,,Delivery:positive:
R01818,positive,Positive,App,,App:positive:
R01819,positive,Positive,App,,App:positive:|Food Quality:positive:
R01820,negative,Negative,Delivery,Order not delivered,Delivery:negative:Order not delivered
R01821,positive,Positive,Delivery,,Delivery:positive:
R01822,positive,Positive,Food Quality,,Food Quality:positive:
R01823,negative,Negative,Food Quality,Cold food,Food Quality:negative:Cold food
R01824,positive,Positive,Food Quality,,Food Quality:positive:
R01825,negative,Negative,App,Inaccurate tracking,App:negative:Inaccurate tracking
R01826,positive,Positive,Food Quality,,Food Quality:positive:
R01827,positive,Positive,Pricing,,Pricing:positive:|Food Quality:positive:
R01828,positive,Positive,Delivery,,Delivery:positive:
R01829,positive,Positive,Pricing,,Pricing:positive:
R01830,mixed,Neutral,Order Accuracy,Missing items,Order Accuracy:negative:Missing items|Delivery:positive:
R01831,positive,Positive,Food Quality,,Food Quality:positive:|Packaging:positive:
R01832,neutral,Neutral,Other,,
R01833,negative,Negative,Packaging,Poor packaging,Packaging:negative:Poor packaging
R01834,neutral,Neutral,Other,,
R01835,negative,Negative,Delivery,Late delivery,Delivery:negative:Late delivery
R01836,neutral,Neutral,Other,,
R01837,negative,Negative,Food Quality,Cold food,Food Quality:negative:Cold food|Order Accuracy:negative:Missing items
R01838,positive,Positive,Delivery,,Delivery:positive:
R01839,positive,Positive,Delivery,,Delivery:positive:|Food Quality:positive:
R01840,neutral,Neutral,Other,,
R01841,mixed,Neutral,Customer Service,Unresponsive support,Customer Service:negative:Unresponsive support|Delivery:positive:
R01842,positive,Positive,Food Quality,,Food Quality:positive:
R01843,mixed,Neutral,Delivery,Late delivery,Delivery:negative:Late delivery|App:positive:
R01844,negative,Negative,Food Quality,Poor taste,Food Quality:negative:Poor taste
R01845,mixed,Positive,Pricing,Hidden or high fees,Pricing:negative:Hidden or high fees|Packaging:positive:
R01846,positive,Positive,Delivery,,Delivery:positive:|Packaging:positive:
R01847,positive,Positive,Delivery,,Delivery:positive:
R01848,positive,Positive,Pricing,,Pricing:positive:
R01849,mixed,Neutral,Delivery,Late delivery,Delivery:negative:Late delivery|Food Quality:positive:
R01850,negative,Negative,Delivery,Order not delivered,Delivery:negative:Order not delivered
R01851,positive,Positive,Food Quality,,Food Quality:positive:
R01852,negative,Negative,Food Quality,Cold food,Food Quality:negative:Cold food|Customer Service:negative:Refund problems
R01853,negative,Negative,Delivery,Late delivery,Delivery:negative:Late delivery
R01854,positive,Positive,Pricing,,Pricing:positive:
R01855,positive,Positive,Delivery,,Delivery:positive:
R01856,mixed,Negative,Customer Service,Refund problems,Customer Service:negative:Refund problems|Delivery:positive:
R01857,positive,Positive,Food Quality,,Food Quality:positive:
R01858,negative,Negative,Pricing,Too expensive,Pricing:negative:Too expensive
R01859,positive,Positive,Food Quality,,Food Quality:positive:
R01860,negative,Negative,Delivery,Late delivery,Delivery:negative:Late delivery
R01861,mixed,Neutral,Order Accuracy,Wrong items,Order Accuracy:negative:Wrong items|Delivery:positive:
R01862,positive,Positive,App,,App:positive:|Food Quality:positive:
R01863,positive,Positive,Customer Service,,Customer Service:positive:|Pricing:positive:
R01864,positive,Positive,Food Quality,,Food Quality:positive:|App:positive:
R01865,negative,Negative,Delivery,Courier behaviour,Delivery:negative:Courier behaviour
R01866,positive,Positive,Customer Service,,Customer Service:positive:|Food Quality:positive:
R01867,negative,Negative,Delivery,Late delivery,Delivery:negative:Late delivery|Pricing:negative:Promo not applied
R01868,negative,Negative,App,App crashes or bugs,App:negative:App crashes or bugs
R01869,positive,Positive,Food Quality,,Food Quality:positive:
R01870,neutral,Neutral,Other,,
R01871,positive,Positive,Pricing,,Pricing:positive:|Food Quality:positive:
R01872,neutral,Neutral,Other,,
R01873,negative,Negative,Food Quality,Undercooked or stale food,Food Quality:negative:Undercooked or stale food
R01874,negative,Negative,App,Inaccurate tracking,App:negative:Inaccurate tracking
R01875,negative,Negative,Delivery,Late delivery,Delivery:negative:Late delivery|App:negative:App crashes or bugs
R01876,positive,Positive,Food Quality,,Food Quality:positive:
R01877,positive,Positive,Delivery,,Delivery:positive:|Food Quality:positive:
R01878,mixed,Negative,Customer Service,Unresponsive support,Customer Service:negative:Unresponsive support|Packaging:positive:
R01879,negative,Negative,Pricing,Hidden or high fees,Pricing:negative:Hidden or high fees
R01880,negative,Negative,Food Quality,Undercooked or stale food,Food Quality:negative:Undercooked or stale food
R01881,positive,Positive,Food Quality,,Food Quality:positive:
R01882,positive,Positive,App,,App:positive:
R01883,positive,Positive,Food Quality,,Food Quality:positive:|Packaging:positive:
R01884,negative,Negative,Customer Service,Refund problems,Customer Service:negative:Refund problems
R01885,positive,Positive,Delivery,,Delivery:positive:|Packaging:positive:
R01886,positive,Positive,Pricing,,Pricing:positive:
R01887,negative,Negative,Food Quality,Cold food,Food Quality:negative:Cold food
R01888,negative,Negative,Delivery,Late delivery,Delivery:negative:Late delivery
R01889,positive,Positive,Food Quality,,Food Quality:positive:
R01890,negative,Negative,Delivery,Late delivery,Delivery:negative:Late delivery
R01891,negative,Negative,Packaging,Spilled or leaking,Packaging:negative:Spilled or leaking
R01892,mixed,Neutral,Delivery,Courier behaviour,Delivery:negative:Courier behaviour|Pricing:positive:
R01893,positive,Positive,Pricing,,Pricing:positive:
R01894,mixed,Positive,Delivery,Late delivery,Delivery:negative:Late delivery|Food Quality:positive:
R01895,positive,Positive,Delivery,,Delivery:positive:|Food Quality:positive:
R01896,negative,Negative,Food Quality,Cold food,Food Quality:negative:Cold food
R01897,positive,Positive,Food Quality,,Food Quality:positive:
R01898,positive,Positive,Delivery,,Delivery:positive:
R01899,positive,Positive,App,,App:positive:
R01900,positive,Positive,Food Quality,,Food Quality:positive:|App:positive:
R01901,neutral,Neutral,Other,,
R01902,positive,Positive,Pricing,,Pricing:positive:|Food Quality:positive:
R01903,negative,Negative,Food Quality,Poor taste,Food Quality:negative:Poor taste
R01904,negative,Negative,Order Accuracy,Wrong items,Order Accuracy:negative:Wrong items
R01905,positive,Positive,Food Quality,,Food Quality:positive:
R01906,mixed,Positive,Packaging,Poor packaging,Packaging:negative:Poor packaging|Delivery:positive:
R01907,neutral,Neutral,Other,,
R01908,negative,Negative,Food Quality,Poor taste,Food Quality:negative:Poor taste|Packaging:negative:Poor packaging
R01909,negative,Negative,Order Accuracy,Wrong items,Order Accuracy:negative:Wrong items
R01910,positive,Positive,Food Quality,,Food Quality:positive:
R01911,positive,Positive,Delivery,,Delivery:positive:|Packaging:positive:
R01912,positive,Positive,Delivery,,Delivery:positive:
R01913,negative,Negative,Delivery,Late delivery,Delivery:negative:Late delivery|Customer Service:negative:Unresponsive support
R01914,negative,Negative,Food Quality,Cold food,Food Quality:negative:Cold food
R01915,positive,Positive,Packaging,,Packaging:positive:
R01916,mixed,Neutral,Packaging,Poor packaging,Packaging:negative:Poor packaging|Food Quality:positive:
R01917,neutral,Neutral,Other,,
R01918,mixed,Neutral,Food Quality,Poor taste,Food Quality:negative:Poor taste|Food Quality:positive:
R01919,positive,Positive,Delivery,,Delivery:positive:
R01920,negative,Negative,Delivery,Late delivery,Delivery:negative:Late delivery
R01921,mixed,Negative,Order Accuracy,Missing items,Order Accuracy:negative:Missing items|Food Quality:positive:
R01922,positive,Positive,Food Quality,,Food Quality:positive:
R01923,positive,Positive,Delivery,,Delivery:positive:|Food Quality:positive:
R01924,negative,Negative,Delivery,Late delivery,Delivery:negative:Late delivery
R01925,positive,Positive,Food Quality,,Food Quality:positive:
R01926,mixed,Neutral,Order Accuracy,Missing items,Order Accuracy:negative:Missing items|Food Quality:positive:
R01927,negative,Negative,App,Payment failure,App:negative:Payment failure
R01928,positive,Positive,Packaging,,Packaging:positive:|Food Quality:positive:
R01929,negative,Negative,Order Accuracy,Missing items,Order Accuracy:negative:Missing items
R01930,negative,Negative,Delivery,Order not delivered,Delivery:negative:Order not delivered|Pricing:negative:Too expensive
R01931,mixed,Neutral,Food Quality,Undercooked or stale food,Food Quality:negative:Undercooked or stale food|Delivery:positive:
R01932,positive,Positive,Food Quality,,Food Quality:positive:
R01933,positive,Positive,Pricing,,Pricing:positive:
R01934,positive,Positive,Food Quality,,Food Quality:positive:
R01935,positive,Positive,Food Quality,,Food Quality:positive:
R01936,mixed,Neutral,Delivery,Order not delivered,Delivery:negative:Order not delivered|Food Quality:positive:
R01937,negative,Negative,App,App crashes or bugs,App:negative:App crashes or bugs|Pricing:negative:Too expensive
R01938,positive,Positive,Food Quality,,Food Quality:positive:
R01939,positive,Positive,Customer Service,,Customer Service:positive:
R01940,positive,Positive,Food Quality,,Food Quality:positive:
R01941,positive,Positive,Delivery,,Delivery:positive:|App:positive:
R01942,mixed,Neutral,Food Quality,Cold food,Food Quality:negative:Cold food|Food Quality:positive:
R01943,neutral,Neutral,Other,,
R01944,positive,Positive,Delivery,,Delivery:positive:
R01945,positive,Positive,Food Quality,,Food Quality:positive:
R01946,mixed,Neutral,Packaging,Poor packaging,Packaging:negative:Poor packaging|Delivery:positive:
R01947,positive,Positive,Food Quality,,Food Quality:positive:|Pricing:positive:
R01948,positive,Positive,Delivery,,Delivery:positive:
R01949,neutral,Neutral,Other,,
R01950,positive,Positive,Food Quality,,Food Quality:positive:
R01951,positive,Positive,App,,App:positive:
R01952,positive,Positive,Food Quality,,Food Quality:positive:
R01953,positive,Positive,Food Quality,,Food Quality:positive:
R01954,positive,Positive,App,,App:positive:|Delivery:positive:
R01955,negative,Negative,Food Quality,Undercooked or stale food,Food Quality:negative:Undercooked or stale food
R01956,negative,Negative,Pricing,Hidden or high fees,Pricing:negative:Hidden or high fees|Food Quality:negative:Cold food
R01957,negative,Negative,Delivery,Late delivery,Delivery:negative:Late delivery|Packaging:negative:Spilled or leaking
R01958,positive,Positive,Food Quality,,Food Quality:positive:
R01959,positive,Positive,Delivery,,Delivery:positive:
R01960,neutral,Neutral,Other,,
R01961,positive,Positive,Delivery,,Delivery:positive:
R01962,neutral,Neutral,Other,,
R01963,negative,Negative,Order Accuracy,Missing items,Order Accuracy:negative:Missing items|Pricing:negative:Too expensive
R01964,positive,Positive,Food Quality,,Food Quality:positive:|Delivery:positive:
R01965,positive,Positive,Pricing,,Pricing:positive:
R01966,negative,Negative,Food Quality,Poor taste,Food Quality:negative:Poor taste
R01967,negative,Negative,Order Accuracy,Wrong items,Order Accuracy:negative:Wrong items
R01968,neutral,Neutral,Other,,
R01969,negative,Negative,Delivery,Late delivery,Delivery:negative:Late delivery
R01970,negative,Negative,Delivery,Late delivery,Delivery:negative:Late delivery
R01971,neutral,Neutral,Other,,
R01972,positive,Positive,Customer Service,,Customer Service:positive:
R01973,positive,Positive,Food Quality,,Food Quality:positive:
R01974,mixed,Neutral,Order Accuracy,Wrong items,Order Accuracy:negative:Wrong items|Customer Service:positive:
R01975,negative,Negative,App,App crashes or bugs,App:negative:App crashes or bugs
R01976,positive,Positive,Packaging,,Packaging:positive:
R01977,mixed,Positive,Food Quality,Cold food,Food Quality:negative:Cold food|Packaging:positive:
R01978,positive,Positive,App,,App:positive:|Food Quality:positive:
R01979,negative,Negative,Packaging,Poor packaging,Packaging:negative:Poor packaging
R01980,negative,Negative,Delivery,Late delivery,Delivery:negative:Late delivery|Food Quality:negative:Cold food
R01981,neutral,Neutral,Other,,
R01982,negative,Negative,Food Quality,Poor taste,Food Quality:negative:Poor taste
R01983,positive,Positive,Food Quality,,Food Quality:positive:
R01984,positive,Positive,Pricing,,Pricing:positive:
R01985,positive,Positive,Food Quality,,Food Quality:positive:
R01986,neutral,Neutral,Other,,
R01987,neutral,Neutral,Other,,
R01988,positive,Positive,Food Quality,,Food Quality:positive:
R01989,negative,Negative,Food Quality,Undercooked or stale food,Food Quality:negative:Undercooked or stale food|Order Accuracy:negative:Missing items
R01990,mixed,Negative,Delivery,Late delivery,Delivery:negative:Late delivery|Food Quality:positive:
R01991,negative,Negative,Food Quality,Cold food,Food Quality:negative:Cold food
R01992,positive,Positive,Food Quality,,Food Quality:positive:
R01993,negative,Negative,App,Inaccurate tracking,App:negative:Inaccurate tracking
R01994,negative,Negative,Food Quality,Poor taste,Food Quality:negative:Poor taste
R01995,positive,Positive,Food Quality,,Food Quality:positive:
R01996,positive,Positive,Delivery,,Delivery:positive:|Food Quality:positive:
R01997,negative,Negative,App,Payment failure,App:negative:Payment failure
R01998,neutral,Neutral,Other,,
R01999,positive,Positive,Delivery,,Delivery:positive:
R02000,neutral,Neutral,Other,,
R02001,mixed,Neutral,Food Quality,Poor taste,Food Quality:negative:Poor taste|Food Quality:positive:
R02002,positive,Positive,Food Quality,,Food Quality:positive:
R02003,positive,Positive,Customer Service,,Customer Service:positive:
R02004,positive,Positive,Food Quality,,Food Quality:positive:
R02005,neutral,Neutral,Other,,
R02006,negative,Negative,Pricing,Too expensive,Pricing:negative:Too expensive|App:negative:App crashes or bugs
R02007,neutral,Neutral,Other,,
R02008,mixed,Neutral,Order Accuracy,Wrong items,Order Accuracy:negative:Wrong items|Food Quality:positive:
R02009,positive,Positive,Customer Service,,Customer Service:positive:
R02010,neutral,Neutral,Other,,
R02011,negative,Negative,Customer Service,Unresponsive support,Customer Service:negative:Unresponsive support
R02012,negative,Negative,Pricing,Too expensive,Pricing:negative:Too expensive
R02013,positive,Positive,Customer Service,,Customer Service:positive:
R02014,mixed,Negative,Packaging,Poor packaging,Packaging:negative:Poor packaging|Packaging:positive:
R02015,neutral,Neutral,Other,,
R02016,negative,Negative,Pricing,Promo not applied,Pricing:negative:Promo not applied
R02017,neutral,Neutral,Other,,
R02018,positive,Positive,Packaging,,Packaging:positive:|Food Quality:positive:
R02019,negative,Negative,Delivery,Late delivery,Delivery:negative:Late delivery|Packaging:negative:Spilled or leaking
R02020,positive,Positive,Delivery,,Delivery:positive:|Packaging:positive:
R02021,negative,Negative,Order Accuracy,Wrong items,Order Accuracy:negative:Wrong items
R02022,mixed,Negative,Delivery,Late delivery,Delivery:negative:Late delivery|Food Quality:positive:
R02023,mixed,Positive,Food Quality,Poor taste,Food Quality:negative:Poor taste|Pricing:positive:
R02024,positive,Positive,Customer Service,,Customer Service:positive:
R02025,negative,Negative,Food Quality,Poor taste,Food Quality:negative:Poor taste
R02026,positive,Positive,Food Quality,,Food Quality:positive:
R02027,negative,Negative,Delivery,Order not delivered,Delivery:negative:Order not delivered
R02028,mixed,Neutral,Food Quality,Cold food,Food Quality:negative:Cold food|Food Quality:positive:
R02029,neutral,Neutral,Other,,
R02030,positive,Positive,Food Quality,,Food Quality:positive:
R02031,positive,Positive,Food Quality,,Food Quality:positive:
R02032,mixed,Negative,Food Quality,Cold food,Food Quality:negative:Cold food|Packaging:positive:
R02033,positive,Positive,Delivery,,Delivery:positive:
R02034,positive,Positive,Food Quality,,Food Quality:positive:
R02035,positive,Positive,Delivery,,Delivery:positive:
R02036,negative,Negative,Packaging,Poor packaging,Packaging:negative:Poor packaging
R02037,negative,Negative,Delivery,Late delivery,Delivery:negative:Late delivery
R02038,negative,Negative,Order Accuracy,Missing items,Order Accuracy:negative:Missing items|Delivery:negative:Late delivery
R02039,positive,Positive,Food Quality,,Food Quality:positive:
R02040,negative,Negative,App,Payment failure,App:negative:Payment failure|Food Quality:negative:Poor taste
R02041,positive,Positive,Delivery,,Delivery:positive:
R02042,positive,Positive,Delivery,,Delivery:positive:
R02043,positive,Positive,Packaging,,Packaging:positive:
R02044,positive,Positive,App,,App:positive:|Customer Service:positive:
R02045,positive,Positive,Food Quality,,Food Quality:positive:
R02046,positive,Positive,Delivery,,Delivery:positive:|Food Quality:positive:
R02047,positive,Positive,Food Quality,,Food Quality:positive:
R02048,mixed,Neutral,Food Quality,Cold food,Food Quality:negative:Cold food|Food Quality:positive:
R02049,positive,Positive,Delivery,,Delivery:positive:
R02050,positive,Positive,Food Quality,,Food Quality:positive:
R02051,positive,Positive,Delivery,,Delivery:positive:|Packaging:positive:
R02052,negative,Negative,Delivery,Courier behaviour,Delivery:negative:Courier behaviour|App:negative:App crashes or bugs
R02053,positive,Positive,App,,App:positive:
R02054,neutral,Neutral,Other,,
R02055,positive,Positive,Packaging,,Packaging:positive:
R02056,positive,Positive,Pricing,,Pricing:positive:|Food Quality:positive:
R02057,positive,Positive,Delivery,,Delivery:positive:
R02058,negative,Negative,App,App crashes or bugs,App:negative:App crashes or bugs
R02059,negative,Negative,Order Accuracy,Wrong items,Order Accuracy:negative:Wrong items
R02060,positive,Positive,Delivery,,Delivery:positive:|Food Quality:positive:
R02061,neutral,Neutral,Other,,
R02062,positive,Positive,App,,App:positive:
R02063,negative,Negative,Delivery,Courier behaviour,Delivery:negative:Courier behaviour
R02064,negative,Negative,Pricing,Too expensive,Pricing:negative:Too expensive
R02065,mixed,Neutral,Order Accuracy,Missing items,Order Accuracy:negative:Missing items|Food Quality:positive:
R02066,negative,Negative,Food Quality,Poor taste,Food Quality:negative:Poor taste
R02067,positive,Positive,Packaging,,Packaging:positive:|Pricing:positive:
R02068,negative,Negative,Pricing,Promo not applied,Pricing:negative:Promo not applied
R02069,positive,Positive,Delivery,,Delivery:positive:|Food Quality:positive:
R02070,neutral,Neutral,Other,,
R02071,negative,Negative,App,App crashes or bugs,App:negative:App crashes or bugs
R02072,negative,Negative,Order Accuracy,Missing items,Order Accuracy:negative:Missing items|Pricing:negative:Hidden or high fees
R02073,negative,Negative,Delivery,Late delivery,Delivery:negative:Late delivery|Delivery:negative:Courier behaviour
R02074,positive,Positive,Food Quality,,Food Quality:positive:
R02075,negative,Negative,Food Quality,Poor taste,Food Quality:negative:Poor taste
R02076,negative,Negative,Food Quality,Cold food,Food Quality:negative:Cold food
R02077,neutral,Neutral,Other,,
R02078,positive,Positive,Food Quality,,Food Quality:positive:
R02079,positive,Positive,Delivery,,Delivery:positive:
R02080,negative,Negative,Packaging,Poor packaging,Packaging:negative:Poor packaging
R02081,positive,Positive,Pricing,,Pricing:positive:|Food Quality:positive:
R02082,negative,Negative,Pricing,Too expensive,Pricing:negative:Too expensive|Packaging:negative:Poor packaging
R02083,positive,Positive,App,,App:positive:|Delivery:positive:
R02084,positive,Positive,Food Quality,,Food Quality:positive:
R02085,positive,Positive,Delivery,,Delivery:positive:|App:positive:
R02086,neutral,Neutral,Other,,
R02087,positive,Positive,Customer Service,,Customer Service:positive:
R02088,negative,Negative,Order Accuracy,Missing items,Order Accuracy:negative:Missing items|Pricing:negative:Too expensive
R02089,positive,Positive,Food Quality,,Food Quality:positive:
R02090,negative,Negative,Customer Service,Unresponsive support,Customer Service:negative:Unresponsive support
R02091,negative,Negative,Packaging,Poor packaging,Packaging:negative:Poor packaging|Customer Service:negative:Refund problems
R02092,positive,Positive,Food Quality,,Food Quality:positive:
R02093,mixed,Neutral,Pricing,Promo not applied,Pricing:negative:Promo not applied|Customer Service:positive:
R02094,positive,Positive,Pricing,,Pricing:positive:
R02095,negative,Negative,App,App crashes or bugs,App:negative:App crashes or bugs
R02096,positive,Positive,Food Quality,,Food Quality:positive:|Delivery:positive:
R02097,neutral,Neutral,Other,,
R02098,positive,Positive,Delivery,,Delivery:positive:
R02099,positive,Positive,App,,App:positive:
R02100,negative,Negative,Packaging,Poor packaging,Packaging:negative:Poor packaging
R02101,positive,Positive,App,,App:positive:
R02102,mixed,Neutral,Customer Service,Refund problems,Customer Service:negative:Refund problems|Packaging:positive:
R02103,positive,Positive,Delivery,,Delivery:positive:
R02104,negative,Negative,Delivery,Late delivery,Delivery:negative:Late delivery
R02105,positive,Positive,Pricing,,Pricing:positive:
R02106,neutral,Neutral,Other,,
R02107,positive,Positive,Pricing,,Pricing:positive:|Packaging:positive:
R02108,positive,Positive,Customer Service,,Customer Service:positive:
R02109,positive,Positive,Delivery,,Delivery:positive:
R02110,positive,Positive,Food Quality,,Food Quality:positive:
R02111,negative,Negative,Food Quality,Cold food,Food Quality:negative:Cold food|Delivery:negative:Late delivery
R02112,negative,Negative,Food Quality,Cold food,Food Quality:negative:Cold food
R02113,neutral,Neutral,Other,,
R02114,positive,Positive,Delivery,,Delivery:positive:|Food Quality:positive:
R02115,negative,Negative,Delivery,Courier behaviour,Delivery:negative:Courier behaviour
R02116,positive,Positive,Food Quality,,Food Quality:positive:
R02117,mixed,Neutral,Food Quality,Cold food,Food Quality:negative:Cold food|App:positive:
R02118,negative,Negative,Packaging,Poor packaging,Packaging:negative:Poor packaging
R02119,mixed,Negative,Delivery,Late delivery,Delivery:negative:Late delivery|Food Quality:positive:
R02120,positive,Positive,Food Quality,,Food Quality:positive:
R02121,positive,Positive,Food Quality,,Food Quality:positive:
R02122,positive,Positive,Food Quality,,Food Quality:positive:
R02123,negative,Negative,Packaging,Spilled or leaking,Packaging:negative:Spilled or leaking|App:negative:Inaccurate tracking
R02124,positive,Positive,Delivery,,Delivery:positive:|Packaging:positive:
R02125,positive,Positive,Food Quality,,Food Quality:positive:
R02126,neutral,Neutral,Other,,
R02127,neutral,Neutral,Other,,
R02128,positive,Positive,Delivery,,Delivery:positive:
R02129,negative,Negative,Delivery,Late delivery,Delivery:negative:Late delivery
R02130,negative,Negative,Packaging,Spilled or leaking,Packaging:negative:Spilled or leaking
R02131,neutral,Neutral,Other,,
R02132,positive,Positive,Delivery,,Delivery:positive:|Food Quality:positive:
R02133,positive,Positive,Food Quality,,Food Quality:positive:
R02134,positive,Positive,Food Quality,,Food Quality:positive:
R02135,negative,Negative,Customer Service,Unresponsive support,Customer Service:negative:Unresponsive support
R02136,negative,Negative,Order Accuracy,Wrong items,Order Accuracy:negative:Wrong items|Order Accuracy:negative:Missing items
R02137,positive,Positive,Pricing,,Pricing:positive:|Packaging:positive:
R02138,positive,Positive,Packaging,,Packaging:positive:
R02139,mixed,Neutral,Food Quality,Cold food,Food Quality:negative:Cold food|Food Quality:positive:
R02140,negative,Negative,Order Accuracy,Wrong items,Order Accuracy:negative:Wrong items
R02141,negative,Negative,Food Quality,Cold food,Food Quality:negative:Cold food
R02142,positive,Positive,Packaging,,Packaging:positive:|Food Quality:positive:
R02143,positive,Positive,Food Quality,,Food Quality:positive:
R02144,negative,Negative,Customer Service,Refund problems,Customer Service:negative:Refund problems
R02145,negative,Negative,Order Accuracy,Missing items,Order Accuracy:negative:Missing items|Packaging:negative:Spilled or leaking
R02146,positive,Positive,Food Quality,,Food Quality:positive:
R02147,negative,Negative,Packaging,Poor packaging,Packaging:negative:Poor packaging
R02148,negative,Negative,Food Quality,Poor taste,Food Quality:negative:Poor taste|Customer Service:negative:Refund problems
R02149,positive,Positive,Delivery,,Delivery:positive:
R02150,mixed,Neutral,Order Accuracy,Missing items,Order Accuracy:negative:Missing items|Food Quality:positive:
R02151,positive,Positive,Food Quality,,Food Quality:positive:|Delivery:positive:
R02152,positive,Positive,Pricing,,Pricing:positive:|Food Quality:positive:
R02153,neutral,Neutral,Other,,
R02154,positive,Positive,Delivery,,Delivery:positive:
R02155,positive,Positive,Food Quality,,Food Quality:positive:
R02156,positive,Positive,App,,App:positive:|Food Quality:positive:
R02157,negative,Negative,Food Quality,Poor taste,Food Quality:negative:Poor taste
R02158,positive,Positive,Pricing,,Pricing:positive:
R02159,negative,Negative,Delivery,Late delivery,Delivery:negative:Late delivery
R02160,positive,Positive,App,,App:positive:
R02161,positive,Positive,App,,App:positive:|Food Quality:positive:
R02162,positive,Positive,Customer Service,,Customer Service:positive:
R02163,negative,Negative,Pricing,Too expensive,Pricing:negative:Too expensive
R02164,negative,Negative,Delivery,Late delivery,Delivery:negative:Late delivery
R02165,positive,Positive,Food Quality,,Food Quality:positive:
R02166,negative,Negative,Food Quality,Undercooked or stale food,Food Quality:negative:Undercooked or stale food
R02167,mixed,Negative,Packaging,Spilled or leaking,Packaging:negative:Spilled or leaking|Delivery:positive:
R02168,positive,Positive,Packaging,,Packaging:positive:
R02169,positive,Positive,Food Quality,,Food Quality:positive:|Delivery:positive:
R02170,positive,Positive,Delivery,,Delivery:positive:|Packaging:positive:
R02171,positive,Positive,Pricing,,Pricing:positive:
R02172,mixed,Neutral,Delivery,Late delivery,Delivery:negative:Late delivery|Packaging:positive:
R02173,mixed,Neutral,App,App crashes or bugs,App:negative:App crashes or bugs|Food Quality:positive:
R02174,positive,Positive,Food Quality,,Food Quality:positive:
R02175,positive,Positive,Food Quality,,Food Quality:positive:
R02176,neutral,Neutral,Other,,
R02177,mixed,Neutral,Food Quality,Poor taste,Food Quality:negative:Poor taste|Customer Service:positive:
R02178,positive,Positive,Food Quality,,Food Quality:positive:
R02179,negative,Negative,Delivery,Late delivery,Delivery:negative:Late delivery
R02180,positive,Positive,Food Quality,,Food Quality:positive:
R02181,positive,Positive,Packaging,,Packaging:positive:
R02182,mixed,Positive,Delivery,Late delivery,Delivery:negative:Late delivery|Food Quality:positive:
R02183,negative,Negative,Delivery,Late delivery,Delivery:negative:Late delivery
R02184,mixed,Neutral,Order Accuracy,Missing items,Order Accuracy:negative:Missing items|Food Quality:positive:
R02185,neutral,Neutral,Other,,
R02186,positive,Positive,Food Quality,,Food Quality:positive:
R02187,negative,Negative,App,Inaccurate tracking,App:negative:Inaccurate tracking
R02188,neutral,Neutral,Other,,
R02189,negative,Negative,Delivery,Late delivery,Delivery:negative:Late delivery|Pricing:negative:Hidden or high fees
R02190,negative,Negative,Delivery,Late delivery,Delivery:negative:Late delivery
R02191,neutral,Neutral,Other,,
R02192,mixed,Negative,Delivery,Order not delivered,Delivery:negative:Order not delivered|Food Quality:positive:
R02193,positive,Positive,Food Quality,,Food Quality:positive:
R02194,negative,Negative,Food Quality,Cold food,Food Quality:negative:Cold food|Delivery:negative:Late delivery
R02195,positive,Positive,Food Quality,,Food Quality:positive:
R02196,negative,Negative,Delivery,Courier behaviour,Delivery:negative:Courier behaviour
R02197,negative,Negative,Packaging,Spilled or leaking,Packaging:negative:Spilled or leaking
R02198,mixed,Positive,Food Quality,Cold food,Food Quality:negative:Cold food|App:positive:
R02199,positive,Positive,Food Quality,,Food Quality:positive:
R02200,neutral,Neutral,Other,,
R02201,neutral,Neutral,Other,,
R02202,negative,Negative,App,Payment failure,App:negative:Payment failure
R02203,positive,Positive,Delivery,,Delivery:positive:
R02204,positive,Positive,Delivery,,Delivery:positive:
R02205,positive,Positive,Pricing,,Pricing:positive:
R02206,positive,Positive,Food Quality,,Food Quality:positive:
R02207,positive,Positive,Food Quality,,Food Quality:positive:
R02208,mixed,Negative,Delivery,Late delivery,Delivery:negative:Late delivery|Food Quality:positive:
R02209,positive,Positive,Packaging,,Packaging:positive:
R02210,neutral,Neutral,Other,,
R02211,neutral,Neutral,Other,,
R02212,negative,Negative,Delivery,Late delivery,Delivery:negative:Late delivery|Pricing:negative:Too expensive
R02213,positive,Positive,Delivery,,Delivery:positive:|Pricing:positive:
R02214,negative,Negative,Food Quality,Cold food,Food Quality:negative:Cold food
R02215,positive,Positive,Delivery,,Delivery:positive:|Food Quality:positive:
R02216,positive,Positive,Delivery,,Delivery:positive:
R02217,neutral,Neutral,Other,,
R02218,neutral,Neutral,Other,,
R02219,positive,Positive,Food Quality,,Food Quality:positive:
R02220,negative,Negative,Customer Service,Refund problems,Customer Service:negative:Refund problems
R02221,positive,Positive,Food Quality,,Food Quality:positive:|Packaging:positive:
R02222,positive,Positive,Pricing,,Pricing:positive:
R02223,positive,Positive,Food Quality,,Food Quality:positive:
R02224,neutral,Neutral,Other,,
R02225,positive,Positive,Food Quality,,Food Quality:positive:
R02226,positive,Positive,Food Quality,,Food Quality:positive:|Delivery:positive:
R02227,positive,Positive,Food Quality,,Food Quality:positive:|Packaging:positive:
R02228,negative,Negative,Food Quality,Poor taste,Food Quality:negative:Poor taste|App:negative:App crashes or bugs
R02229,neutral,Neutral,Other,,
R02230,mixed,Positive,Packaging,Poor packaging,Packaging:negative:Poor packaging|Food Quality:positive:
R02231,neutral,Neutral,Other,,
R02232,neutral,Neutral,Other,,
R02233,negative,Negative,Food Quality,Cold food,Food Quality:negative:Cold food|Delivery:negative:Late delivery
R02234,neutral,Neutral,Other,,
R02235,mixed,Neutral,Delivery,Late delivery,Delivery:negative:Late delivery|Delivery:positive:
R02236,positive,Positive,App,,App:positive:
R02237,negative,Negative,Pricing,Hidden or high fees,Pricing:negative:Hidden or high fees
R02238,negative,Negative,Food Quality,Cold food,Food Quality:negative:Cold food
R02239,positive,Positive,Food Quality,,Food Quality:positive:
R02240,positive,Positive,Customer Service,,Customer Service:positive:
R02241,neutral,Neutral,Other,,
R02242,negative,Negative,Food Quality,Cold food,Food Quality:negative:Cold food
R02243,mixed,Positive,Order Accuracy,Missing items,Order Accuracy:negative:Missing items|Food Quality:positive:
R02244,negative,Negative,Customer Service,Unresponsive support,Customer Service:negative:Unresponsive support|App:negative:Payment failure
R02245,positive,Positive,Delivery,,Delivery:positive:|Packaging:positive:
R02246,positive,Positive,App,,App:positive:
R02247,positive,Positive,Food Quality,,Food Quality:positive:
R02248,mixed,Neutral,Delivery,Late delivery,Delivery:negative:Late delivery|Food Quality:positive:
R02249,positive,Positive,Food Quality,,Food Quality:positive:
R02250,positive,Positive,Delivery,,Delivery:positive:
R02251,positive,Positive,Food Quality,,Food Quality:positive:
R02252,negative,Negative,Customer Service,Unresponsive support,Customer Service:negative:Unresponsive support|Order Accuracy:negative:Missing items
R02253,negative,Negative,Packaging,Spilled or leaking,Packaging:negative:Spilled or leaking|Delivery:negative:Late delivery
R02254,neutral,Neutral,Other,,
R02255,positive,Positive,Pricing,,Pricing:positive:
R02256,positive,Positive,Food Quality,,Food Quality:positive:
R02257,positive,Positive,Pricing,,Pricing:positive:
R02258,negative,Negative,Delivery,Late delivery,Delivery:negative:Late delivery|Customer Service:negative:Refund problems
R02259,negative,Negative,Pricing,Promo not applied,Pricing:negative:Promo not applied
R02260,mixed,Positive,App,App crashes or bugs,App:negative:App crashes or bugs|Delivery:positive:
R02261,negative,Negative,Food Quality,Poor taste,Food Quality:negative:Poor taste
R02262,negative,Negative,App,App crashes or bugs,App:negative:App crashes or bugs
R02263,negative,Negative,Customer Service,Unresponsive support,Customer Service:negative:Unresponsive support|Delivery:negative:Courier behaviour
R02264,positive,Positive,Delivery,,Delivery:positive:
R02265,positive,Positive,App,,App:positive:
R02266,mixed,Neutral,Food Quality,Cold food,Food Quality:negative:Cold food|Pricing:positive:
R02267,negative,Negative,Delivery,Late delivery,Delivery:negative:Late delivery|Customer Service:negative:Unresponsive support
R02268,negative,Negative,Packaging,Spilled or leaking,Packaging:negative:Spilled or leaking
R02269,positive,Positive,Delivery,,Delivery:positive:
R02270,negative,Negative,Delivery,Late delivery,Delivery:negative:Late delivery|Packaging:negative:Spilled or leaking
R02271,positive,Positive,Delivery,,Delivery:positive:
R02272,negative,Negative,Food Quality,Undercooked or stale food,Food Quality:negative:Undercooked or stale food
R02273,positive,Positive,App,,App:positive:|Customer Service:positive:
R02274,negative,Negative,Food Quality,Cold food,Food Quality:negative:Cold food
R02275,positive,Positive,App,,App:positive:
R02276,mixed,Neutral,Order Accuracy,Missing items,Order Accuracy:negative:Missing items|Delivery:positive:
R02277,mixed,Neutral,Order Accuracy,Wrong items,Order Accuracy:negative:Wrong items|Delivery:positive:
R02278,mixed,Neutral,Customer Service,Unresponsive support,Customer Service:negative:Unresponsive support|Delivery:positive:
R02279,negative,Negative,Delivery,Late delivery,Delivery:negative:Late delivery
R02280,positive,Positive,Delivery,,Delivery:positive:
R02281,negative,Negative,Order Accuracy,Missing items,Order Accuracy:negative:Missing items
R02282,negative,Negative,Order Accuracy,Missing items,Order Accuracy:negative:Missing items|Customer Service:negative:Unresponsive support
R02283,positive,Positive,Food Quality,,Food Quality:positive:
R02284,mixed,Neutral,Delivery,Late delivery,Delivery:negative:Late delivery|Packaging:positive:
R02285,positive,Positive,Packaging,,Packaging:positive:
R02286,positive,Positive,Food Quality,,Food Quality:positive:
R02287,positive,Positive,Packaging,,Packaging:positive:|Food Quality:positive:
R02288,negative,Negative,Order Accuracy,Wrong items,Order Accuracy:negative:Wrong items
R02289,negative,Negative,Delivery,Late delivery,Delivery:negative:Late delivery
R02290,negative,Negative,Order Accuracy,Missing items,Order Accuracy:negative:Missing items
R02291,positive,Positive,Packaging,,Packaging:positive:
R02292,mixed,Negative,Delivery,Late delivery,Delivery:negative:Late delivery|Food Quality:positive:
R02293,positive,Positive,Delivery,,Delivery:positive:
R02294,positive,Positive,App,,App:positive:
R02295,positive,Positive,Food Quality,,Food Quality:positive:
R02296,negative,Negative,Food Quality,Undercooked or stale food,Food Quality:negative:Undercooked or stale food|App:negative:App crashes or bugs
R02297,positive,Positive,Food Quality,,Food Quality:positive:
R02298,positive,Positive,Food Quality,,Food Quality:positive:|Delivery:positive:
R02299,positive,Positive,Delivery,,Delivery:positive:
R02300,positive,Positive,App,,App:positive:
R02301,negative,Negative,Packaging,Poor packaging,Packaging:negative:Poor packaging
R02302,positive,Positive,Packaging,,Packaging:positive:|Food Quality:positive:
R02303,negative,Negative,Order Accuracy,Missing items,Order Accuracy:negative:Missing items
R02304,neutral,Neutral,Other,,
R02305,neutral,Neutral,Other,,
R02306,negative,Negative,Food Quality,Cold food,Food Quality:negative:Cold food|Food Quality:negative:Poor taste
R02307,positive,Positive,Delivery,,Delivery:positive:
R02308,negative,Negative,Pricing,Hidden or high fees,Pricing:negative:Hidden or high fees|Order Accuracy:negative:Missing items
R02309,positive,Positive,Packaging,,Packaging:positive:|Delivery:positive:
R02310,positive,Positive,Delivery,,Delivery:positive:|Customer Service:positive:
R02311,negative,Negative,Delivery,Late delivery,Delivery:negative:Late delivery
R02312,neutral,Neutral,Other,,
R02313,positive,Positive,Food Quality,,Food Quality:positive:
R02314,negative,Negative,Customer Service,Refund problems,Customer Service:negative:Refund problems
R02315,positive,Positive,Food Quality,,Food Quality:positive:
R02316,negative,Negative,Customer Service,Unresponsive support,Customer Service:negative:Unresponsive support
R02317,negative,Negative,Pricing,Hidden or high fees,Pricing:negative:Hidden or high fees
R02318,positive,Positive,Food Quality,,Food Quality:positive:
R02319,mixed,Neutral,Delivery,Courier behaviour,Delivery:negative:Courier behaviour|Delivery:positive:
R02320,positive,Positive,Food Quality,,Food Quality:positive:
R02321,positive,Positive,Delivery,,Delivery:positive:
R02322,negative,Negative,Order Accuracy,Missing items,Order Accuracy:negative:Missing items
R02323,positive,Positive,Customer Service,,Customer Service:positive:|Food Quality:positive:
R02324,neutral,Neutral,Other,,
R02325,positive,Positive,Packaging,,Packaging:positive:
R02326,negative,Negative,App,Payment failure,App:negative:Payment failure|Food Quality:negative:Cold food
R02327,negative,Negative,Packaging,Poor packaging,Packaging:negative:Poor packaging|Delivery:negative:Late delivery
R02328,positive,Positive,Food Quality,,Food Quality:positive:
R02329,positive,Positive,Delivery,,Delivery:positive:
R02330,neutral,Neutral,Other,,
R02331,positive,Positive,Food Quality,,Food Quality:positive:
R02332,positive,Positive,Food Quality,,Food Quality:positive:
R02333,positive,Positive,Food Quality,,Food Quality:positive:
R02334,negative,Negative,Delivery,Late delivery,Delivery:negative:Late delivery|App:negative:App crashes or bugs
R02335,positive,Positive,Delivery,,Delivery:positive:
R02336,mixed,Positive,Packaging,Spilled or leaking,Packaging:negative:Spilled or leaking|App:positive:
R02337,negative,Negative,Delivery,Late delivery,Delivery:negative:Late delivery
R02338,negative,Negative,App,Payment failure,App:negative:Payment failure
R02339,negative,Negative,Food Quality,Cold food,Food Quality:negative:Cold food
R02340,negative,Negative,Delivery,Late delivery,Delivery:negative:Late delivery|Order Accuracy:negative:Missing items
R02341,negative,Negative,Pricing,Too expensive,Pricing:negative:Too expensive
R02342,negative,Negative,Food Quality,Poor taste,Food Quality:negative:Poor taste
R02343,positive,Positive,Food Quality,,Food Quality:positive:
R02344,negative,Negative,App,App crashes or bugs,App:negative:App crashes or bugs
R02345,positive,Positive,Delivery,,Delivery:positive:|Pricing:positive:
R02346,positive,Positive,Pricing,,Pricing:positive:|Food Quality:positive:
R02347,positive,Positive,Food Quality,,Food Quality:positive:
R02348,positive,Positive,App,,App:positive:|Packaging:positive:
R02349,negative,Negative,Pricing,Hidden or high fees,Pricing:negative:Hidden or high fees|App:negative:App crashes or bugs
R02350,positive,Positive,Delivery,,Delivery:positive:
R02351,neutral,Neutral,Other,,
R02352,positive,Positive,Food Quality,,Food Quality:positive:
R02353,positive,Positive,Food Quality,,Food Quality:positive:
R02354,positive,Positive,Pricing,,Pricing:positive:
R02355,negative,Negative,Delivery,Order not delivered,Delivery:negative:Order not delivered
R02356,positive,Positive,Delivery,,Delivery:positive:
R02357,negative,Negative,Delivery,Late delivery,Delivery:negative:Late delivery|Food Quality:negative:Cold food
R02358,negative,Negative,Order Accuracy,Missing items,Order Accuracy:negative:Missing items
R02359,positive,Positive,Food Quality,,Food Quality:positive:
R02360,positive,Positive,Food Quality,,Food Quality:positive:|Delivery:positive:
R02361,neutral,Neutral,Other,,
R02362,negative,Negative,Customer Service,Unresponsive support,Customer Service:negative:Unresponsive support
R02363,neutral,Neutral,Other,,
R02364,mixed,Positive,Food Quality,Cold food,Food Quality:negative:Cold food|Food Quality:positive:
R02365,positive,Positive,Food Quality,,Food Quality:positive:|Delivery:positive:
R02366,negative,Negative,Pricing,Hidden or high fees,Pricing:negative:Hidden or high fees
R02367,negative,Negative,Delivery,Late delivery,Delivery:negative:Late delivery
R02368,positive,Positive,Delivery,,Delivery:positive:|Pricing:positive:
R02369,mixed,Positive,Food Quality,Cold food,Food Quality:negative:Cold food|Food Quality:positive:
R02370,negative,Negative,Pricing,Hidden or high fees,Pricing:negative:Hidden or high fees
R02371,positive,Positive,Delivery,,Delivery:positive:
R02372,negative,Negative,Order Accuracy,Wrong items,Order Accuracy:negative:Wrong items
R02373,negative,Negative,Packaging,Poor packaging,Packaging:negative:Poor packaging
R02374,positive,Positive,Food Quality,,Food Quality:positive:
R02375,positive,Positive,Delivery,,Delivery:positive:
R02376,neutral,Neutral,Other,,
R02377,negative,Negative,Packaging,Poor packaging,Packaging:negative:Poor packaging
R02378,negative,Negative,Packaging,Poor packaging,Packaging:negative:Poor packaging
R02379,positive,Positive,Delivery,,Delivery:positive:
R02380,mixed,Neutral,Pricing,Hidden or high fees,Pricing:negative:Hidden or high fees|Customer Service:positive:
R02381,positive,Positive,App,,App:positive:
R02382,negative,Negative,Delivery,Late delivery,Delivery:negative:Late delivery
R02383,mixed,Neutral,Customer Service,Unresponsive support,Customer Service:negative:Unresponsive support|Food Quality:positive:
R02384,neutral,Neutral,Other,,
R02385,positive,Positive,Food Quality,,Food Quality:positive:|Delivery:positive:
R02386,positive,Positive,Food Quality,,Food Quality:positive:
R02387,negative,Negative,Delivery,Late delivery,Delivery:negative:Late delivery
R02388,positive,Positive,Delivery,,Delivery:positive:|App:positive:
R02389,positive,Positive,Food Quality,,Food Quality:positive:
R02390,positive,Positive,Pricing,,Pricing:positive:
R02391,positive,Positive,Pricing,,Pricing:positive:
R02392,positive,Positive,Food Quality,,Food Quality:positive:
R02393,negative,Negative,Delivery,Late delivery,Delivery:negative:Late delivery
R02394,negative,Negative,Food Quality,Cold food,Food Quality:negative:Cold food
R02395,mixed,Negative,Pricing,Hidden or high fees,Pricing:negative:Hidden or high fees|Packaging:positive:
R02396,positive,Positive,Food Quality,,Food Quality:positive:
R02397,positive,Positive,Food Quality,,Food Quality:positive:
R02398,neutral,Neutral,Other,,
R02399,neutral,Neutral,Other,,
R02400,mixed,Positive,App,Payment failure,App:negative:Payment failure|Delivery:positive:
R02401,positive,Positive,Food Quality,,Food Quality:positive:
R02402,positive,Positive,Food Quality,,Food Quality:positive:
R02403,positive,Positive,Food Quality,,Food Quality:positive:
R02404,negative,Negative,Packaging,Poor packaging,Packaging:negative:Poor packaging
R02405,positive,Positive,Delivery,,Delivery:positive:
R02406,neutral,Neutral,Other,,
R02407,positive,Positive,App,,App:positive:
R02408,positive,Positive,App,,App:positive:
R02409,negative,Negative,Food Quality,Cold food,Food Quality:negative:Cold food
R02410,positive,Positive,Pricing,,Pricing:positive:|Packaging:positive:
R02411,neutral,Neutral,Other,,
R02412,negative,Negative,Delivery,Late delivery,Delivery:negative:Late delivery|Order Accuracy:negative:Missing items
R02413,positive,Positive,Food Quality,,Food Quality:positive:
R02414,negative,Negative,Delivery,Late delivery,Delivery:negative:Late delivery
R02415,positive,Positive,App,,App:positive:
R02416,negative,Negative,Packaging,Spilled or leaking,Packaging:negative:Spilled or leaking
R02417,positive,Positive,Food Quality,,Food Quality:positive:
R02418,mixed,Neutral,Delivery,Late delivery,Delivery:negative:Late delivery|Customer Service:positive:
R02419,mixed,Positive,Delivery,Late delivery,Delivery:negative:Late delivery|Food Quality:positive:
R02420,neutral,Neutral,Other,,
R02421,positive,Positive,Packaging,,Packaging:positive:|Food Quality:positive:
R02422,negative,Negative,Delivery,Late delivery,Delivery:negative:Late delivery|Food Quality:negative:Undercooked or stale food
R02423,positive,Positive,App,,App:positive:|Delivery:positive:
R02424,positive,Positive,Delivery,,Delivery:positive:
R02425,neutral,Neutral,Other,,
R02426,neutral,Neutral,Other,,
R02427,positive,Positive,Food Quality,,Food Quality:positive:
R02428,neutral,Neutral,Other,,
R02429,negative,Negative,Delivery,Late delivery,Delivery:negative:Late delivery
R02430,negative,Negative,Order Accuracy,Wrong items,Order Accuracy:negative:Wrong items|Food Quality:negative:Poor taste
R02431,positive,Positive,Food Quality,,Food Quality:positive:|Pricing:positive:
R02432,positive,Positive,Packaging,,Packaging:positive:|Delivery:positive:
R02433,positive,Positive,Delivery,,Delivery:positive:
R02434,positive,Positive,Delivery,,Delivery:positive:
R02435,positive,Positive,Food Quality,,Food Quality:positive:
R02436,negative,Negative,Food Quality,Poor taste,Food Quality:negative:Poor taste
R02437,negative,Negative,Delivery,Late delivery,Delivery:negative:Late delivery
R02438,negative,Negative,Packaging,Spilled or leaking,Packaging:negative:Spilled or leaking
R02439,neutral,Neutral,Other,,
R02440,negative,Negative,Order Accuracy,Wrong items,Order Accuracy:negative:Wrong items
R02441,mixed,Neutral,Food Quality,Cold food,Food Quality:negative:Cold food|Food Quality:positive:
R02442,positive,Positive,Delivery,,Delivery:positive:
R02443,negative,Negative,Delivery,Late delivery,Delivery:negative:Late delivery
R02444,positive,Positive,Pricing,,Pricing:positive:
R02445,neutral,Neutral,Other,,
R02446,negative,Negative,Delivery,Late delivery,Delivery:negative:Late delivery
R02447,mixed,Neutral,Delivery,Late delivery,Delivery:negative:Late delivery|Food Quality:positive:
R02448,neutral,Neutral,Other,,
R02449,neutral,Neutral,Other,,
R02450,mixed,Neutral,Delivery,Late delivery,Delivery:negative:Late delivery|Food Quality:positive:
R02451,negative,Negative,Food Quality,Cold food,Food Quality:negative:Cold food
R02452,positive,Positive,Delivery,,Delivery:positive:
R02453,neutral,Neutral,Other,,
R02454,negative,Negative,Order Accuracy,Missing items,Order Accuracy:negative:Missing items
R02455,positive,Positive,Delivery,,Delivery:positive:
R02456,positive,Positive,Food Quality,,Food Quality:positive:
R02457,negative,Negative,App,Inaccurate tracking,App:negative:Inaccurate tracking
R02458,negative,Negative,Food Quality,Cold food,Food Quality:negative:Cold food
R02459,negative,Negative,Pricing,Hidden or high fees,Pricing:negative:Hidden or high fees
R02460,mixed,Positive,Packaging,Spilled or leaking,Packaging:negative:Spilled or leaking|Food Quality:positive:
R02461,negative,Negative,Food Quality,Poor taste,Food Quality:negative:Poor taste
R02462,positive,Positive,Food Quality,,Food Quality:positive:
R02463,positive,Positive,Food Quality,,Food Quality:positive:
R02464,positive,Positive,Food Quality,,Food Quality:positive:
R02465,positive,Positive,Delivery,,Delivery:positive:
R02466,positive,Positive,Food Quality,,Food Quality:positive:|Delivery:positive:
R02467,mixed,Positive,Delivery,Late delivery,Delivery:negative:Late delivery|Food Quality:positive:
R02468,neutral,Neutral,Other,,
R02469,positive,Positive,Food Quality,,Food Quality:positive:
R02470,negative,Negative,Food Quality,Cold food,Food Quality:negative:Cold food
R02471,positive,Positive,Food Quality,,Food Quality:positive:
R02472,positive,Positive,Pricing,,Pricing:positive:
R02473,negative,Negative,Pricing,Promo not applied,Pricing:negative:Promo not applied
R02474,positive,Positive,Customer Service,,Customer Service:positive:|Food Quality:positive:
R02475,positive,Positive,Food Quality,,Food Quality:positive:
R02476,positive,Positive,Food Quality,,Food Quality:positive:
R02477,negative,Negative,Delivery,Courier behaviour,Delivery:negative:Courier behaviour
R02478,negative,Negative,Packaging,Poor packaging,Packaging:negative:Poor packaging|Delivery:negative:Late delivery
R02479,positive,Positive,Pricing,,Pricing:positive:|Delivery:positive:
R02480,positive,Positive,Packaging,,Packaging:positive:
R02481,positive,Positive,Pricing,,Pricing:positive:|Food Quality:positive:
R02482,positive,Positive,Food Quality,,Food Quality:positive:|App:positive:
R02483,positive,Positive,Delivery,,Delivery:positive:
R02484,positive,Positive,Food Quality,,Food Quality:positive:|App:positive:
R02485,negative,Negative,App,Payment failure,App:negative:Payment failure
R02486,positive,Positive,Customer Service,,Customer Service:positive:
R02487,positive,Positive,Food Quality,,Food Quality:positive:
R02488,positive,Positive,Food Quality,,Food Quality:positive:
R02489,negative,Negative,Order Accuracy,Missing items,Order Accuracy:negative:Missing items
R02490,neutral,Neutral,Other,,
R02491,neutral,Neutral,Other,,
R02492,negative,Negative,Delivery,Order not delivered,Delivery:negative:Order not delivered
R02493,negative,Negative,Delivery,Late delivery,Delivery:negative:Late delivery|Packaging:negative:Spilled or leaking
R02494,negative,Negative,Order Accuracy,Missing items,Order Accuracy:negative:Missing items
R02495,negative,Negative,Delivery,Late delivery,Delivery:negative:Late delivery
R02496,negative,Negative,Order Accuracy,Missing items,Order Accuracy:negative:Missing items
R02497,negative,Negative,Pricing,Hidden or high fees,Pricing:negative:Hidden or high fees
R02498,positive,Positive,Food Quality,,Food Quality:positive:
R02499,negative,Negative,Food Quality,Cold food,Food Quality:negative:Cold food
R02500,positive,Positive,Food Quality,,Food Quality:positive:
R02501,positive,Positive,Pricing,,Pricing:positive:
R02502,positive,Positive,Pricing,,Pricing:positive:
R02503,mixed,Positive,Food Quality,Poor taste,Food Quality:negative:Poor taste|Food Quality:positive:
R02504,negative,Negative,Packaging,Spilled or leaking,Packaging:negative:Spilled or leaking|Delivery:negative:Late delivery
R02505,negative,Negative,Delivery,Late delivery,Delivery:negative:Late delivery
R02506,neutral,Neutral,Other,,
R02507,positive,Positive,Packaging,,Packaging:positive:
R02508,positive,Positive,Delivery,,Delivery:positive:
R02509,positive,Positive,Food Quality,,Food Quality:positive:
R02510,negative,Negative,Delivery,Courier behaviour,Delivery:negative:Courier behaviour
R02511,positive,Positive,Food Quality,,Food Quality:positive:|Pricing:positive:
R02512,negative,Negative,Delivery,Late delivery,Delivery:negative:Late delivery
R02513,positive,Positive,Packaging,,Packaging:positive:
R02514,neutral,Neutral,Other,,
R02515,negative,Negative,Delivery,Late delivery,Delivery:negative:Late delivery
R02516,positive,Positive,Food Quality,,Food Quality:positive:
R02517,negative,Negative,Packaging,Poor packaging,Packaging:negative:Poor packaging|Pricing:negative:Too expensive
R02518,positive,Positive,Delivery,,Delivery:positive:|Food Quality:positive:
R02519,negative,Negative,Food Quality,Undercooked or stale food,Food Quality:negative:Undercooked or stale food
R02520,negative,Negative,Customer Service,Unresponsive support,Customer Service:negative:Unresponsive support
R02521,negative,Negative,Food Quality,Cold food,Food Quality:negative:Cold food
R02522,neutral,Neutral,Other,,
R02523,positive,Positive,Delivery,,Delivery:positive:|Packaging:positive:
R02524,mixed,Neutral,Order Accuracy,Missing items,Order Accuracy:negative:Missing items|Food Quality:positive:
R02525,positive,Positive,Packaging,,Packaging:positive:
R02526,positive,Positive,Food Quality,,Food Quality:positive:
R02527,positive,Positive,Food Quality,,Food Quality:positive:
R02528,positive,Positive,Packaging,,Packaging:positive:
R02529,neutral,Neutral,Other,,
R02530,negative,Negative,Food Quality,Undercooked or stale food,Food Quality:negative:Undercooked or stale food
R02531,positive,Positive,Food Quality,,Food Quality:positive:
R02532,positive,Positive,Pricing,,Pricing:positive:
R02533,positive,Positive,Packaging,,Packaging:positive:
R02534,positive,Positive,Food Quality,,Food Quality:positive:
R02535,negative,Negative,Delivery,Late delivery,Delivery:negative:Late delivery
R02536,mixed,Neutral,Delivery,Late delivery,Delivery:negative:Late delivery|Pricing:positive:
R02537,mixed,Negative,Delivery,Late delivery,Delivery:negative:Late delivery|Packaging:positive:
R02538,positive,Positive,App,,App:positive:
R02539,neutral,Neutral,Other,,
R02540,neutral,Neutral,Other,,
R02541,positive,Positive,Food Quality,,Food Quality:positive:
R02542,negative,Negative,Delivery,Late delivery,Delivery:negative:Late delivery|Pricing:negative:Hidden or high fees
R02543,negative,Negative,Order Accuracy,Missing items,Order Accuracy:negative:Missing items
R02544,positive,Positive,Food Quality,,Food Quality:positive:
R02545,negative,Negative,Food Quality,Undercooked or stale food,Food Quality:negative:Undercooked or stale food
R02546,positive,Positive,Food Quality,,Food Quality:positive:|Packaging:positive:
R02547,positive,Positive,Packaging,,Packaging:positive:|Pricing:positive:
R02548,positive,Positive,Food Quality,,Food Quality:positive:
R02549,negative,Negative,Food Quality,Poor taste,Food Quality:negative:Poor taste
R02550,negative,Negative,Delivery,Late delivery,Delivery:negative:Late delivery
R02551,neutral,Neutral,Other,,
R02552,negative,Negative,Packaging,Spilled or leaking,Packaging:negative:Spilled or leaking
R02553,positive,Positive,Food Quality,,Food Quality:positive:
R02554,neutral,Neutral,Other,,
R02555,mixed,Neutral,Food Quality,Cold food,Food Quality:negative:Cold food|App:positive:
R02556,negative,Negative,Customer Service,Unresponsive support,Customer Service:negative:Unresponsive support|Packaging:negative:Spilled or leaking
R02557,neutral,Neutral,Other,,
R02558,negative,Negative,Pricing,Hidden or high fees,Pricing:negative:Hidden or high fees
R02559,positive,Positive,Food Quality,,Food Quality:positive:
R02560,negative,Negative,Delivery,Courier behaviour,Delivery:negative:Courier behaviour
R02561,positive,Positive,Food Quality,,Food Quality:positive:|Pricing:positive:
R02562,negative,Negative,Order Accuracy,Missing items,Order Accuracy:negative:Missing items
R02563,mixed,Neutral,Customer Service,Refund problems,Customer Service:negative:Refund problems|Food Quality:positive:
R02564,positive,Positive,Customer Service,,Customer Service:positive:
R02565,mixed,Neutral,Customer Service,Unresponsive support,Customer Service:negative:Unresponsive support|Food Quality:positive:
R02566,negative,Negative,Order Accuracy,Missing items,Order Accuracy:negative:Missing items
R02567,neutral,Neutral,Other,,
R02568,neutral,Neutral,Other,,
R02569,negative,Negative,Food Quality,Cold food,Food Quality:negative:Cold food|Delivery:negative:Late delivery
R02570,negative,Negative,Order Accuracy,Wrong items,Order Accuracy:negative:Wrong items
R02571,neutral,Neutral,Other,,
R02572,mixed,Neutral,Packaging,Spilled or leaking,Packaging:negative:Spilled or leaking|Food Quality:positive:
R02573,mixed,Neutral,Delivery,Late delivery,Delivery:negative:Late delivery|Customer Service:positive:
R02574,positive,Positive,Food Quality,,Food Quality:positive:|Pricing:positive:
R02575,positive,Positive,Packaging,,Packaging:positive:
R02576,positive,Positive,Pricing,,Pricing:positive:|Food Quality:positive:
R02577,negative,Negative,Order Accuracy,Missing items,Order Accuracy:negative:Missing items|Delivery:negative:Late delivery
R02578,positive,Positive,Delivery,,Delivery:positive:
R02579,positive,Positive,Food Quality,,Food Quality:positive:
R02580,positive,Positive,Packaging,,Packaging:positive:
R02581,positive,Positive,App,,App:positive:
R02582,negative,Negative,Customer Service,Unresponsive support,Customer Service:negative:Unresponsive support
R02583,positive,Positive,Delivery,,Delivery:positive:
R02584,positive,Positive,Food Quality,,Food Quality:positive:|Packaging:positive:
R02585,negative,Negative,App,App crashes or bugs,App:negative:App crashes or bugs
R02586,negative,Negative,App,Inaccurate tracking,App:negative:Inaccurate tracking
R02587,positive,Positive,Packaging,,Packaging:positive:
R02588,positive,Positive,Food Quality,,Food Quality:positive:
R02589,mixed,Neutral,Food Quality,Undercooked or stale food,Food Quality:negative:Undercooked or stale food|Delivery:positive:
R02590,negative,Negative,Pricing,Hidden or high fees,Pricing:negative:Hidden or high fees
R02591,neutral,Neutral,Other,,
R02592,positive,Positive,Pricing,,Pricing:positive:
R02593,negative,Negative,Delivery,Order not delivered,Delivery:negative:Order not delivered
R02594,negative,Negative,Packaging,Spilled or leaking,Packaging:negative:Spilled or leaking
R02595,negative,Negative,App,Payment failure,App:negative:Payment failure
R02596,negative,Negative,Food Quality,Undercooked or stale food,Food Quality:negative:Undercooked or stale food|Delivery:negative:Late delivery
R02597,positive,Positive,Food Quality,,Food Quality:positive:
R02598,negative,Negative,Packaging,Poor packaging,Packaging:negative:Poor packaging
R02599,positive,Positive,Delivery,,Delivery:positive:
R02600,positive,Positive,Food Quality,,Food Quality:positive:|Delivery:positive:
R02601,negative,Negative,Food Quality,Undercooked or stale food,Food Quality:negative:Undercooked or stale food
R02602,negative,Negative,Order Accuracy,Missing items,Order Accuracy:negative:Missing items
R02603,positive,Positive,Food Quality,,Food Quality:positive:
R02604,negative,Negative,Food Quality,Cold food,Food Quality:negative:Cold food
R02605,negative,Negative,Order Accuracy,Missing items,Order Accuracy:negative:Missing items|Delivery:negative:Late delivery
R02606,positive,Positive,Food Quality,,Food Quality:positive:
R02607,negative,Negative,Food Quality,Cold food,Food Quality:negative:Cold food
R02608,negative,Negative,Delivery,Late delivery,Delivery:negative:Late delivery
R02609,positive,Positive,Delivery,,Delivery:positive:
R02610,negative,Negative,Pricing,Promo not applied,Pricing:negative:Promo not applied
R02611,neutral,Neutral,Other,,
R02612,neutral,Neutral,Other,,
R02613,negative,Negative,Delivery,Late delivery,Delivery:negative:Late delivery
R02614,negative,Negative,Delivery,Late delivery,Delivery:negative:Late delivery
R02615,negative,Negative,Order Accuracy,Missing items,Order Accuracy:negative:Missing items|Delivery:negative:Late delivery
R02616,mixed,Neutral,Delivery,Courier behaviour,Delivery:negative:Courier behaviour|Food Quality:positive:
R02617,mixed,Positive,Pricing,Hidden or high fees,Pricing:negative:Hidden or high fees|App:positive:
R02618,neutral,Neutral,Other,,
R02619,positive,Positive,Food Quality,,Food Quality:positive:
R02620,positive,Positive,Food Quality,,Food Quality:positive:
R02621,neutral,Neutral,Other,,
R02622,positive,Positive,Food Quality,,Food Quality:positive:
R02623,negative,Negative,Order Accuracy,Missing items,Order Accuracy:negative:Missing items|Packaging:negative:Poor packaging
R02624,negative,Negative,App,App crashes or bugs,App:negative:App crashes or bugs
R02625,negative,Negative,Delivery,Late delivery,Delivery:negative:Late delivery
R02626,positive,Positive,Food Quality,,Food Quality:positive:|Pricing:positive:
R02627,neutral,Neutral,Other,,
R02628,mixed,Positive,App,Inaccurate tracking,App:negative:Inaccurate tracking|Delivery:positive:
R02629,mixed,Neutral,Delivery,Late delivery,Delivery:negative:Late delivery|Food Quality:positive:
R02630,positive,Positive,Pricing,,Pricing:positive:
R02631,negative,Negative,Delivery,Courier behaviour,Delivery:negative:Courier behaviour
R02632,neutral,Neutral,Other,,
R02633,positive,Positive,Food Quality,,Food Quality:positive:|Delivery:positive:
R02634,negative,Negative,Pricing,Hidden or high fees,Pricing:negative:Hidden or high fees|Delivery:negative:Late delivery
R02635,negative,Negative,Delivery,Late delivery,Delivery:negative:Late delivery
R02636,negative,Negative,Packaging,Poor packaging,Packaging:negative:Poor packaging
R02637,positive,Positive,Pricing,,Pricing:positive:
R02638,mixed,Neutral,Delivery,Late delivery,Delivery:negative:Late delivery|Pricing:positive:
R02639,positive,Positive,Food Quality,,Food Quality:positive:
R02640,mixed,Neutral,Delivery,Late delivery,Delivery:negative:Late delivery|Food Quality:positive:
R02641,positive,Positive,Food Quality,,Food Quality:positive:|Delivery:positive:
R02642,negative,Negative,Pricing,Hidden or high fees,Pricing:negative:Hidden or high fees|Food Quality:negative:Poor taste
R02643,negative,Negative,Pricing,Too expensive,Pricing:negative:Too expensive
R02644,negative,Negative,Order Accuracy,Missing items,Order Accuracy:negative:Missing items
R02645,negative,Negative,Packaging,Spilled or leaking,Packaging:negative:Spilled or leaking|Delivery:negative:Late delivery
R02646,negative,Negative,Pricing,Hidden or high fees,Pricing:negative:Hidden or high fees|Delivery:negative:Late delivery
R02647,neutral,Neutral,Other,,
R02648,positive,Positive,Food Quality,,Food Quality:positive:|Delivery:positive:
R02649,neutral,Neutral,Other,,
R02650,negative,Negative,Delivery,Late delivery,Delivery:negative:Late delivery
R02651,negative,Negative,Packaging,Spilled or leaking,Packaging:negative:Spilled or leaking
R02652,positive,Positive,Delivery,,Delivery:positive:
R02653,mixed,Positive,Packaging,Poor packaging,Packaging:negative:Poor packaging|App:positive:
R02654,positive,Positive,Packaging,,Packaging:positive:
R02655,negative,Negative,Packaging,Spilled or leaking,Packaging:negative:Spilled or leaking
R02656,positive,Positive,Food Quality,,Food Quality:positive:
R02657,neutral,Neutral,Other,,
R02658,mixed,Neutral,Pricing,Promo not applied,Pricing:negative:Promo not applied|Food Quality:positive:
R02659,mixed,Neutral,Order Accuracy,Wrong items,Order Accuracy:negative:Wrong items|Delivery:positive:
R02660,neutral,Neutral,Other,,
R02661,neutral,Neutral,Other,,
R02662,negative,Negative,Food Quality,Poor taste,Food Quality:negative:Poor taste|Food Quality:negative:Undercooked or stale food
R02663,negative,Negative,Pricing,Hidden or high fees,Pricing:negative:Hidden or high fees
R02664,positive,Positive,App,,App:positive:
R02665,negative,Negative,App,App crashes or bugs,App:negative:App crashes or bugs
R02666,mixed,Positive,Food Quality,Poor taste,Food Quality:negative:Poor taste|Food Quality:positive:
R02667,mixed,Neutral,Food Quality,Undercooked or stale food,Food Quality:negative:Undercooked or stale food|Food Quality:positive:
R02668,mixed,Neutral,Delivery,Late delivery,Delivery:negative:Late delivery|Delivery:positive:
R02669,negative,Negative,Delivery,Courier behaviour,Delivery:negative:Courier behaviour
R02670,positive,Positive,App,,App:positive:
R02671,positive,Positive,Delivery,,Delivery:positive:
R02672,negative,Negative,Delivery,Late delivery,Delivery:negative:Late delivery
R02673,negative,Negative,Order Accuracy,Missing items,Order Accuracy:negative:Missing items
R02674,mixed,Positive,Delivery,Late delivery,Delivery:negative:Late delivery|Pricing:positive:
R02675,positive,Positive,Food Quality,,Food Quality:positive:
R02676,positive,Positive,Packaging,,Packaging:positive:|Delivery:positive:
R02677,positive,Positive,Pricing,,Pricing:positive:
R02678,mixed,Neutral,Food Quality,Cold food,Food Quality:negative:Cold food|Food Quality:positive:
R02679,negative,Negative,App,Payment failure,App:negative:Payment failure
R02680,positive,Positive,App,,App:positive:
R02681,negative,Negative,Order Accuracy,Missing items,Order Accuracy:negative:Missing items
R02682,positive,Positive,App,,App:positive:
R02683,mixed,Negative,Customer Service,Unresponsive support,Customer Service:negative:Unresponsive support|Food Quality:positive:
R02684,positive,Positive,Customer Service,,Customer Service:positive:
R02685,neutral,Neutral,Other,,
R02686,negative,Negative,Delivery,Late delivery,Delivery:negative:Late delivery|Order Accuracy:negative:Missing items
R02687,neutral,Neutral,Other,,
R02688,negative,Negative,Pricing,Hidden or high fees,Pricing:negative:Hidden or high fees
R02689,neutral,Neutral,Other,,
R02690,positive,Positive,Food Quality,,Food Quality:positive:
R02691,negative,Negative,Delivery,Late delivery,Delivery:negative:Late delivery
R02692,negative,Negative,Order Accuracy,Missing items,Order Accuracy:negative:Missing items
R02693,positive,Positive,Delivery,,Delivery:positive:
R02694,positive,Positive,Packaging,,Packaging:positive:
R02695,positive,Positive,App,,App:positive:
R02696,negative,Negative,Food Quality,Cold food,Food Quality:negative:Cold food
R02697,neutral,Neutral,Other,,
R02698,positive,Positive,Delivery,,Delivery:positive:
R02699,mixed,Neutral,App,App crashes or bugs,App:negative:App crashes or bugs|Food Quality:positive:
R02700,mixed,Neutral,Delivery,Late delivery,Delivery:negative:Late delivery|Food Quality:positive:
R02701,negative,Negative,App,App crashes or bugs,App:negative:App crashes or bugs
R02702,neutral,Neutral,Other,,
R02703,positive,Positive,Pricing,,Pricing:positive:
R02704,negative,Negative,Customer Service,Refund problems,Customer Service:negative:Refund problems|Delivery:negative:Order not delivered
R02705,neutral,Neutral,Other,,
R02706,mixed,Neutral,Food Quality,Poor taste,Food Quality:negative:Poor taste|Packaging:positive:
R02707,mixed,Neutral,Delivery,Late delivery,Delivery:negative:Late delivery|Food Quality:positive:
R02708,positive,Positive,Food Quality,,Food Quality:positive:
R02709,positive,Positive,Delivery,,Delivery:positive:
R02710,positive,Positive,Food Quality,,Food Quality:positive:
R02711,positive,Positive,Food Quality,,Food Quality:positive:
R02712,positive,Positive,Delivery,,Delivery:positive:
R02713,positive,Positive,Delivery,,Delivery:positive:|Food Quality:positive:
R02714,negative,Negative,Pricing,Hidden or high fees,Pricing:negative:Hidden or high fees
R02715,positive,Positive,Packaging,,Packaging:positive:|Food Quality:positive:
R02716,neutral,Neutral,Other,,
R02717,negative,Negative,Food Quality,Cold food,Food Quality:negative:Cold food
R02718,negative,Negative,Customer Service,Unresponsive support,Customer Service:negative:Unresponsive support
R02719,negative,Negative,Food Quality,Poor taste,Food Quality:negative:Poor taste
R02720,positive,Positive,App,,App:positive:
R02721,neutral,Neutral,Other,,
R02722,positive,Positive,Packaging,,Packaging:positive:
R02723,positive,Positive,Food Quality,,Food Quality:positive:
R02724,positive,Positive,Delivery,,Delivery:positive:
R02725,negative,Negative,Delivery,Late delivery,Delivery:negative:Late delivery
R02726,negative,Negative,Pricing,Too expensive,Pricing:negative:Too expensive
R02727,positive,Positive,Food Quality,,Food Quality:positive:
R02728,negative,Negative,Pricing,Promo not applied,Pricing:negative:Promo not applied
R02729,positive,Positive,Food Quality,,Food Quality:positive:
R02730,mixed,Negative,Delivery,Late delivery,Delivery:negative:Late delivery|Food Quality:positive:
R02731,positive,Positive,Delivery,,Delivery:positive:
R02732,positive,Positive,Food Quality,,Food Quality:positive:
R02733,positive,Positive,Packaging,,Packaging:positive:
R02734,positive,Positive,Food Quality,,Food Quality:positive:|Pricing:positive:
R02735,positive,Positive,Food Quality,,Food Quality:positive:|Delivery:positive:
R02736,positive,Positive,Food Quality,,Food Quality:positive:
R02737,positive,Positive,Food Quality,,Food Quality:positive:
R02738,positive,Positive,App,,App:positive:
R02739,negative,Negative,Delivery,Order not delivered,Delivery:negative:Order not delivered
R02740,positive,Positive,Food Quality,,Food Quality:positive:
R02741,positive,Positive,Delivery,,Delivery:positive:
R02742,positive,Positive,Food Quality,,Food Quality:positive:
R02743,negative,Negative,Food Quality,Undercooked or stale food,Food Quality:negative:Undercooked or stale food
R02744,neutral,Neutral,Other,,
R02745,negative,Negative,Delivery,Late delivery,Delivery:negative:Late delivery
R02746,negative,Negative,Delivery,Courier behaviour,Delivery:negative:Courier behaviour
R02747,negative,Negative,Order Accuracy,Wrong items,Order Accuracy:negative:Wrong items
R02748,mixed,Positive,Pricing,Hidden or high fees,Pricing:negative:Hidden or high fees|Delivery:positive:
R02749,positive,Positive,Delivery,,Delivery:positive:
R02750,negative,Negative,App,App crashes or bugs,App:negative:App crashes or bugs
R02751,neutral,Neutral,Other,,
R02752,positive,Positive,Packaging,,Packaging:positive:|Food Quality:positive:
R02753,positive,Positive,Packaging,,Packaging:positive:
R02754,negative,Negative,App,App crashes or bugs,App:negative:App crashes or bugs|Customer Service:negative:Refund problems
R02755,mixed,Positive,Order Accuracy,Missing items,Order Accuracy:negative:Missing items|Delivery:positive:
R02756,positive,Positive,Food Quality,,Food Quality:positive:
R02757,negative,Negative,Packaging,Spilled or leaking,Packaging:negative:Spilled or leaking
R02758,positive,Positive,Food Quality,,Food Quality:positive:|Pricing:positive:
R02759,neutral,Neutral,Other,,
R02760,neutral,Neutral,Other,,
R02761,neutral,Neutral,Other,,
R02762,positive,Positive,Packaging,,Packaging:positive:|Food Quality:positive:
R02763,negative,Negative,Customer Service,Refund problems,Customer Service:negative:Refund problems
R02764,neutral,Neutral,Other,,
R02765,positive,Positive,Delivery,,Delivery:positive:
R02766,positive,Positive,Food Quality,,Food Quality:positive:
R02767,positive,Positive,Food Quality,,Food Quality:positive:
R02768,positive,Positive,Food Quality,,Food Quality:positive:
R02769,mixed,Neutral,Delivery,Late delivery,Delivery:negative:Late delivery|Food Quality:positive:
R02770,negative,Negative,Packaging,Poor packaging,Packaging:negative:Poor packaging
R02771,positive,Positive,Packaging,,Packaging:positive:|Food Quality:positive:
R02772,negative,Negative,Customer Service,Unresponsive support,Customer Service:negative:Unresponsive support|Customer Service:negative:Refund problems
R02773,negative,Negative,Delivery,Late delivery,Delivery:negative:Late delivery
R02774,neutral,Neutral,Other,,
R02775,negative,Negative,Order Accuracy,Wrong items,Order Accuracy:negative:Wrong items
R02776,positive,Positive,Pricing,,Pricing:positive:
R02777,positive,Positive,App,,App:positive:
R02778,positive,Positive,Packaging,,Packaging:positive:
R02779,negative,Negative,App,Inaccurate tracking,App:negative:Inaccurate tracking
R02780,negative,Negative,App,Payment failure,App:negative:Payment failure|Packaging:negative:Spilled or leaking
R02781,negative,Negative,Packaging,Spilled or leaking,Packaging:negative:Spilled or leaking
R02782,positive,Positive,Packaging,,Packaging:positive:
R02783,neutral,Neutral,Other,,
R02784,negative,Negative,Delivery,Late delivery,Delivery:negative:Late delivery|Food Quality:negative:Poor taste
R02785,negative,Negative,Delivery,Late delivery,Delivery:negative:Late delivery
R02786,negative,Negative,Pricing,Too expensive,Pricing:negative:Too expensive|Packaging:negative:Spilled or leaking
R02787,negative,Negative,Customer Service,Unresponsive support,Customer Service:negative:Unresponsive support
R02788,negative,Negative,App,Inaccurate tracking,App:negative:Inaccurate tracking
R02789,positive,Positive,Customer Service,,Customer Service:positive:
R02790,negative,Negative,App,Inaccurate tracking,App:negative:Inaccurate tracking
R02791,positive,Positive,Food Quality,,Food Quality:positive:
R02792,positive,Positive,Food Quality,,Food Quality:positive:
R02793,neutral,Neutral,Other,,
R02794,mixed,Neutral,Delivery,Late delivery,Delivery:negative:Late delivery|Food Quality:positive:
R02795,negative,Negative,Food Quality,Poor taste,Food Quality:negative:Poor taste
R02796,neutral,Neutral,Other,,
R02797,negative,Negative,Delivery,Late delivery,Delivery:negative:Late delivery|Packaging:negative:Poor packaging
R02798,positive,Positive,Delivery,,Delivery:positive:|Food Quality:positive:
R02799,negative,Negative,Packaging,Spilled or leaking,Packaging:negative:Spilled or leaking
R02800,positive,Positive,Delivery,,Delivery:positive:|Food Quality:positive:
R02801,mixed,Negative,Order Accuracy,Wrong items,Order Accuracy:negative:Wrong items|Food Quality:positive:
R02802,positive,Positive,Delivery,,Delivery:positive:
R02803,mixed,Neutral,Packaging,Spilled or leaking,Packaging:negative:Spilled or leaking|Pricing:positive:
R02804,negative,Negative,App,App crashes or bugs,App:negative:App crashes or bugs
R02805,negative,Negative,Delivery,Late delivery,Delivery:negative:Late delivery|Packaging:negative:Poor packaging
R02806,negative,Negative,Delivery,Late delivery,Delivery:negative:Late delivery|Food Quality:negative:Cold food
R02807,neutral,Neutral,Other,,
R02808,mixed,Negative,Order Accuracy,Missing items,Order Accuracy:negative:Missing items|Packaging:positive:
R02809,positive,Positive,Delivery,,Delivery:positive:
R02810,positive,Positive,Food Quality,,Food Quality:positive:
R02811,neutral,Neutral,Other,,
R02812,positive,Positive,Food Quality,,Food Quality:positive:
R02813,positive,Positive,Food Quality,,Food Quality:positive:
R02814,positive,Positive,Pricing,,Pricing:positive:|Food Quality:positive:
R02815,positive,Positive,Food Quality,,Food Quality:positive:
R02816,positive,Positive,Delivery,,Delivery:positive:|Packaging:positive:
R02817,negative,Negative,Order Accuracy,Missing items,Order Accuracy:negative:Missing items
R02818,mixed,Neutral,App,App crashes or bugs,App:negative:App crashes or bugs|Food Quality:positive:
R02819,mixed,Positive,Food Quality,Cold food,Food Quality:negative:Cold food|Food Quality:positive:
R02820,positive,Positive,Packaging,,Packaging:positive:
R02821,positive,Positive,Food Quality,,Food Quality:positive:|App:positive:
R02822,neutral,Neutral,Other,,
R02823,negative,Negative,Pricing,Too expensive,Pricing:negative:Too expensive
R02824,positive,Positive,App,,App:positive:
R02825,positive,Positive,Food Quality,,Food Quality:positive:
R02826,positive,Positive,Delivery,,Delivery:positive:|Pricing:positive:
R02827,negative,Negative,Packaging,Poor packaging,Packaging:negative:Poor packaging
R02828,positive,Positive,Packaging,,Packaging:positive:
R02829,positive,Positive,Delivery,,Delivery:positive:
R02830,positive,Positive,Food Quality,,Food Quality:positive:
R02831,mixed,Negative,Delivery,Order not delivered,Delivery:negative:Order not delivered|Food Quality:positive:
R02832,positive,Positive,Food Quality,,Food Quality:positive:
R02833,positive,Positive,Food Quality,,Food Quality:positive:
R02834,negative,Negative,Delivery,Late delivery,Delivery:negative:Late delivery
R02835,negative,Negative,Order Accuracy,Missing items,Order Accuracy:negative:Missing items
R02836,negative,Negative,Delivery,Late delivery,Delivery:negative:Late delivery
R02837,negative,Negative,Order Accuracy,Wrong items,Order Accuracy:negative:Wrong items
R02838,negative,Negative,Delivery,Late delivery,Delivery:negative:Late delivery|Order Accuracy:negative:Wrong items
R02839,neutral,Neutral,Other,,
R02840,positive,Positive,Food Quality,,Food Quality:positive:
R02841,positive,Positive,Pricing,,Pricing:positive:
R02842,positive,Positive,Food Quality,,Food Quality:positive:
R02843,negative,Negative,Customer Service,Unresponsive support,Customer Service:negative:Unresponsive support|Order Accuracy:negative:Missing items
R02844,negative,Negative,Packaging,Spilled or leaking,Packaging:negative:Spilled or leaking
R02845,neutral,Neutral,Other,,
R02846,negative,Negative,Packaging,Spilled or leaking,Packaging:negative:Spilled or leaking
R02847,positive,Positive,Delivery,,Delivery:positive:
R02848,negative,Negative,Order Accuracy,Missing items,Order Accuracy:negative:Missing items
R02849,positive,Positive,Food Quality,,Food Quality:positive:|Customer Service:positive:
R02850,neutral,Neutral,Other,,
R02851,negative,Negative,Food Quality,Poor taste,Food Quality:negative:Poor taste|Packaging:negative:Spilled or leaking
R02852,mixed,Neutral,Order Accuracy,Missing items,Order Accuracy:negative:Missing items|Food Quality:positive:
R02853,positive,Positive,Food Quality,,Food Quality:positive:
R02854,positive,Positive,Delivery,,Delivery:positive:
R02855,positive,Positive,Food Quality,,Food Quality:positive:|Delivery:positive:
R02856,positive,Positive,Food Quality,,Food Quality:positive:
R02857,negative,Negative,Delivery,Late delivery,Delivery:negative:Late delivery|Order Accuracy:negative:Missing items
R02858,neutral,Neutral,Other,,
R02859,positive,Positive,Packaging,,Packaging:positive:
R02860,positive,Positive,Food Quality,,Food Quality:positive:
R02861,positive,Positive,Food Quality,,Food Quality:positive:
R02862,positive,Positive,Food Quality,,Food Quality:positive:
R02863,mixed,Positive,Pricing,Too expensive,Pricing:negative:Too expensive|Food Quality:positive:
R02864,negative,Negative,Customer Service,Unresponsive support,Customer Service:negative:Unresponsive support|Pricing:negative:Hidden or high fees
R02865,positive,Positive,App,,App:positive:|Delivery:positive:
R02866,positive,Positive,Packaging,,Packaging:positive:
R02867,negative,Negative,App,Inaccurate tracking,App:negative:Inaccurate tracking
R02868,positive,Positive,Food Quality,,Food Quality:positive:
R02869,positive,Positive,Food Quality,,Food Quality:positive:
R02870,positive,Positive,Food Quality,,Food Quality:positive:
R02871,positive,Positive,Food Quality,,Food Quality:positive:
R02872,mixed,Neutral,Delivery,Late delivery,Delivery:negative:Late delivery|Food Quality:positive:
R02873,positive,Positive,App,,App:positive:
R02874,positive,Positive,Food Quality,,Food Quality:positive:
R02875,negative,Negative,Customer Service,Unresponsive support,Customer Service:negative:Unresponsive support
R02876,negative,Negative,Delivery,Late delivery,Delivery:negative:Late delivery
R02877,negative,Negative,Order Accuracy,Wrong items,Order Accuracy:negative:Wrong items|Pricing:negative:Hidden or high fees
R02878,positive,Positive,Food Quality,,Food Quality:positive:
R02879,positive,Positive,Food Quality,,Food Quality:positive:|Pricing:positive:
R02880,negative,Negative,Delivery,Late delivery,Delivery:negative:Late delivery|Pricing:negative:Hidden or high fees
R02881,positive,Positive,Delivery,,Delivery:positive:
R02882,negative,Negative,Order Accuracy,Missing items,Order Accuracy:negative:Missing items
R02883,negative,Negative,Delivery,Courier behaviour,Delivery:negative:Courier behaviour
R02884,negative,Negative,Packaging,Spilled or leaking,Packaging:negative:Spilled or leaking
R02885,negative,Negative,Order Accuracy,Wrong items,Order Accuracy:negative:Wrong items
R02886,negative,Negative,Pricing,Hidden or high fees,Pricing:negative:Hidden or high fees|Delivery:negative:Late delivery
R02887,positive,Positive,Food Quality,,Food Quality:positive:|Pricing:positive:
R02888,positive,Positive,Food Quality,,Food Quality:positive:|Delivery:positive:
R02889,negative,Negative,Delivery,Late delivery,Delivery:negative:Late delivery|Order Accuracy:negative:Wrong items
R02890,positive,Positive,Food Quality,,Food Quality:positive:|App:positive:
R02891,positive,Positive,Food Quality,,Food Quality:positive:
R02892,positive,Positive,Delivery,,Delivery:positive:
R02893,negative,Negative,Pricing,Too expensive,Pricing:negative:Too expensive|Customer Service:negative:Unresponsive support
R02894,negative,Negative,Food Quality,Cold food,Food Quality:negative:Cold food
R02895,negative,Negative,Order Accuracy,Missing items,Order Accuracy:negative:Missing items|Delivery:negative:Late delivery
R02896,positive,Positive,Food Quality,,Food Quality:positive:
R02897,neutral,Neutral,Other,,
R02898,neutral,Neutral,Other,,
R02899,negative,Negative,Packaging,Poor packaging,Packaging:negative:Poor packaging
R02900,negative,Negative,Delivery,Late delivery,Delivery:negative:Late delivery
R02901,negative,Negative,Order Accuracy,Missing items,Order Accuracy:negative:Missing items
R02902,negative,Negative,Delivery,Late delivery,Delivery:negative:Late delivery|Pricing:negative:Too expensive
R02903,positive,Positive,Customer Service,,Customer Service:positive:|Food Quality:positive:
R02904,positive,Positive,Food Quality,,Food Quality:positive:
R02905,negative,Negative,Customer Service,Unresponsive support,Customer Service:negative:Unresponsive support
R02906,positive,Positive,Customer Service,,Customer Service:positive:
R02907,mixed,Positive,Pricing,Hidden or high fees,Pricing:negative:Hidden or high fees|Food Quality:positive:
R02908,positive,Positive,Food Quality,,Food Quality:positive:
R02909,positive,Positive,Food Quality,,Food Quality:positive:|Delivery:positive:
R02910,mixed,Neutral,Food Quality,Cold food,Food Quality:negative:Cold food|Delivery:positive:
R02911,negative,Negative,Food Quality,Cold food,Food Quality:negative:Cold food
R02912,neutral,Neutral,Other,,
R02913,mixed,Neutral,Order Accuracy,Missing items,Order Accuracy:negative:Missing items|Food Quality:positive:
R02914,positive,Positive,Food Quality,,Food Quality:positive:
R02915,negative,Negative,Delivery,Late delivery,Delivery:negative:Late delivery
R02916,mixed,Positive,Order Accuracy,Missing items,Order Accuracy:negative:Missing items|Food Quality:positive:
R02917,positive,Positive,App,,App:positive:
R02918,neutral,Neutral,Other,,
R02919,positive,Positive,Pricing,,Pricing:positive:
R02920,positive,Positive,Food Quality,,Food Quality:positive:
R02921,positive,Positive,Delivery,,Delivery:positive:
R02922,positive,Positive,Food Quality,,Food Quality:positive:
R02923,negative,Negative,Delivery,Courier behaviour,Delivery:negative:Courier behaviour
R02924,positive,Positive,Customer Service,,Customer Service:positive:
R02925,negative,Negative,Customer Service,Refund problems,Customer Service:negative:Refund problems|Food Quality:negative:Poor taste
R02926,positive,Positive,Food Quality,,Food Quality:positive:
R02927,negative,Negative,App,App crashes or bugs,App:negative:App crashes or bugs|Delivery:negative:Order not delivered
R02928,positive,Positive,Packaging,,Packaging:positive:
R02929,neutral,Neutral,Other,,
R02930,mixed,Negative,Delivery,Courier behaviour,Delivery:negative:Courier behaviour|Food Quality:positive:
R02931,negative,Negative,Pricing,Hidden or high fees,Pricing:negative:Hidden or high fees
R02932,positive,Positive,Delivery,,Delivery:positive:|Customer Service:positive:
R02933,neutral,Neutral,Other,,
R02934,mixed,Neutral,Delivery,Late delivery,Delivery:negative:Late delivery|Food Quality:positive:
R02935,mixed,Neutral,Pricing,Hidden or high fees,Pricing:negative:Hidden or high fees|Food Quality:positive:
R02936,positive,Positive,Food Quality,,Food Quality:positive:
R02937,mixed,Positive,Packaging,Spilled or leaking,Packaging:negative:Spilled or leaking|Delivery:positive:
R02938,negative,Negative,Customer Service,Refund problems,Customer Service:negative:Refund problems
R02939,negative,Negative,Packaging,Spilled or leaking,Packaging:negative:Spilled or leaking|Food Quality:negative:Poor taste
R02940,negative,Negative,Delivery,Late delivery,Delivery:negative:Late delivery
R02941,positive,Positive,Food Quality,,Food Quality:positive:
R02942,positive,Positive,Delivery,,Delivery:positive:
R02943,positive,Positive,Delivery,,Delivery:positive:
R02944,positive,Positive,Customer Service,,Customer Service:positive:
R02945,positive,Positive,Food Quality,,Food Quality:positive:
R02946,positive,Positive,Food Quality,,Food Quality:positive:|Delivery:positive:
R02947,negative,Negative,Delivery,Late delivery,Delivery:negative:Late delivery
R02948,neutral,Neutral,Other,,
R02949,positive,Positive,Delivery,,Delivery:positive:
R02950,positive,Positive,Food Quality,,Food Quality:positive:
R02951,positive,Positive,Food Quality,,Food Quality:positive:
R02952,negative,Negative,Delivery,Late delivery,Delivery:negative:Late delivery
R02953,positive,Positive,Packaging,,Packaging:positive:|Food Quality:positive:
R02954,negative,Negative,Delivery,Late delivery,Delivery:negative:Late delivery|Order Accuracy:negative:Missing items
R02955,neutral,Neutral,Other,,
R02956,positive,Positive,Food Quality,,Food Quality:positive:
R02957,mixed,Positive,Packaging,Poor packaging,Packaging:negative:Poor packaging|Delivery:positive:
R02958,negative,Negative,Food Quality,Cold food,Food Quality:negative:Cold food
R02959,neutral,Neutral,Other,,
R02960,positive,Positive,Delivery,,Delivery:positive:
R02961,negative,Negative,Delivery,Late delivery,Delivery:negative:Late delivery
R02962,positive,Positive,Delivery,,Delivery:positive:
R02963,negative,Negative,Food Quality,Poor taste,Food Quality:negative:Poor taste|App:negative:Payment failure
R02964,positive,Positive,Pricing,,Pricing:positive:
R02965,negative,Negative,Food Quality,Poor taste,Food Quality:negative:Poor taste|Pricing:negative:Promo not applied
R02966,positive,Positive,Food Quality,,Food Quality:positive:|Delivery:positive:
R02967,neutral,Neutral,Other,,
R02968,negative,Negative,App,Inaccurate tracking,App:negative:Inaccurate tracking
R02969,positive,Positive,Delivery,,Delivery:positive:
R02970,positive,Positive,Delivery,,Delivery:positive:|Food Quality:positive:
R02971,positive,Positive,Food Quality,,Food Quality:positive:|Delivery:positive:
R02972,mixed,Neutral,Delivery,Late delivery,Delivery:negative:Late delivery|Food Quality:positive:
R02973,negative,Negative,Order Accuracy,Missing items,Order Accuracy:negative:Missing items
R02974,positive,Positive,App,,App:positive:
R02975,negative,Negative,Delivery,Late delivery,Delivery:negative:Late delivery
R02976,positive,Positive,Food Quality,,Food Quality:positive:
R02977,negative,Negative,Packaging,Spilled or leaking,Packaging:negative:Spilled or leaking
R02978,negative,Negative,Delivery,Late delivery,Delivery:negative:Late delivery
R02979,negative,Negative,Pricing,Hidden or high fees,Pricing:negative:Hidden or high fees
R02980,positive,Positive,Food Quality,,Food Quality:positive:
R02981,positive,Positive,Food Quality,,Food Quality:positive:
R02982,positive,Positive,App,,App:positive:
R02983,negative,Negative,Delivery,Order not delivered,Delivery:negative:Order not delivered
R02984,positive,Positive,Food Quality,,Food Quality:positive:
R02985,negative,Negative,App,App crashes or bugs,App:negative:App crashes or bugs
R02986,negative,Negative,Order Accuracy,Missing items,Order Accuracy:negative:Missing items
R02987,positive,Positive,Packaging,,Packaging:positive:|Food Quality:positive:
R02988,positive,Positive,Delivery,,Delivery:positive:
R02989,positive,Positive,Food Quality,,Food Quality:positive:|Pricing:positive:
R02990,neutral,Neutral,Other,,
R02991,negative,Negative,App,Payment failure,App:negative:Payment failure
R02992,mixed,Neutral,Delivery,Late delivery,Delivery:negative:Late delivery|Pricing:positive:
R02993,negative,Negative,Food Quality,Poor taste,Food Quality:negative:Poor taste
R02994,positive,Positive,Delivery,,Delivery:positive:|Food Quality:positive:
R02995,positive,Positive,Food Quality,,Food Quality:positive:
R02996,positive,Positive,Food Quality,,Food Quality:positive:
R02997,negative,Negative,App,Payment failure,App:negative:Payment failure
R02998,neutral,Neutral,Other,,
R02999,negative,Negative,Delivery,Late delivery,Delivery:negative:Late delivery|Packaging:negative:Poor packaging
R03000,positive,Positive,App,,App:positive:
R03001,neutral,Neutral,Other,,
R03002,positive,Positive,Packaging,,Packaging:positive:|Delivery:positive:
R03003,neutral,Neutral,Other,,
R03004,positive,Positive,App,,App:positive:
R03005,mixed,Positive,Delivery,Late delivery,Delivery:negative:Late delivery|Delivery:positive:
R03006,negative,Negative,Food Quality,Cold food,Food Quality:negative:Cold food|Packaging:negative:Spilled or leaking
R03007,negative,Negative,Customer Service,Refund problems,Customer Service:negative:Refund problems
R03008,positive,Positive,Food Quality,,Food Quality:positive:
R03009,positive,Positive,Food Quality,,Food Quality:positive:
R03010,neutral,Neutral,Other,,
R03011,negative,Negative,Pricing,Promo not applied,Pricing:negative:Promo not applied|Pricing:negative:Too expensive
R03012,neutral,Neutral,Other,,
R03013,negative,Negative,Pricing,Too expensive,Pricing:negative:Too expensive
R03014,positive,Positive,Food Quality,,Food Quality:positive:|App:positive:
R03015,mixed,Neutral,Packaging,Spilled or leaking,Packaging:negative:Spilled or leaking|Pricing:positive:
R03016,negative,Negative,Delivery,Late delivery,Delivery:negative:Late delivery
R03017,positive,Positive,Delivery,,Delivery:positive:
R03018,negative,Negative,App,App crashes or bugs,App:negative:App crashes or bugs
R03019,mixed,Negative,Delivery,Late delivery,Delivery:negative:Late delivery|Food Quality:positive:
R03020,positive,Positive,App,,App:positive:
R03021,positive,Positive,Customer Service,,Customer Service:positive:|Food Quality:positive:
R03022,negative,Negative,Order Accuracy,Missing items,Order Accuracy:negative:Missing items
R03023,positive,Positive,Food Quality,,Food Quality:positive:|Delivery:positive:
R03024,negative,Negative,Order Accuracy,Missing items,Order Accuracy:negative:Missing items|Delivery:negative:Late delivery
R03025,mixed,Negative,Delivery,Order not delivered,Delivery:negative:Order not delivered|Food Quality:positive:
R03026,neutral,Neutral,Other,,
R03027,negative,Negative,Food Quality,Poor taste,Food Quality:negative:Poor taste
R03028,positive,Positive,Food Quality,,Food Quality:positive:
R03029,negative,Negative,Packaging,Poor packaging,Packaging:negative:Poor packaging
R03030,positive,Positive,Pricing,,Pricing:positive:|Delivery:positive:
R03031,mixed,Positive,Pricing,Hidden or high fees,Pricing:negative:Hidden or high fees|Food Quality:positive:
R03032,positive,Positive,Food Quality,,Food Quality:positive:|Delivery:positive:
R03033,positive,Positive,Food Quality,,Food Quality:positive:
R03034,negative,Negative,Customer Service,Refund problems,Customer Service:negative:Refund problems
R03035,negative,Negative,Customer Service,Unresponsive support,Customer Service:negative:Unresponsive support
R03036,mixed,Neutral,App,Inaccurate tracking,App:negative:Inaccurate tracking|Delivery:positive:
R03037,positive,Positive,Delivery,,Delivery:positive:|Customer Service:positive:
R03038,negative,Negative,Order Accuracy,Missing items,Order Accuracy:negative:Missing items|Pricing:negative:Too expensive
R03039,negative,Negative,App,App crashes or bugs,App:negative:App crashes or bugs
R03040,positive,Positive,Food Quality,,Food Quality:positive:
R03041,positive,Positive,Packaging,,Packaging:positive:
R03042,negative,Negative,Food Quality,Cold food,Food Quality:negative:Cold food
R03043,negative,Negative,Food Quality,Poor taste,Food Quality:negative:Poor taste
R03044,positive,Positive,Food Quality,,Food Quality:positive:|Pricing:positive:
R03045,negative,Negative,Delivery,Late delivery,Delivery:negative:Late delivery
R03046,positive,Positive,Packaging,,Packaging:positive:
R03047,positive,Positive,Delivery,,Delivery:positive:
R03048,positive,Positive,Delivery,,Delivery:positive:
R03049,positive,Positive,Delivery,,Delivery:positive:
R03050,neutral,Neutral,Other,,
R03051,positive,Positive,Food Quality,,Food Quality:positive:
R03052,positive,Positive,Food Quality,,Food Quality:positive:
R03053,mixed,Neutral,Food Quality,Undercooked or stale food,Food Quality:negative:Undercooked or stale food|Food Quality:positive:
R03054,positive,Positive,App,,App:positive:
R03055,positive,Positive,App,,App:positive:
R03056,neutral,Neutral,Other,,
R03057,neutral,Neutral,Other,,
R03058,negative,Negative,Order Accuracy,Missing items,Order Accuracy:negative:Missing items
R03059,neutral,Neutral,Other,,
R03060,mixed,Positive,Pricing,Promo not applied,Pricing:negative:Promo not applied|Food Quality:positive:
R03061,positive,Positive,Food Quality,,Food Quality:positive:|Pricing:positive:
R03062,positive,Positive,Pricing,,Pricing:positive:|Food Quality:positive:
R03063,mixed,Neutral,App,App crashes or bugs,App:negative:App crashes or bugs|Food Quality:positive:
R03064,negative,Negative,Delivery,Late delivery,Delivery:negative:Late delivery|Food Quality:negative:Cold food
R03065,negative,Negative,Delivery,Late delivery,Delivery:negative:Late delivery
R03066,positive,Positive,Food Quality,,Food Quality:positive:
R03067,positive,Positive,Delivery,,Delivery:positive:
R03068,negative,Negative,Delivery,Late delivery,Delivery:negative:Late delivery
R03069,negative,Negative,Delivery,Late delivery,Delivery:negative:Late delivery
R03070,negative,Negative,Order Accuracy,Missing items,Order Accuracy:negative:Missing items
R03071,negative,Negative,Delivery,Late delivery,Delivery:negative:Late delivery|Packaging:negative:Spilled or leaking
R03072,mixed,Neutral,Pricing,Too expensive,Pricing:negative:Too expensive|Food Quality:positive:
R03073,positive,Positive,App,,App:positive:
R03074,negative,Negative,Delivery,Late delivery,Delivery:negative:Late delivery|Food Quality:negative:Cold food
R03075,neutral,Neutral,Other,,
R03076,positive,Positive,Customer Service,,Customer Service:positive:
R03077,positive,Positive,Delivery,,Delivery:positive:|Food Quality:positive:
R03078,positive,Positive,Delivery,,Delivery:positive:|App:positive:
R03079,positive,Positive,Delivery,,Delivery:positive:
R03080,positive,Positive,Food Quality,,Food Quality:positive:
R03081,positive,Positive,Delivery,,Delivery:positive:
R03082,positive,Positive,Delivery,,Delivery:positive:
R03083,positive,Positive,Food Quality,,Food Quality:positive:
R03084,neutral,Neutral,Other,,
R03085,negative,Negative,Food Quality,Poor taste,Food Quality:negative:Poor taste
R03086,positive,Positive,Food Quality,,Food Quality:positive:|Customer Service:positive:
R03087,positive,Positive,Food Quality,,Food Quality:positive:
R03088,negative,Negative,Order Accuracy,Wrong items,Order Accuracy:negative:Wrong items
R03089,positive,Positive,App,,App:positive:
R03090,negative,Negative,Customer Service,Refund problems,Customer Service:negative:Refund problems
R03091,positive,Positive,Food Quality,,Food Quality:positive:
R03092,mixed,Neutral,Order Accuracy,Missing items,Order Accuracy:negative:Missing items|Pricing:positive:
R03093,mixed,Positive,Pricing,Too expensive,Pricing:negative:Too expensive|Delivery:positive:
R03094,positive,Positive,Packaging,,Packaging:positive:
R03095,negative,Negative,Delivery,Late delivery,Delivery:negative:Late delivery
R03096,negative,Negative,Delivery,Late delivery,Delivery:negative:Late delivery
R03097,negative,Negative,Pricing,Too expensive,Pricing:negative:Too expensive
R03098,neutral,Neutral,Other,,
R03099,negative,Negative,App,App crashes or bugs,App:negative:App crashes or bugs
R03100,positive,Positive,Food Quality,,Food Quality:positive:
R03101,negative,Negative,Order Accuracy,Wrong items,Order Accuracy:negative:Wrong items
